rnbq1knr/ppp2p1p/8/6p1/6P1/8/PPP1PP1P/RNB1KBNR w KQ - 0 6	0.372311
r1bq1k1r/ppp2p1p/2n2n2/6p1/6P1/2N2N2/PPP1PP1P/R1B1KB1R w KQ - 4 8	0.372543
r1b3kr/ppp2p1p/2nq1n2/6p1/6P1/2N2N2/PPP1PPBP/R1B2RK1 w - - 8 10	0.396330
r4k1r/ppp2p1p/2nqbn2/6p1/6P1/2N1BN2/PPP1PPBP/3R1RK1 w - - 12 12	0.521199
r4k1r/pp3p1p/2np1n2/6N1/6b1/2N1B3/PPP1PPBP/5RK1 w - - 0 14	0.518715
r4r2/pp2kp1p/2np1n2/3B2N1/6b1/2N1B3/PPP1PP1P/3R2K1 w - - 4 16	0.519957
r5r1/pp2kp1p/2np1n2/3B1b2/4N3/2N1B2P/PPP1PP2/3R2K1 w - - 3 18	0.512801
r5r1/pp2kp1p/2np4/3n4/4N3/4B2P/PPP1PP1K/3R4 w - - 0 20	0.508746
3r2r1/pp2kp1p/2n5/3p1R2/4N3/4B2P/PPP1PP1K/8 w - - 0 22	0.509995
3r4/pp3p1p/2n1kNr1/3p4/8/4BR1P/PPP1PP1K/8 w - - 4 24	0.490629
3r4/pp3p2/2n3r1/3k2N1/3p4/4BR1P/PPP1PP1K/8 w - - 2 26	0.525536
3n4/pp6/6r1/3k4/8/4pR1P/PPP1PP1K/8 w - - 0 28	0.512801
8/pp6/4n3/3k4/8/6rP/PPP1PP1K/8 w - - 0 30	0.509683
8/pp6/8/3k4/8/4P1KP/PPn2P2/8 w - - 0 32	0.488758
8/pp6/8/3k4/7P/P2nP1K1/1P3P2/8 w - - 1 34	0.479732
rnbqkbnr/p1pp1ppp/8/1p6/3p3P/8/PPP1PPP1/RNBQKBNR b Qkq - 1 4	0.218604
r1bqk1nr/p1pp1ppp/2n5/1pb5/3p1B1P/5N2/PPP1PPP1/RN1QKB1R b Qkq - 5 6	0.212779
r1bq1rk1/p1pp1ppp/2n2n2/1pb5/3p1B1P/1N3N2/PPP1PPP1/R2QKB1R b Q - 9 8	0.192308
r1bq1rk1/p1pp1ppp/2n2n2/1p6/3p3P/1N3N2/PPPQPPP1/R3KB1R b Q - 0 10	0.187890
r1bq1rk1/p1p2ppp/2n5/1p1p4/3NnQ1P/5N2/PPP1PPP1/R3KB1R b Q - 0 12	0.219835
r2q1rk1/p1p2ppp/4b3/1p1pN3/1n1NnQ1P/8/PPP1PPP1/3RKB1R b - - 4 14	0.224155
2rq1r1k/p1p2ppp/4b3/1B1pN3/1n1NnQ1P/4P3/PPP2PP1/3RK2R b - - 0 16	0.262178
2rqB2k/p4rpp/4b3/2pp4/1n1NnQ1P/4P3/PPP2PP1/3RK2R b - - 1 18	0.038725
2r3Bk/p5pp/4b3/2pp4/1n1Nnr1P/4P3/PPP2PP1/3RK2R b - - 0 20	0.124870
2r4k/p5pp/4B3/3p4/3pnr1P/4P3/PPn1KPP1/3R3R b - - 1 22	0.000276
6Bk/p5pp/8/3p4/3pn2P/3KP3/PPn2rP1/3R3R b - - 0 24	0.000276
rnbqkbnr/ppp2ppp/3p4/8/4p3/7P/PPPP1PP1/R1BQKBNR w KQkq - 0 5	0.377227
r1bqkb1r/ppp2ppp/2np1n2/8/2BPp3/7P/PPP2PP1/R1BQK1NR w KQkq - 1 7	0.370016
r2qkb1r/pppb1ppp/2n2n2/1B1p4/3PpB2/7P/PPP2PP1/R2QK1NR w KQkq - 2 9	0.361134
r2q1rk1/pppb1ppp/2nb1n2/1B1p4/3PpB2/7P/PPP1NPP1/R2Q1RK1 w - - 6 11	0.360702
2rq1rk1/ppp2ppp/2bb1n2/3p4/3PpB2/7P/PPP1NPP1/2RQ1RK1 w - - 2 13	0.359629
2rqr1k1/1pp2ppp/p1bb1n2/3p4/3PpB2/2P4P/PP2NPP1/2RQR1K1 w - - 0 15	0.360487
3rr1k1/1ppq1ppp/p1bb1n2/P2p4/3PpB2/2P4P/1P2NPP1/2RQR1K1 w - - 1 17	0.360487
3rr1k1/1pp2ppp/p1bb1nq1/P2p4/3PpB2/2P4P/1P1QNPP1/2R1R1K1 w - - 5 19	0.361350
3rr1k1/1p3ppp/p2p1nq1/Pb1p4/3Pp3/2P3NP/1P1Q1PP1/2R1R1K1 w - - 0 21	0.359201
3r2k1/1p3ppp/p2prnq1/P2p1N2/3PpQ2/2Pb3P/1P3PP1/2R1R1K1 w - - 4 23	0.373238
2r3k1/1p3pp1/p2prnqp/P2p1N2/1P1PpQ2/2Pb3P/5PP1/3RR1K1 w - - 1 25	0.370931
2r3k1/1p3p2/p2prnqp/P2p4/1P1PpQ2/2Pb3P/5PP1/2R1R1K1 w - - 2 27	0.322306
3rr1k1/1p3p2/p2p1nqp/P2p4/1P1PpQ2/2Pb3P/5PP1/2R1R1K1 w - - 6 29	0.322616
3rr1k1/1p3p2/p2p1n2/P2p2p1/1P1Pp3/2Pb3P/5PP1/3RR1K1 w - - 0 31	0.321690
2r1r3/1p3pk1/p2p1n2/P2p2p1/1P1Pp3/2PbR2P/5PP1/2R3K1 w - - 4 33	0.320622
r4bnr/pp2kppp/n1N1b3/3pN3/8/P7/1PPPPPPP/R1BQKBR1 b Q - 0 8	0.953287
r3kbnr/p4ppp/n1N1b3/3p4/4P3/P7/1PPP1PPP/R1BQKBR1 b Q - 0 10	0.952325
r3kbnr/p4ppp/2N5/1Bnb4/8/P7/1PPP1PPP/R1BQK1R1 b Q - 1 12	0.950683
r3kb1r/5ppp/p1N2n2/1Bnb4/2PP4/P7/1P3PPP/R1BQK1R1 b Q - 0 14	0.949220
r3k2r/5ppp/p1Nb1n2/1B1b4/2PPnB2/P4Q2/1P3PPP/R3K1R1 b Q - 4 16	0.951892
r3kr2/5ppp/2Nb1n2/1p1P4/3PnB2/P4Q2/1P3PPP/2KR2R1 b - - 2 18	0.953604
2r1kr2/5ppp/2N2n2/1p1PQ3/3Pn3/P7/1P3PPP/2KR2R1 b - - 2 20	0.999724
rnbqkbnr/p1p1ppp1/7p/1p1p4/3P4/N7/PPP1PPPP/R1BQKBNR w KQkq - 0 4	0.527081
r1bqkb1r/p1p1ppp1/2n2n1p/1N1p4/3P4/5N2/PPP1PPPP/R1BQKB1R w KQkq - 3 6	0.571969
r1bqk2r/p1p2pp1/2n2n1p/1N1pN3/1b1P1B2/8/PPP1PPPP/R2QKB1R w KQkq - 1 8	0.569382
r1bqk2r/p4pp1/2p2n1p/1N1pB3/1b1P4/2P5/PP2PPPP/R2QKB1R w KQkq - 0 10	0.666184
r2q1k1r/p1N2pp1/2p2n1p/3pBb2/1P1P4/8/PP2PPPP/R2QKB1R w KQ - 1 12	0.682210
q4k1r/p4p2/2p2p1p/3p1b2/1P1P4/8/PP2PPPP/R2QKB1R w KQ - 0 14	0.677073
q3r3/p4pk1/2p2p1p/3p1b2/1P1P4/4P3/PP3PPP/2RQKB1R w K - 1 16	0.680583
q7/p4pk1/2p2p1p/3p4/1P1Pr3/3QP3/PP3PPP/2R1K2R w K - 1 18	0.690136
8/p4pk1/2p2p1p/1q1p4/1P1Pr3/P2QP3/1P3PPP/2R2RK1 w - - 1 20	0.690136
8/p4pk1/2p1rp1p/3p4/1P1P4/P2RP3/1P3PPP/2R3K1 w - - 1 22	0.701236
8/p4p2/2r2pkp/3p4/1P1P4/P3P3/1P3PPP/2R3K1 w - - 0 24	0.700012
8/p4p2/R4p2/3p1k1p/1P1P4/P3P3/1P3PPP/6K1 w - - 0 26	0.713618
8/R4p2/4kp2/1P1p4/3P3p/P3P3/1P3PPP/6K1 w - - 1 28	0.720861
8/RPk2p2/5p2/3p4/3P3p/P3P3/1P3PPP/6K1 w - - 1 30	0.729107
8/1k3p2/5p2/R2p4/1P1P3p/P3P3/5PPP/6K1 w - - 0 32	0.711895
rnbqk1nr/pppp1ppp/4p3/2P5/8/4P3/P1PP1PPP/RNBQKBNR b KQkq - 0 3	0.347383
rnbq1rk1/pppp1ppp/4pn2/2P5/8/2N1PN2/P1PP1PPP/R1BQKB1R b KQ - 4 5	0.344720
r1bq1rk1/ppp2ppp/2n1pn2/2Pp4/8/2NBPN2/P1PP1PPP/R1BQ1RK1 b - - 1 7	0.349496
r2q1rk1/ppp2ppp/2n1bn2/2Ppp3/8/2NBPN2/PBPP1PPP/2RQ1RK1 b - - 3 9	0.285386
r2q1rk1/ppp2ppp/2n1Nn2/2Pp4/8/2NpP3/PBPP1PPP/2RQ1RK1 b - - 0 11	0.267471
r2q1rk1/ppp3pp/2n1pn2/2Pp4/3P4/2N1P3/PBQ2PPP/2R2RK1 b - - 0 13	0.274298
r4rk1/ppp3pp/2n1p3/2PN4/3P2nq/4P3/PBQ2PPP/3R1RK1 b - - 0 15	0.000276
rnb1kbnr/ppp1p1pp/3q4/5p2/3Pp1P1/4B3/PPP2P1P/RN1QKBNR b KQkq - 0 5	0.473846
rnb1kb1r/ppp1p1pp/3q1n2/8/2BPp1p1/2N1B3/PPP2P1P/R2QK1NR b KQkq - 3 7	0.464614
rn2kb1r/ppp1pbpp/3q1n2/3P4/2B1p1p1/2N1B3/PPP1NP1P/R2QK2R b KQkq - 2 9	0.476012
2kr1b1r/pppnpbpp/3q1n2/3P4/2B1p1p1/2N1B1N1/PPP2P1P/R2Q1RK1 b - - 6 11	0.475083
2kr1br1/pppnpbpp/3q4/3P4/2B1N1p1/4B3/PPP2P1P/R2Q1RK1 b - - 0 13	0.503437
2kr1br1/ppp1pbpp/6q1/3Pn3/2BQN1p1/4B3/PPP2P1P/R4RK1 b - - 4 15	0.288458
2kr1br1/ppp1pbpp/6q1/3P4/2Bn2p1/2N1B3/PPP2P1P/R4R1K b - - 1 17	0.282764
1k1r1br1/ppp1pbpp/6q1/3P4/2B3p1/2N1B3/PPn2P1P/3R1RK1 b - - 3 19	0.279207
1k1r1br1/ppp1pbpp/B5q1/3P4/8/2N1B3/PPn2K1P/3R1R2 b - - 0 21	0.261075
1k1r1b1r/ppp1pbpp/B4R2/3P4/8/2N1B1K1/PPn4P/3R4 b - - 0 23	0.290830
3r1b1r/kpp2bpp/5p2/3P4/8/2NB2K1/PPn4P/3R4 b - - 1 25	0.285796
3r3r/kpp2bpp/3b1p2/3P4/8/2NBn3/PP5P/3R2K1 b - - 5 27	0.267236
3r3r/kpp2bpp/5p2/2bP4/8/3B4/PP3N1P/6K1 b - - 2 29	0.268088
3r3r/kpp3pp/5p2/3b4/PP1b4/3B4/5N1P/6K1 b - - 0 31	0.267615
3rr3/kpp3pp/5p2/1B6/PP1b4/1b6/5N1P/5K2 b - - 4 33	0.263363
rnb1kbnr/p4ppp/8/1pp1pP2/2P1p3/3Q3P/PP4P1/RNB1KBNR b KQkq - 0 7	0.450957
rnb1kbnr/p4ppp/8/2p1pP2/2p1B3/7P/PP4P1/RNB1K1NR b KQkq - 1 9	0.519026
Bn2kb1r/p4ppp/5n2/2p1pb2/2p5/2N4P/PP4P1/R1B1K1NR b KQk - 1 11	0.546635
4kb1r/p2n1ppp/8/2pNpb2/2p5/7P/PP4P1/R1B1K1NR b KQk - 0 13	0.538748
4k2r/p2nbppp/8/2p1p3/2p1b3/4NN1P/PP4P1/R1B1K2R b KQk - 4 15	0.549944
4k2r/p2n1ppp/8/2p1p3/2p4b/4NP1P/PP2K3/R1B4R b k - 2 17	0.569382
4r1k1/p2n1ppp/8/2p1p3/2N4b/4BP1P/PP2K3/R6R b - - 2 19	0.588771
4r1k1/p4ppp/1n1N4/2p1p3/8/4BPbP/PP2K3/R2R4 b - - 6 21	0.615037
6k1/p4ppp/1n6/2p1pN2/8/4BPbP/PP2K3/3R4 b - - 0 23	0.677073
5k2/p4ppp/1n6/2B1p3/7N/5P1P/PP2K3/3R4 b - - 0 25	0.699447
4k3/p5Np/1n3p2/2B1p3/8/5P1P/PP2K3/3R4 b - - 0 27	0.710281
8/p6p/1n2kp2/2B1p3/8/4NP1P/PP2K3/3R4 b - - 4 29	0.709821
8/p2R1k1p/5p2/2B1p3/n7/4NP1P/PP2K3/8 b - - 8 31	0.708888
8/3R3p/5pk1/B3p3/n7/4NP1P/PP2K3/8 b - - 0 33	0.709729
8/3R3p/5pk1/4p3/nB6/4NP1P/P3K3/8 b - - 3 35	0.708127
rn1qkb1r/pppb2pp/7n/5p2/4P3/1P5P/P1P2PP1/RNB1KBNR b KQkq - 0 6	0.294537
rn2kb1r/pppb2pp/5q1n/8/4p3/1PN4P/P1P1NPP1/R1B1KB1R b KQkq - 3 8	0.300439
rn2k2r/pppb2pp/5q1n/3N4/4p3/1P5P/P1P1NbP1/R1BK1B1R b kq - 1 10	0.274400
Nn5r/pp1b1kpp/7n/8/4p3/1P5P/P1P1NbP1/q1BK1B1R b - - 0 12	0.268263
1n5r/ppNb1kpp/7n/8/5N2/1P2p2P/q1P2bP1/2BK1B1R b - - 1 14	0.281709
7r/ppNb2pp/2n2k1n/3N4/2B5/1P2p2P/q1P2bP1/2BK3R b - - 5 16	0.305652
5k1r/ppNb2pp/2n4n/8/2B2N2/1P2p2P/q1P2bP1/2BK1R2 b - - 9 18	0.281561
5k1r/pp1b2pp/4N2n/8/2B5/1P2p2P/q1P2bP1/2BK1R2 b - - 0 20	0.282308
5k1r/pp4pp/7n/3B4/8/1P2p2P/2P2bP1/1qBK1R2 b - - 2 22	0.282082
5k1r/p5pp/7n/8/1p2B3/1P2p2P/2P2bP1/1qBK1R2 b - - 1 24	0.278662
5k1r/p5pp/8/4n3/1p2B3/1P2B2P/2P1KbP1/1q3R2 b - - 0 26	0.301239
5k1r/p5pp/8/4n3/1p2B3/1P2b2P/2P1K1P1/8 b - - 1 28	0.302400
7r/p3k1pp/8/4n3/1p1bB3/1P5P/2P1K1P1/8 b - - 5 30	0.298326
2r5/p3k1p1/8/3Bn2p/1p1b4/1P5P/2PK2P1/8 b - - 3 32	0.292940
2r5/p3k1p1/8/3B4/1p1b3p/1P1n3P/2PK2P1/8 b - - 3 34	0.290924
rnb1kbnr/pppqpp2/6p1/3p4/3P1P1P/8/PPP1P1P1/RNB1KBNR w KQkq - 0 6	0.302635
r1b1kb1r/pppqpp2/2n2np1/3p4/3P1P1P/2N2N2/PPP1P1P1/R1B1KB1R w KQkq - 4 8	0.302989
r1b1k2r/ppp1ppb1/2n2np1/3p1q2/3P1P1P/2N1BN2/PPP1P1P1/2KR1B1R w kq - 8 10	0.308301
3rk2r/ppp1ppb1/2n1bnp1/3pNq2/3P1P1P/2N1B3/PPP1P1P1/1K1R1B1R w k - 12 12	0.305282
3r1kr1/ppN1ppb1/2n1bnp1/3pNq2/3P1P1P/4B3/PPP1P1P1/1K1R1B1R w - - 1 14	0.322616
3rk1r1/p3ppb1/2p1bnp1/3p1q2/3P1P1P/4B3/PPP1P1P1/1K1R1B1R w - - 0 16	0.276450
3rkr2/p3ppb1/2p1bnp1/3p4/3PqP1P/4B1PB/PPP1P3/1K1R3R w - - 3 18	0.278933
3rkr2/p3ppb1/2p2np1/3p4/3P1P1P/6qB/PPP1P3/1K1R3R w - - 0 20	0.269724
3rkr2/p3p1b1/2p2np1/3p4/3P3q/7B/PPP1P3/1K1R3R w - - 0 22	0.327560
5r2/p2rpkb1/2p2np1/3p4/3P3R/8/PPP1P3/1K1R4 w - - 0 24	0.326097
1r6/p2r1kb1/2p1pnp1/3p4/3P4/5R2/PPP1P3/1K1R4 w - - 0 26	0.325775
2r5/pr3kb1/2p1pnp1/3p4/3P4/1PR5/P1P1P3/1K1R4 w - - 1 28	0.324975
8/pr3kb1/4pnp1/2rp4/8/1P3R2/P1P1P3/1K1R4 w - - 0 30	0.321536
2r5/pr3k2/4pnpb/3p4/1P1R4/5R2/P1P1P3/1K6 w - - 1 32	0.320319
8/pr3k2/4pnp1/3p4/1P4R1/2r1b3/P1P1P3/1K3R2 w - - 5 34	0.313653
rn1qkb1r/pppb1ppp/7B/4P3/8/8/PPP2nPP/RN2KBNR w KQkq - 0 6	0.287234
rn2kb1r/pppb1ppp/7q/4P3/8/6P1/PPP2K1P/RN3BNR w kq - 0 8	0.287234
rn2kb1r/pppb1ppp/8/4P3/8/2N3P1/PqP3KP/R4BNR w kq - 0 10	0.273488
rn3b1r/ppNbkppp/8/4P3/8/6P1/P1P3KP/q4BNR w - - 1 12	0.273657
Nn3b1r/pp1bkppp/8/8/8/4qNP1/P1P3KP/5B1R w - - 2 14	0.284409
4kb1r/pp1b1ppp/2n5/3N4/8/4qNP1/P1P3KP/5B1R w - - 6 16	0.450356
4k2r/pp1b1ppp/8/2bN4/1n6/5NP1/P1P3KP/5B1R w - - 3 18	0.448258
4k2r/pp3ppp/4b3/8/1bB5/5NP1/P1P3KP/7R w - - 2 20	0.464920
7r/pp1k1ppp/8/8/1bN5/6P1/P1P3KP/7R w - - 1 22	0.471068
7r/1p3ppp/4k3/p7/1bN5/6P1/P1P3KP/1R6 w - - 0 24	0.476941
2r5/1R3ppp/4k3/p7/2N5/2b3P1/P5KP/8 w - - 1 26	0.465227
8/2r2ppp/1R1N4/p2k4/8/2b3P1/P5KP/8 w - - 5 28	0.466760
8/2r2ppp/1R1N4/p3k3/8/2b3P1/P5KP/8 w - - 9 30	0.465840
8/5ppp/R2N4/p3k3/3b4/6PP/P1r3K1/8 w - - 3 32	0.440536
8/5ppp/R2N4/p3k3/3b2K1/6PP/r7/8 w - - 0 34	0.449156
rnb1kb1r/pp1p1npp/8/4p3/3QP2q/7N/PPP2PPP/RNB1K2R b KQkq - 0 7	0.030974
r1b1kb1r/pp1p1npp/2n5/8/3pPB1q/7N/PPP2PPP/RN3RK1 b kq - 3 9	0.023099
r1b1k2r/pp1p2pp/2nn4/8/3pP2q/7N/PPPN1PPP/R4RK1 b kq - 1 11	0.023997
r1b2rk1/pp1p2pp/2n5/8/2Npn2q/7N/PPP2PPP/3R1RK1 b - - 3 13	0.011489
r4rk1/pp4pp/2n5/3p4/3pN2q/7b/PPP2PPP/3R1RK1 b - - 0 15	0.011489
r4rk1/pp4pp/2n3q1/3p4/3p4/7P/PPP2P1P/3R1R1K b - - 2 17	0.009285
r4rk1/pp4pp/2n5/3p4/3p4/7P/Pq3P1P/1R3RK1 b - - 1 19	0.010067
r4rk1/pR4pp/2n5/3p4/3p4/7q/P4P1P/4R1K1 b - - 1 21	0.008375
r4rk1/pR4pp/2n5/3p4/P7/7q/3p1P1P/3R2K1 b - - 1 23	0.001693
r4rk1/pR4pp/2n5/3p4/P7/8/3p1PKP/3q4 b - - 1 25	0.000276
rnb1kb1r/p1pp1ppp/4p2n/1p6/3P4/q3PN2/1PP2PPP/RN1QKB1R w KQkq - 0 6	0.402669
rnb1k2r/p1pp1ppp/4p2n/8/1p1P4/R3PN2/1PP2PPP/3QKB1R w Kkq - 0 8	0.398488
r1b1k2r/p1pp1ppp/2n1p3/2R2n2/1p1P4/4PN2/1PP2PPP/3QKB1R w Kkq - 4 10	0.399896
r4rk1/pbpp1ppp/2n1p3/2R2n2/1pBP4/4PN2/1PP2PPP/3Q1RK1 w - - 8 12	0.396655
3r1rk1/pbp2ppp/2n1p3/2Rp1n2/1p1P4/3BPN2/1PP2PPP/3QR1K1 w - - 2 14	0.389513
3r1rk1/2p2ppp/2b1p3/p2p1n2/1p1P4/2PBPN2/1P3PPP/3QR1K1 w - - 0 16	0.348177
3r1rk1/2p2ppp/2N1p3/p2p1n2/3P4/3BP3/1p3PPP/3QR1K1 w - - 0 18	0.349759
3r2k1/2p2p1p/4p1p1/p2p1n2/3P2Q1/3BP3/1p3PPP/4R1K1 w - - 0 20	0.366265
1r4k1/2p2p1p/4pQp1/3p1n2/p2P4/3BP3/1p3PPP/4R1K1 w - - 0 22	0.363057
1r4k1/2p2p1p/4pQp1/3p1n2/3P4/3BP2P/pp3PP1/3R2K1 w - - 0 24	0.261242
1r4k1/2p2p1p/q3pQp1/3p4/3P4/4P2P/1p3PP1/1B1R2K1 w - - 2 26	0.241566
1r5k/2p2p1p/4p1p1/3p4/3P4/4P2P/1pB1qPP1/3R2K1 w - - 0 28	0.016384
1r5k/2p2p2/4p1p1/3p4/3P4/4P2P/1p3PPK/3q4 w - - 0 30	0.001249
1r5k/2p2p2/6p1/3p4/4p3/7P/1p3PPK/3q4 w - - 0 32	0.000691
1r5k/2p2p2/6p1/3p4/4p2P/6P1/1p3q1K/8 w - - 0 34	0.000429
rnbqkb1r/ppp1pppp/3p1n2/8/8/3PB3/PPP1PPPP/RN1QKBNR w KQkq - 0 3	0.496875
r2qkb1r/ppp1pppp/2npbn2/8/8/2NPBN2/PPP1PPPP/R2QKB1R w KQkq - 4 5	0.500312
2rqkb1r/ppp1ppp1/2npbn1p/8/8/2NPBN1P/PPP1PPP1/2RQKB1R w Kk - 0 7	0.500000
2rqkb1r/ppp1ppp1/2n2n1p/3p1b2/3P1B2/2N2N1P/PPP1PPP1/2RQKB1R w Kk - 2 9	0.501875
2rqkbr1/ppp2pp1/2n1pn1p/3p1b2/3P1B2/2NBPN1P/PPP2PP1/2RQK2R w K - 2 11	0.525226
2rqkb1r/ppp2pp1/2n2n1p/3p1p2/3P1B2/2N1PN1P/PPP2PP1/2RQ1RK1 w - - 0 13	0.532933
2rqk2r/p1p2pp1/2pb1n1p/3p1p2/3P1B2/2N1P2P/PPP2PP1/2RQ1RK1 w - - 0 15	0.530781
2r1k2r/p1pq1pp1/2pb3p/3p1p2/3PnB2/2N1PQ1P/PPP2PP1/3R1RK1 w - - 4 17	0.525845
3rkr2/p1pq1pp1/2pb3p/3p1p1Q/3PnB2/2N1P2P/PPP2PP1/3RR1K1 w - - 8 19	0.522439
3rkr2/3q1pp1/2pp3p/p2p1p1Q/P2Pn3/2N1P2P/1PP2PP1/3RR1K1 w - - 0 21	0.522439
3rkr2/4qpp1/2pp3p/p2p3Q/P2Pp3/2P1P2P/1P3PP1/3RR1K1 w - - 1 23	0.522129
3rkr2/5ppQ/3p3p/p1pp2q1/P2Pp3/2P1P2P/1P3PP1/3RR1K1 w - - 0 25	0.515605
3rkr2/5ppQ/3p3p/p2q4/P2pp3/4P2P/1P3PP1/3RR1K1 w - - 0 27	0.554427
3rkr2/5p2/3p3Q/p2q4/P3p3/4P2P/1P1p1PP1/3RR1K1 w - - 0 29	0.581031
3rkr2/5p2/3p3Q/p7/P3p3/1q2P2P/1P1R1PP1/3R2K1 w - - 1 31	0.591760
rn1qkb1r/1p1bpppp/p4n2/2P5/5P2/1P6/P1PNPBPP/R3KBNR w KQkq - 4 9	0.063514
r2qkb1r/1p2pppp/p1n1bn2/2P5/4PP2/1P3N2/P1PN1BPP/R3KB1R w KQkq - 1 11	0.066194
2rqkb1r/1p2ppp1/p1n1bn1p/2P5/4PP2/1P1B1N2/P1PN1BPP/R4RK1 w k - 0 13	0.085752
2r1kb1r/1pq1ppp1/p1n1b2p/2P1P3/5Pn1/1P1B1N2/P1PN1BPP/4RRK1 w k - 1 15	0.087003
3rkb1r/1pq1ppp1/pNn1b2p/2P1P3/5P2/1P1B1N2/P1P2nPP/4RRK1 w k - 0 17	0.087724
4kb1r/1pq1ppp1/pN2b2p/2P1P3/3r1P2/1P1B4/P1P2RPP/4R1K1 w k - 0 19	0.092149
2q1kb1r/1p2ppp1/p6p/2PbPP2/3r4/1P1B4/P1P2RPP/4R1K1 w k - 1 21	0.032995
2q1kb1r/4ppp1/p6p/2P1PP2/2Prb3/1P6/P4RPP/4R1K1 w k - 1 23	0.017829
4kb1r/4ppp1/p3P2p/2q2P2/2P1b3/1P6/P2r1RPP/5RK1 w k - 2 25	0.012482
5b1r/4pkp1/p6p/2q2P2/2P1b1P1/1P6/r4R1P/5RK1 w - - 0 27	0.010650
5b1r/4pkp1/p6p/5P2/2P1b1P1/1P2q2P/5r1K/5R2 w - - 0 29	0.000276
rnbqkb1r/1pp3pp/4pn2/p7/3Q1P2/8/PPP1PKPP/RNB2BNR b kq - 0 7	0.297891
rnb1kb1r/1pp3pp/4p3/p7/3qnP2/4PK2/PPP3PP/RNB2BNR b kq - 2 9	0.291301
rnb1kb1r/1pp3pp/4p3/p7/4nP2/2N1PK2/PPq1N1PP/R1B2B1R b kq - 1 11	0.303944
rnb1kb1r/1pp3pp/4pnq1/p7/2BN1P2/2N1PK2/PP4PP/R1B4R b kq - 5 13	0.306148
rnb4r/1pp2kpp/3bpnq1/p7/2BNPP2/2N2K2/PP4PP/R1BR4 b - - 0 15	0.282841
rn1qkbnr/ppp2ppp/3p4/4Q1B1/5P2/8/PPP1P2P/RN2KBNb b Qkq - 0 7	0.300213
rn1k1bnr/ppp2ppp/8/4P3/8/8/PPP1P2P/RN2KBNb b Q - 0 9	0.289628
r2k2nr/pppn1ppp/8/2b1P3/8/2N2N2/PPP1P2P/R3KB1b b Q - 4 11	0.289994
r2k2nr/ppp2ppp/8/2b1n3/8/2N2P2/PPP4P/2KR1B2 b - - 1 13	0.295252
r1k3nr/ppp3pp/8/2b1nB2/8/2N2P2/PPP4P/2KR4 b - - 0 15	0.387440
r1k3nr/pppR2pp/8/5B2/8/2N1bP2/PPP4P/1K6 b - - 2 17	0.382270
rk5r/pppR2pp/7n/3N4/8/4bP1B/PPP4P/1K6 b - - 6 19	0.399979
rk4r1/ppNR2pp/4B2n/8/8/4bP2/PPP4P/1K6 b - - 2 21	0.468604
k4r2/pp4Rp/4B2n/8/8/4bP2/PPP4P/1K6 b - - 0 23	0.468604
k7/pp4Rp/7n/8/2B4P/4b3/PPP2r2/1K6 b - - 0 25	0.453063
k7/pB4Rp/7n/8/7r/4b3/PPP5/1K6 b - - 0 27	0.473228
1k6/pB6/8/5n2/7R/4b3/PPP5/1K6 b - - 0 29	0.478491
8/p1k5/8/8/2P1B2n/4b3/PP6/1K6 b - - 0 31	0.471993
8/p7/3k4/2P5/1P1bB2n/8/P7/1K6 b - - 0 33	0.475083
8/p7/2B5/2P1kn2/1P1b4/8/P1K5/8 b - - 4 35	0.460643
r1bqkbnr/p1pp1ppp/n7/4p3/8/P2Q3P/1P2PPP1/RNB1KBNR w KQkq - 0 6	0.262178
r1bqkbnr/p1pp1ppp/8/2n2Q2/4p3/P4N1P/1P2PPP1/RNB1KB1R w KQkq - 0 8	0.244376
r1bqkbr1/p1pp1ppp/5n2/2n1NQB1/4p3/P6P/1P2PPP1/RN2KB1R w KQq - 4 10	0.254375
r1bqkb1r/p1pp1p1p/5n1p/2n1NQ2/4p3/P1N4P/1P2PPP1/R3KB1R w KQq - 0 12	0.168689
r2qk2r/pbpp1p1p/3b1n1p/2n1NQ2/4p3/P1N1P2P/1P3PP1/3RKB1R w Kq - 1 14	0.168410
r2qk3/pbpp1p1r/3b1n1p/8/4p1N1/P1NnP2P/1P3PP1/3RKB1R w Kq - 2 16	0.021865
r2qk3/pbpp1p1r/3b3p/8/6n1/P1NpP2P/1P3PP1/3R1RK1 w q - 0 18	0.023321
r2qk3/pbpp1p2/3b3p/8/6r1/P1NRP3/1P3PP1/5RK1 w q - 0 20	0.024458
r3k3/pbpp1p2/3b3p/3N4/6r1/P2RP3/1P3PPq/3R2K1 w q - 4 22	0.015273
r7/pbppkp2/3b1N1p/8/8/P2RP3/1P3Prq/3R1K2 w - - 2 24	0.008520
rnb1k1nr/ppp3pp/3p4/4p3/1QP1N3/8/PP3PPP/R1BK1BNR b kq - 1 8	0.972334
r1b1k2r/ppp3pp/2np1N2/4p3/2P5/1Q6/PP3PPP/R1BK1BNR b kq - 0 10	0.973235
r1b2rk1/ppp4p/2np1p2/4p3/2P5/1Q1B1N2/PP3PPP/R1BK3R b - - 3 12	0.972465
r1b2rk1/ppp4p/3p1p2/8/2Pp4/1Q1B4/PP3PPP/R1BKR3 b - - 1 14	0.974474
1r3rk1/ppp4p/3p1p2/8/2Pp1Bb1/1Q1B4/PPK2PPP/R3R3 b - - 5 16	0.979006
1r4k1/ppprR2p/3p1p2/2P5/3p1Bb1/1Q1B4/PPK2PPP/R7 b - - 0 18	0.982970
1r5k/pppb3p/3P1p2/8/3p1B2/1Q1B4/PPK2PPP/R7 b - - 0 20	0.982970
1r6/pp1b2kp/3B1p2/8/3p4/1Q1B4/PP3PPP/RK6 b - - 0 22	0.986005
3r4/Q2b2kp/3B1p2/8/3p4/3B4/PP3PPP/RK6 b - - 0 24	0.992775
r7/3Q2k1/3B1p1p/8/3p4/3B4/PP3PPP/RK6 b - - 0 26	0.999724
rnb1kb1r/ppp1np1p/8/6p1/P7/8/1PPPQPPP/R1B1KBNR w KQkq - 0 6	0.442467
r3kb1r/ppp1np1p/2n5/5bQ1/P7/8/1PPP1PPP/R1B1KBNR w KQkq - 1 8	0.438537
2kr1br1/ppp1np1p/2n2Q2/5b2/P1B5/8/1PPP1PPP/R1B1K1NR w KQ - 5 10	0.428617
2kr1b1r/ppp1nB1p/2n5/8/P7/8/1PbP1PPP/R1B1K1NR w KQ - 0 12	0.207298
1k1r3r/ppp1n1bp/2n1B3/8/P7/5N2/1PbP1PPP/R1B1K2R w KQ - 4 14	0.196467
1k1r3r/ppp3bp/2n1B3/3n4/P7/3b1N2/1P1P1PPP/R1B1R1K1 w - - 8 16	0.188477
1k1r1r2/ppp3bp/2n1B3/P7/R4n2/3b1N2/1P1P1PPP/2B1R1K1 w - - 3 18	0.175175
1k1r1r2/ppp3bp/4B3/P5N1/3n4/3b4/1P1PnPPP/R1B1R1K1 w - - 7 20	0.133980
1k4r1/ppp3bp/8/P5N1/3n4/3b4/1P1PnrPP/R1B1R2K w - - 0 22	0.064631
1k4r1/ppp3bp/8/P5N1/3n1n2/6P1/1P1Pbr1P/R1BR3K w - - 1 24	0.061060
r1bqkbnr/p1pppppp/2n5/1B6/4P3/8/PPPP1PPP/RNBQ1KNR b kq - 2 3	0.772439
r2qkb1r/pbpppppp/2n2n2/1B6/3PP3/2N5/PPP2PPP/R1BQ1KNR b kq - 0 5	0.772439
r2qk2r/pbpp1ppp/2nbpn2/1B6/3PP3/2N2N2/PPP2PPP/R1BQ2KR b kq - 3 7	0.783240
2rq1rk1/pbpp1ppp/2nbpn2/1B2P3/3P4/2N1BN2/PPP2PPP/R2Q2KR b - - 0 9	0.844987
2rq1r1k/pb1p1ppp/2nppn2/8/3P4/2NBBN2/PPP2PPP/R2Q2KR b - - 1 11	0.863306
2r2r1k/pbqp1ppp/2n1pn2/3p4/3P4/P1NBBN2/1PP2PPP/2RQ2KR b - - 0 13	0.858791
3r1rk1/pbqp1ppp/2n1pn2/3p4/3P4/P1NBBN2/1PP1QPPP/3R2KR b - - 4 15	0.857521
3rr1k1/1bqp1ppp/2n1pn2/p2p4/P2P4/2NBBN1P/1PP1QPP1/3R2KR b - - 0 17	0.855475
3rr1k1/1bqp1Npp/4p3/p2p4/Pn1Pn3/2NBB2P/1PP1QPP1/3R2KR b - - 0 19	0.796635
3rr1kN/1bqp2pp/4p3/p2p4/Pn1PB3/2N1B2P/1PP1QPP1/3R2KR b - - 0 21	0.830752
3Br2k/1bqp2pp/4p3/p7/Pn1Pp3/2N4P/1PP1QPP1/3R2KR b - - 0 23	0.832148
3r3k/1bqp2pp/4p3/p7/Pn1P2Q1/2N1P2P/1PP3P1/3R2KR b - - 0 25	0.823970
3r3k/1bqp2pp/4p3/pN6/P2PP1Q1/4n2P/1P4P1/3R2KR b - - 2 27	0.682353
3r3k/1b1p2pp/3Np3/p7/P2PP3/5Q1P/1Pq3P1/3n2KR b - - 1 29	0.698258
3N2k1/3p2pp/2b1p3/p7/P2PP3/5Q1P/1Pq3P1/3n2KR b - - 0 31	0.784467
rnbq1bnr/p3pkpp/8/1Pp5/4p3/3P4/PP3PPP/RNBQK1NR b KQ - 0 6	0.429466
Qnbq1b1r/p3pkpp/5n2/1Pp5/8/3p4/PP3PPP/RNB1K1NR b KQ - 0 8	0.525845
Qnb2b1r/p1q1pkpp/5n2/1Pp5/8/2Np1N2/PP3PPP/R1B1K2R b KQ - 4 10	0.552638
Qn3bkr/p1q1p1pp/4bn2/1Pp5/8/2NpBN2/PP3PPP/R4RK1 b - - 8 12	0.558283
5bkr/p1q1p1pp/1nQ1bn2/1Pp5/8/2NpBN2/PP3PPP/3R1RK1 b - - 12 14	0.585201
5bkr/p1P1p1pp/1n2bn2/8/2p5/2NpBN2/PP3PPP/3R1RK1 b - - 0 16	0.600284
5bkr/p1P1p1pp/4b3/3nN3/2p5/3pB3/PP3PPP/3R1RK1 b - - 1 18	0.540880
5bkr/2n1p1pp/8/3bN3/2pB4/3p4/PP3PPP/3R1RK1 b - - 2 20	0.543309
5bkr/4p1p1/4n3/3bN2p/2p5/3pB3/PP3PPP/2R2RK1 b - - 1 22	0.568515
5bk1/4p1p1/4n3/3b3r/2N4p/3pB2P/PP3PP1/2R2RK1 b - - 0 24	0.563866
5bk1/4p1p1/8/3b1r2/P1N2n1p/3pB2P/1P3PP1/2RR2K1 b - - 2 26	0.515605
5bk1/4p1p1/8/3b1r2/P1N4p/3pB2P/1P3PPK/2R5 b - - 0 28	0.516849
5bk1/6p1/4p3/P4r2/2R4p/3pB2P/1P3PPK/8 b - - 0 30	0.495001
2R3k1/6p1/3bp3/r7/7p/3pB2P/1P3PP1/6K1 b - - 1 32	0.469835
8/5kp1/3bp3/8/7p/3pB2P/rP3PP1/3R2K1 b - - 5 34	0.486575
rnbqkb1r/1p1p1ppp/2p4n/p3p3/2P1P3/P2P4/1P3PPP/RNBQKBNR w KQkq - 1 5	0.264671
rnbqk2r/1p1p1ppp/2p5/p1b1p3/2P1P1n1/P1NP1N2/1P3PPP/R1BQKB1R w KQkq - 5 7	0.266227
rnbq1rk1/1p1p1ppp/2p5/p3p1N1/2P1P1n1/P1NP4/1P2KbPP/R1BQ1B1R w - - 2 9	0.192604
r1bq1rk1/1p1n1ppp/2pp4/p3p1N1/2P1P1n1/P1NP4/1P1BKbPP/2RQ1B1R w - - 2 11	0.190831
r2q1rk1/1p1b1ppp/2pp1n2/p3p1N1/2P1P1n1/P1NP1K2/1P1BBbPP/2RQ3R w - - 6 13	0.168689
r1b1kb1r/pppqpppp/n6n/3p4/8/P1NP4/1PP1PPPP/R2QKBNR w KQkq - 2 5	0.414523
r1b1k2r/pppq1ppp/n3p2n/2bp4/4P3/P1NP1N2/1PP2PPP/R2QKB1R w KQkq - 2 7	0.432932
r1b1k1r1/pppq1ppp/n3p2n/2b3N1/3Pp3/P1N5/1PP2PPP/R2QKB1R w KQq - 2 9	0.494064
r1b1k1r1/pppq1ppp/4p2n/8/4n3/P1N5/1PP2PPP/R2QKB1R w KQq - 0 11	0.478181
r3k1r1/pppb1ppp/4p3/5n2/4N3/P7/1PP2PPP/R3KB1R w KQq - 1 13	0.466454
2kr2r1/ppp2ppp/2b1p3/5n2/2B1N3/P7/1PP2PPP/2KR3R w - - 5 15	0.469527
2kr4/ppp2ppp/2b1p3/5n2/2B1N3/P7/1PP2PPP/3KR3 w - - 1 17	0.463084
1k1r4/ppp2ppp/2b1p3/8/2BnN3/P7/1PP2PPP/1K2R3 w - - 5 19	0.464002
1k6/ppp2ppp/4p3/3r4/3nN2P/P7/1PP2PP1/1K2R3 w - - 0 21	0.462168
1k6/p1p2pp1/1p2p3/3r3p/P2nN2P/8/1PP2PP1/1K1R4 w - - 0 23	0.468604
1k6/p1pr2p1/1p2pp2/6Np/P2n3P/2P5/1P3PP1/1K1R4 w - - 0 25	0.556507
2k5/p1pR2p1/1p2np2/7p/P6P/2P5/1P3PP1/1K6 w - - 1 27	0.570534
2k5/p1p3R1/1p3p2/7p/n6P/2P5/1P3PP1/1K6 w - - 0 29	0.582148
2k5/p1p5/1p3p2/7R/4n2P/2P5/1P3PP1/1K6 w - - 1 31	0.580191
7R/pkp5/1p1n1p2/8/7P/2P2P2/1P4P1/1K6 w - - 3 33	0.586854
rnbqkbnr/pppp1ppp/8/8/3P1B2/8/PPP1P1PP/RN1QKBNR b KQkq - 0 3	0.502500
rnbqk2r/pppp1ppp/3B1n2/8/3P4/5N2/PPP1P1PP/RN1QKB1R b KQkq - 0 5	0.521199
rnbq1rk1/pp1p1ppp/3p1n2/3P4/8/2N2N2/PPP1P1PP/R2QKB1R b KQ - 0 7	0.499375
rnb2rk1/pp1p1ppp/3p1n2/3P4/8/2NQqN2/PPP1P1PP/1R2KB1R b K - 4 9	0.503750
rnb2rk1/pp1p1ppp/3p4/3P4/3N4/2N1n3/PPP1P1PP/1R2KB1R b K - 1 11	0.503750
r1b1r1k1/pp1p1ppp/n2p4/3P4/3N4/2N1n2P/PPP1P1P1/2R1KB1R b K - 0 13	0.476941
r1b1r1k1/1p1p1ppp/3p4/p1nP4/P2N4/2N1n2P/1PP1P1P1/2R1KBR1 b - - 1 15	0.481285
1rb1r1k1/3p1ppp/1p1p4/p1nP4/P2N4/2N1n1PP/1PP1P1B1/2R1K1R1 b - - 1 17	0.486264
1r2r1k1/1bNp1ppp/1p1p4/p1nP4/P2N4/4n1PP/1PP1P1B1/2R1K1R1 b - - 5 19	0.476321
1r4k1/1bNp1ppp/1p1p4/p2Pr3/n1PN4/1P2n1PP/4P1B1/2R1K1R1 b - - 0 21	0.466760
1r4k1/1bNp1ppp/1p1p4/p2Pr3/2PN4/1P1PnBPP/8/2R1K1R1 b - - 0 23	0.450656
1r4k1/1bnp1ppp/1p1p4/p3r3/2P1B3/1P1P1NPP/8/2R1K1R1 b - - 1 25	0.441421
1r2r1k1/2np1ppp/1p1p4/p7/2P1N3/1P1P2PP/8/2R1K1R1 b - - 0 27	0.358138
1r2r1k1/2np2pp/3p4/p1p2p2/4N3/1P1P2PP/5K2/2R3R1 b - - 1 29	0.330049
1r3rk1/2np2pp/3p4/p1p5/4P3/1P4PP/6K1/2R3R1 b - - 2 31	0.328879
rnbqkbnr/pppp1pp1/7p/4P3/8/8/PPPPP1PP/RNBQKBNR w KQkq - 0 3	0.513736
r1bqk1nr/pppp1pp1/2n4p/2b1P3/8/2N2N2/PPPPP1PP/R1BQKB1R w KQkq - 4 5	0.534773
r1bqk1nr/1pppbpp1/2n4p/p2NP3/3P4/5N2/PPP1P1PP/R1BQKB1R w KQkq - 0 7	0.552937
r1bqk1nr/1pppbpp1/2n4p/p2NP3/3P4/4BN2/PPP1P1PP/2RQKB1R w Kq - 4 9	0.564158
r1bqk1nr/1pppbpp1/2n4p/p1PNP3/3P4/4BN2/PP2P1PP/2RQKB1R w Kq - 1 11	0.573114
r1b1k1nr/1ppp1pp1/2n4p/p1PNP3/3P3q/4B2P/PP2P1P1/2RQKB1R w Kq - 0 13	0.574825
r1bqk2r/1pppnpp1/2n4p/p1PNP3/3PP3/7P/PP3BP1/2RQKB1R w Kq - 1 15	0.573685
r1b1k2r/1ppp1pp1/2n4p/p1PBP1q1/3PP3/7P/PP3BP1/2RQK2R w Kq - 1 17	0.572256
r1b1kr2/1ppp1pp1/2n4p/2PBP1q1/p2PP3/5Q1P/PP3BP1/2R2RK1 w q - 0 19	0.577941
r1b1kr2/1pp2pp1/2np2qp/2PBP3/p2PP3/5Q1P/PP3BP1/3RR1K1 w q - 0 21	0.576245
r1b1kr2/1p3pp1/2nq3p/3B4/p2PP3/5Q1P/PP3BP1/3RR1K1 w q - 0 23	0.580191
r3kr2/1p3pp1/2n3qp/3BPb2/p2P4/5QBP/PP4P1/3RR1K1 w q - 3 25	0.557100
1k1r1r2/1p3pp1/2n3qp/3BPb2/p2P1B2/P4Q1P/1P4P1/3RR1K1 w - - 3 27	0.602113
3r3r/kp2Ppp1/2n3qp/3B1b2/p2P1B2/P4Q1P/1P4P1/3RR1K1 w - - 1 29	0.652080
3r4/kp3pp1/2n4p/3B1bq1/p2P4/P4QBP/1P4P1/3RR1K1 w - - 2 31	0.663892
rn1k1bnr/ppp1pp1p/6p1/8/4P1b1/8/PPPP1PPP/RNB1KBNR w KQ - 0 5	0.536610
r2k1b1r/ppp1pp1p/2n2np1/8/4P1b1/2N2N2/PPPP1PPP/R1B1KB1R w KQ - 4 7	0.535386
r2k1b1r/ppp1pp1p/5np1/8/2BnP3/2N2P2/PPPP1P1P/R1B1K2R w KQ - 1 9	0.506873
r2k1b1r/ppp1pB1p/5np1/8/4P3/2N2P2/PP1PKP1P/n1B4R w - - 0 11	0.441421
r2k1b1r/ppp1pB1p/5Pp1/8/3n4/2N2P2/PP1PKP1P/2B4R w - - 1 13	0.454573
r2k1b1r/ppp1p2p/5Pp1/3Bn3/8/2NK4/PP1P1P1P/2B4R w - - 2 15	0.459425
1r1k1b1r/pBp4p/5pp1/4n3/8/2N5/PPKP1P1P/2B4R w - - 1 17	0.449156
1r1k3r/p6p/2p2pp1/2bBn3/8/2N5/PPKP1P1P/2B2R2 w - - 0 19	0.447362
1r5r/p1k4p/2p2pp1/2bB4/4N3/3P1n2/PPK2P1P/2B2R2 w - - 1 21	0.499375
1r6/p6p/1kp2pp1/2bB4/4N3/3P1n2/PPK2P1P/5R2 w - - 0 23	0.498750
1r6/p6p/2p2pp1/2kB4/3n4/2KP4/PP3P1P/5R2 w - - 0 25	0.492814
1r6/p6p/2p2pp1/2k5/2B2n2/3P4/PPK2P1P/5R2 w - - 4 27	0.500000
1r6/p7/2p2pp1/2kn3p/2B4P/3P4/PPK2P2/4R3 w - - 0 29	0.500000
1r6/8/2p1Rp2/p1kn2pp/P1B4P/3P4/1PK2P2/8 w - - 0 31	0.500000
5r2/8/2p5/p1knR1pp/P1B5/3P4/1PK2P2/8 w - - 2 33	0.496250
rnb1k1nr/pp1p2pp/8/2p1p3/2P2p1q/8/PB1QPPP1/1R2KBNR w Kkq - 0 9	0.919951
r1b1k2r/pp1p2pp/2n2n2/2p1p3/2P2p1R/5N2/PB1QPPP1/1R2KB2 w kq - 3 11	0.943226
r1b1k2r/pp1p3p/5n2/2p1N1p1/2P2p1R/8/P2QPPP1/1R2KB2 w kq - 0 13	0.941182
r1b2rk1/pp1p3p/3Q3R/2p1N1p1/2P1np2/8/P3PPP1/1R2KB2 w - - 4 15	0.975889
r1b1r3/pp1p2kp/7R/2pQ2p1/2P1npN1/8/P3PPP1/1R2KB2 w - - 8 17	0.978549
r1b1rk2/pp5Q/7R/2pp2p1/2P1npN1/8/P3PPP1/1R2KB2 w - - 1 19	0.957838
r1bqk1nr/pppp2pp/8/4Pp2/P7/8/1PPK2PP/RNBQ1BbR w kq - 0 8	0.801442
r1bqk2r/ppppn2p/6p1/4Pp1Q/P7/8/1PPK2PP/RNB2BR1 w kq - 0 10	0.812110
r1bqkr2/pppp2Qp/2n3p1/4Pp2/P7/8/1PPK2PP/RNB2BR1 w q - 4 12	0.807692
r1b1kr2/pppp2Qp/2n3p1/4Pp2/P7/6P1/1PP4q/RNB1KBR1 w q - 0 14	0.782933
r1b1kr2/pppp2Qp/6p1/4Pp2/P2n4/2N3P1/1PP3R1/R1B1KB1q w q - 4 16	0.782933
r1b1k2r/pppp2Qp/6p1/3NPp2/P7/5nP1/1PP2KR1/R1B2B1q w q - 8 18	0.999724
rnbqkb2/pp1Q1ppr/2p4n/4P3/8/N1P5/PP2PPPP/R3KBNR b KQq - 0 6	0.047245
r1bqkb2/pp1n1ppr/2p5/4Pn2/2N5/2P2N2/PP2PPPP/R3KB1R b KQq - 3 8	0.047138
r1bqk3/pp1n1pp1/2pN4/2b1Pn1r/8/2P2N2/PP2PPPP/3RKB1R b Kq - 7 10	0.050553
r1bqk3/pp1n1pp1/2p5/2b1Pn1r/8/2P1PN2/PP3PPP/3RKB1R b K - 0 12	0.018132
r1bqk3/1p1n1pp1/2p5/2b1Pn1r/p1B5/2P1PN2/PP3PPP/3R1RK1 b - - 1 14	0.022340
r1bq4/1p1n1kp1/2p5/2b1PnNr/8/p1P1P3/PP3PPP/3R1RK1 b - - 1 16	0.004321
r1b5/1p1n1kp1/2p1P3/5nqr/1P6/p1P1b3/P4PPP/3R1RK1 b - - 0 18	0.004375
r1b5/1p1n2p1/2p1k3/5n1r/1P6/p1P1q3/P4RPP/3R2K1 b - - 1 20	0.003482
r1b5/1p4p1/2p1k3/2P1nn2/1P6/p3q3/P4RPr/3R2K1 b - - 0 22	0.000276
r1bqkbnr/p2pppp1/4n2p/2p5/2P2P2/1Q2P3/PP4PP/RNB1KBNR w KQkq - 0 8	0.478181
r1bqkbnr/p2pppp1/7p/2p2P2/2P5/1Q2Pn2/PP4PP/RNB1KB1R w KQkq - 0 10	0.462473
r2qkb1r/p2pppp1/b4n1p/2p2P2/2P5/1QN1PP2/PP5P/R1B1KB1R w KQkq - 3 12	0.480353
2rqkb1r/p2pppp1/b6p/2pn1P2/2P5/1Q2PP2/PP1B3P/R3KB1R w KQk - 0 14	0.485952
2r1kb1r/p2pppp1/bq5p/3P1P2/Q1p5/4PP2/PP1B3P/R3KB1R w KQk - 2 16	0.484084
2r1kb1r/p2pppp1/5q1p/1b1P1P2/2p5/4PP2/PPQB3P/3RKB1R w Kk - 6 18	0.495001
2r1kb1r/p2p1pp1/3P3p/1b2pP2/1Bp4q/4PP2/PPQ4P/3RKB1R w Kk - 1 20	0.495625
2r1kb1r/p2p1pp1/2bP3p/4pPq1/1Bp5/4PP1B/PP3Q1P/3RK2R w Kk - 5 22	0.502812
3rkb1r/3p1pp1/2bP3p/p1B1pPq1/2p5/4PP1B/PP3Q1P/3RKR2 w k - 0 24	0.516538
r3kb1r/3p1pp1/1BbP1q1p/p3pP2/2p5/4PPQB/PP5P/3RKR2 w k - 4 26	0.507810
3rkb1r/3p1pp1/2bP1q1p/2B1pP2/p1p1P3/5PQB/PP5P/3RKR2 w k - 0 28	0.518715
3rkb1r/3p1pp1/2bP1q1p/2B1pP2/p1p1P3/5PQP/PP4B1/3RKR2 w - - 1 30	0.523059
3rkb1r/3p1pp1/2bP1q1p/2B1pP2/p1p1P3/P4PQP/1P3RB1/3RK3 w - - 3 32	0.530473
3rkb1r/3p1pp1/2bP1q1p/2B2P2/p3PQ2/P1p4P/1P3RB1/3RK3 w - - 0 34	0.572256
3rkb1r/B2p1pp1/2bP1q1p/4PP2/p4Q2/P1p4P/1P3RB1/3RK3 w - - 3 36	0.708127
rnb1k1nr/ppp3pp/4pp2/8/3q3P/b1P5/PP2PPP1/RNB1KBNR w KQkq - 1 6	0.501250
rnb1k1nr/ppp3pp/4pp2/8/3P3P/2b5/PP2PPP1/R1B1KBNR w KQkq - 0 8	0.504375
r1b1k1nr/ppp3pp/2n2p2/4p3/3P1B1P/2P5/P3PPP1/R3KBNR w KQkq - 0 10	0.503437
r1b1k2r/ppp3pp/2n2n2/4p3/7P/2P1B3/P3PPP1/R3KBNR w KQkq - 2 12	0.492190
r1b2rk1/ppp3pp/2n5/4p3/4n2P/2P1BN2/P3PPP1/1R2KB1R w K - 6 14	0.481907
r1br2k1/1pp3pp/2n5/p3p2P/2P1n3/4BN2/P3PPP1/1R2KB1R w K - 0 16	0.494376
r1br2k1/1pp3pp/2n4P/p3p3/2P5/4BN2/n3PPP1/2R1KB1R w K - 0 18	0.484084
r1b3k1/1pp3pp/2n4P/p3p3/2P5/2n1BN2/4PPP1/3K1B1R w - - 1 20	0.475392
5rk1/1pp3pp/2n4P/p3pb1R/2P5/2n1BN2/4PPP1/4KB2 w - - 5 22	0.462473
5rk1/1pp3pp/2n4P/2P1pb2/7R/p1n1BN2/4PPP1/4KB2 w - - 0 24	0.434385
5rk1/1pp3pp/2n4P/2P1pb2/8/2R1BN2/4PPP1/q3KB2 w - - 0 26	0.348908
5rk1/1pp3pp/2n4P/1qP1pb2/8/5N2/3BPPP1/2R1KB2 w - - 4 28	0.423472
5rk1/1pp3pp/2n4P/2P1pb2/2q1P3/5N2/3B1PP1/2R1K3 w - - 0 30	0.514671
5rk1/1pp4p/2n1b2p/2P1p3/4P3/5N2/3B1PP1/2R1K3 w - - 0 32	0.507498
1r4k1/2p4p/2n1b2B/1pP1p3/4P3/5N2/5PP1/1R2K3 w - b6 0 34	0.505624
r1b1kbnr/pp2pppp/8/8/8/8/PPP1q1PP/RNB1K1NR w KQkq - 0 9	0.439947
r3kbnr/pp2pppp/8/8/8/8/PPb1N1PP/RNB2RK1 w kq - 0 11	0.446168
r3kb1r/pp3ppp/5n2/4p3/8/2N1B3/PPb1N1PP/R4RK1 w kq - 0 13	0.448857
r4rk1/pp3ppp/3b1n2/4p3/8/2N1B1N1/PPb3PP/4RRK1 w - - 4 15	0.442308
r3r1k1/pp3ppp/3b1n2/4pR2/8/2N1B3/PP4PP/4R1K1 w - - 1 17	0.442900
r2r2k1/pp3ppp/3b4/3npR2/8/4B3/PP4PP/3R2K1 w - - 0 19	0.437011
r2r2k1/1p3ppp/3b4/p2R1R2/3Bp3/8/PP4PP/6K1 w - - 0 21	0.457601
3r2k1/1p3ppp/3b4/p2R1R2/P2Bp3/1P6/6PP/2r3K1 w - - 1 23	0.414247
3r2k1/1p3ppp/3b4/p2R1R2/P2Bp3/1P4P1/5K1P/2r5 w - - 1 25	0.416739
3r2k1/1p3pp1/3b3p/p2R1R2/P2Bp3/1P4P1/2r4P/6K1 w - - 0 27	0.417852
6k1/1p3pp1/7p/p1R1BR2/P3p3/1P4P1/2r4P/3r2K1 w - - 1 29	0.388690
6k1/1p3pp1/7p/p1r1B3/P3p3/1P4P1/7P/5K2 w - - 0 31	0.384963
6k1/1p3pp1/7p/p7/P3p3/1P1rB1P1/7P/5K2 w - - 4 33	0.364630
6k1/1p3pp1/7p/p7/P2Bp3/r5P1/4K2P/8 w - - 2 35	0.345579
6k1/1p3pp1/7p/p7/3Bp1P1/4K3/r6P/8 w - - 2 37	0.351512
rnbqkbnr/1pp2p1p/6p1/3p4/Pp1Q4/5P2/R1P1P1PP/1NB1KBNR b Kkq - 1 7	0.422623
r1bqkb1r/1pp2p1p/2n2np1/3p4/Pp3B2/5P2/R1P1PQPP/1N2KBNR b Kkq - 5 9	0.404212
r2qk2r/1pp2pbp/2n2np1/3p1b2/Pp3B2/4PP2/R1PN1QPP/4KBNR b Kkq - 0 11	0.392734
r2q1rk1/1pp2pbp/2n2np1/3p4/Pp3B2/3PPP2/R2N1QPP/4K1NR b K - 0 13	0.400767
2rqr1k1/1pp2pbp/2n2np1/3p4/Pp3B2/3PPP2/R2NNQPP/5RK1 b - - 4 15	0.418410
2rq2k1/1pp2pbp/5np1/3pr3/Pp3N2/3PPP2/R2N1QPP/5RK1 b - - 1 17	0.428891
2rq2k1/1p3pbp/5np1/3pr3/Ppp2N2/3PPP2/3N1QPP/3R1RK1 b - - 1 19	0.409866
2rq2k1/1p3pbp/5np1/3p2r1/Pp1P1N1Q/2p1PP2/3N2PP/3R1RK1 b - - 2 21	0.408240
2rq3k/1p3pbp/5np1/3p2Q1/Pp1P1N2/4PP2/3R2PP/5RK1 b - - 0 23	0.534467
3q3k/1p3pbp/5np1/3p2Q1/P2P1N2/1p2PP2/2rR2PP/3R2K1 b - - 3 25	0.514982
3q2k1/1p3pb1/5npp/3p4/P2PPN1Q/1p3P2/2rR2PP/3R2K1 b - - 1 27	0.468297
6k1/1p3pb1/3q1npp/3pP3/P2P1N1Q/1p3P2/3R2PP/6K1 b - - 0 29	0.531703
6k1/1p3pb1/5Ppp/3p4/Pq1P1N1Q/5P2/1p4PP/3R2K1 b - - 0 31	0.524608
6k1/1p3pb1/5Ppp/3p4/P2P1N1Q/5P2/5KPP/1q6 b - - 1 33	0.530165
6k1/1p3pb1/5P1p/3p2p1/P2P1NQ1/5P2/1q4PP/4K3 b - - 3 35	0.490941
rnbqk1nr/ppp2pp1/7p/3pP3/1b6/2P5/P3PPPP/RNBQKBNR w KQkq d6 0 5	0.582983
r2qk1nr/ppp2pp1/2n4p/3pPb2/QP6/8/P3PPPP/RNB1KBNR w KQkq - 3 7	0.571683
r2q1rk1/ppp1npp1/2n4p/3pPb2/QP6/2N2N2/P3PPPP/R1B1KB1R w KQ - 7 9	0.589862
r2q1r1k/ppp2pp1/2n3np/3pPb2/QP6/2N1BN2/P3PPPP/3RKB1R w K - 11 11	0.617973
3r1r1k/ppp1qpp1/2n3np/4Pb2/QP6/2N1BN2/P3PPPP/4KB1R w K - 0 13	0.495001
5r1k/pppq1pp1/2n3np/4Pb2/QP6/2N2N2/P3PPPP/4KB1R w K - 0 15	0.502812
5r1k/pppq1pp1/2n1b2p/1B2P3/QP2Pn2/2N2N2/P4PPP/4K2R w K - 3 17	0.523988
3r3k/ppp1qpp1/2n1b2p/1B2P3/QP2Pn2/2N2N2/P4PPP/3R2K1 w - - 7 19	0.540880
7k/ppp1qpp1/2n1b2p/1B2P3/1P2Pn2/2N2N2/P4PPP/3Q2K1 w - - 2 21	0.534160
6k1/p1p1qpp1/2p1b2p/4P3/1P1QPn2/2N2N2/P4PPP/6K1 w - - 2 23	0.541184
6k1/2p1qpp1/p1p1b3/P3P2p/1P1QPn2/2N2N2/5PPP/6K1 w - - 0 25	0.548141
6k1/2p1qpp1/p1p5/P3P2p/1P2P1b1/2N1QNPn/5P1P/6K1 w - - 3 27	0.515605
6k1/2p2pp1/p1p5/P3P2p/2qNP1b1/2N1Q1Pn/5PKP/8 w - - 2 29	0.517160
6k1/2p2pp1/p1p5/P3PP1p/6q1/2N1Q1Pn/5PKP/8 w - - 1 31	0.522749
6k1/2p2pp1/p1p2P2/P3P1np/8/2NQ2Pq/5PKP/8 w - - 3 33	0.534160
rn2kbnr/ppQ2pp1/4p3/3p3p/3P3q/P3B2N/1P2PPPP/RN2KB1R w KQkq - 1 7	0.690791
rn1k1bnr/pp3pp1/4p3/3p3p/3P4/P3B2N/1P2PPPP/RN2KB1R w KQ - 0 9	0.623247
r2k1b1r/pp3pp1/2n1pn2/3p3p/3P1N2/P1N1B3/1P2PPPP/R3KB1R w KQ - 4 11	0.611811
r3k2r/pp3pp1/2nbpn2/3p3p/3P1N2/P1N1B2P/1P2PPP1/3RKB1R w K - 1 13	0.606500
3rk2r/pp2npp1/3bpn2/1P1p3p/3P1N2/P1N1B2P/4PPP1/3RKB1R w K - 1 15	0.597383
3rk2r/pp3pp1/3bpn2/PP1p3p/3P1N2/2N1n2P/4PPP1/3RKB1R w K - 0 17	0.588771
3rkr2/p4pp1/p2bpn2/1P1p3p/3P1N2/2N1P2P/4P1P1/3RKB1R w K - 0 19	0.590948
2r1kr2/p4pp1/P2bpn2/3p4/3P1N1p/2N1P2P/4PKP1/3R1B1R w - - 2 21	0.587677
5r2/p3kpp1/P2bpn2/3p4/2rP3p/2NNP2P/4PKP1/2R2B1R w - - 6 23	0.581869
3r4/p3kpp1/P3pn2/3pb3/2rP3p/2N1P2P/4P1P1/2R2BKR w - - 0 25	0.571109
3r4/p3kpp1/P3p3/2npP3/2r4p/4P2P/N3P1P1/2R2BKR w - - 3 27	0.547840
8/p3kpp1/P3p3/2n1P3/1Np4p/4P2P/4P1P1/3r1BKR w - - 2 29	0.557692
8/N2k1pp1/P3p3/2n1P3/2p4p/4P2P/4P1P1/1r3BKR w - - 1 31	0.546333
8/P2k1pp1/4p3/r1n1P3/2p4p/4P2P/4P1P1/5BKR w - - 1 33	0.463696
8/P2k1pp1/4p3/r1n1P3/8/2p1P1pP/4P1K1/5B1R w - - 0 35	0.426886
rnb1kb1r/ppq1p1pp/5n2/3p1pN1/3P4/8/PPP1PPPP/RN1QKB1R b KQkq - 1 5	0.423472
r1b1kb1r/pp2p1pp/2n2n2/3p1p2/3P1q2/2N2N2/PPP1PPPP/R2QKB1R b KQkq - 5 7	0.423189
r3kb1r/ppq1p1pp/2n1bn2/3p1p2/3P4/2NBPN2/PPP2PPP/R2QK2R b KQkq - 2 9	0.440831
3rkb1r/ppq1p1p1/2n1bn1p/3p1p2/3P4/2NBPN2/PPP2PPP/2RQ1RK1 b k - 1 11	0.442012
3rkb1r/1pq1p1p1/p1n1b2p/3p1p2/3PN3/3BPN2/PPP2PPP/2RQR1K1 b k - 0 13	0.377939
3rkb1r/1pq1p1p1/p1n4p/3b1p2/2P1p3/3BPN2/PP3PPP/2RQR1K1 b k - 0 15	0.356662
4kb1r/1pq1p1p1/p1n4p/3r1p2/4P3/3p1N2/PP3PPP/2RQR1K1 b k - 0 17	0.376990
4kb1r/1pq3p1/p1n4p/3rp3/4R3/3p1N2/PP1Q1PPP/2R3K1 b k - 1 19	0.368880
5rk1/1pq1b1p1/p1n4p/3rp3/P5R1/3p1N2/1P1Q1PPP/2R3K1 b - - 2 21	0.360272
7k/1pq1b1R1/p1n4p/3rp3/P4r2/3p1N2/1P1Q1PPP/2R3K1 b - - 0 23	0.293335
3r4/1pq1b1k1/p1n4p/4p3/P4r2/1P1p1N2/3Q1PPP/4R1K1 b - - 2 25	0.278060
3r4/1pq3k1/p1n4p/2b1p3/P4r2/1PQ2N2/3p1PPP/3R2K1 b - - 1 27	0.284010
7r/2q3k1/ppn4p/3Qp3/P4r2/1P3N2/3p1PPP/3R2K1 b - - 1 29	0.333642
3r4/2q3k1/pp2Q2p/4p3/P2N1r2/1P6/3p1PPP/3R2K1 b - - 0 31	0.331915
4Q3/2q3k1/pp5p/4p3/P4r2/1P1r3P/3p1PP1/3R2K1 b - - 0 33	0.304670
rnbk1b2/ppp1pBpr/7n/3P4/8/8/PPP2PPP/RN1QK1NR b KQ - 0 8	0.650893
rn1k1b2/ppp1pnpr/8/3P1b2/8/2N2N2/PPP2PPP/R2QK2R b KQ - 3 10	0.656719
rnk2b2/ppp1pnp1/7r/3P1b2/3N4/2N5/PPP2PPP/R2Q1RK1 b - - 7 12	0.652669
rnk2b2/ppp3p1/4p2r/3Pnb2/3N4/2N3Q1/PPP2PPP/R4RK1 b - - 3 14	0.646655
rk3b2/pppn2p1/4p2r/3Pnb2/3N4/2N3Q1/PPP2PPP/3RR1K1 b - - 7 16	0.637999
rk3b2/pppn2p1/4p3/3Pnb2/3N2r1/2N1Q3/PPP2PPP/3RR1K1 b - - 11 18	0.628380
rk6/pppn2p1/4N3/3Pnb2/6r1/2N1R3/PPP2PPP/3R2K1 b - - 0 20	0.485018
rk6/pp1n2p1/3RN3/4n3/6r1/2N1R3/PPb2PPP/6K1 b - - 0 22	0.481285
rk6/pp1n2p1/4R3/3Nn3/6r1/4R3/PP3PPP/6K1 b - - 0 24	0.534467
rkr5/pp1n2p1/8/3NR3/8/4R3/PP3PPP/6K1 b - - 0 26	0.534467
rkr5/pp4p1/8/3N4/8/3n4/PP3PPP/1R4K1 b - - 3 28	0.389442
rk6/pp4p1/8/3N4/P7/3n1P2/1P1r2PP/1R4K1 b - - 0 30	0.382514
rk6/pp4p1/8/8/P1n1N3/5P2/3r2PP/1R4K1 b - - 3 32	0.380575
rk6/p5p1/1p2N3/8/P1n5/5P2/2r3PP/1R4K1 b - - 1 34	0.374169
rk6/p5p1/1p2N3/8/P7/4nPP1/6rP/1R5K b - - 2 36	0.375574
rnb1kbnr/ppp2pp1/8/4P2p/2pq4/8/PPQ1P1PP/RNB1KBNR w KQkq - 0 6	0.226012
rnb1k1nr/ppp2pp1/8/3qP2p/1bp5/2N2N2/PPQ1P1PP/R1B1KB1R w KQkq - 4 8	0.238134
r1b1k1nr/ppp2pp1/2n5/3qP2p/2p5/2b1BN2/PPQ1P1PP/3RKB1R w Kkq - 0 10	0.250000
r3k1nr/ppp2pp1/2n1b3/q3P2p/2p2B2/2P2N2/P1Q1P1PP/3RKB1R w Kkq - 3 12	0.229111
r4rk1/ppp1npp1/2n1b3/q3P2p/2p1PB2/2P2N2/P1Q1B1PP/3RK2R w K - 3 14	0.221376
3r1rk1/ppp1npp1/1qn1b3/4P2p/P1p1PB2/2P2N2/2Q1B1PP/3R1RK1 w - - 1 16	0.210338
5rk1/ppp2pp1/1qn1b1n1/4P1Bp/P1p1P3/2P2N2/2Q1BRPP/3r2K1 w - - 0 18	0.202762
4r1k1/ppp2pp1/1q2b1n1/4n1Bp/P1pNP3/2P5/4BRPP/3Q2K1 w - - 0 20	0.207298
4r1k1/ppp2pp1/4q1n1/6BB/P1p1P3/2Pn4/5RPP/3Q2K1 w - - 1 22	0.181774
4r1k1/ppp2pp1/6B1/6q1/P1p1P3/2Pn4/4R1PP/3Q2K1 w - - 0 24	0.184676
4r1k1/pp3pp1/2p5/P4B2/2p1Pq2/2Pn4/4R1PP/3Q2K1 w - - 0 26	0.192012
3r2k1/pp3pp1/2p5/P4B2/2p1P3/2Pnq3/3R2PP/3Q1K2 w - - 4 28	0.181196
3r2k1/pp3pp1/2p5/P3Pq2/2p5/2Pn4/3R2PP/3Q2K1 w - - 0 30	0.095966
3r2k1/pR3pp1/2p5/P1q5/2p5/2Pn4/6PP/3Q2K1 w - - 1 32	0.000276
rnb1kbnr/ppp2ppp/8/8/5B2/6P1/qPP1PP1P/RN2KBNR w KQkq - 0 7	0.500312
rn2k1nr/ppp2ppp/3bb3/8/R4B2/6P1/1PP1PP1P/1N2KBNR w Kkq - 3 9	0.499688
r3k2r/ppp2ppp/2nbbn2/8/R4B2/2N2NP1/1PP1PP1P/4KB1R w Kkq - 7 11	0.493127
3r1rk1/ppp2ppp/2nbbn2/8/R4B2/2N2NP1/1PP1PPBP/5RK1 w - - 11 13	0.499375
3r1rk1/ppp2ppp/4bn2/8/3R1b2/2N3P1/1PP1PPBP/5RK1 w - - 0 15	0.490629
5rk1/pp3ppp/2p1bn2/8/5R2/2N3P1/1PPrPPBP/4R1K1 w - - 2 17	0.494064
5rk1/p4ppp/1pB1bn2/8/1R6/2N3P1/1Pr1PP1P/4R1K1 w - - 0 19	0.497188
2r3k1/p4ppp/1pBRbn2/8/1R6/2N3P1/1P2PP1P/2r3K1 w - - 4 21	0.490005
2r3k1/p4ppp/1pBR1n2/5b2/1R6/2N3PP/1P2PPK1/4r3 w - - 1 23	0.494376
2rRn1k1/5ppp/1pB5/p4b2/3R4/2N3PP/1P2PPK1/4r3 w - - 2 25	0.600807
3Rn1k1/3b1ppp/1pB5/p7/8/2N3PP/1P2PPK1/4r3 w - - 2 27	0.680133
4R3/3B1pkp/1p4p1/p7/8/2N3PP/1P2PPK1/4r3 w - - 1 29	0.692847
4R3/3B1pkp/1N4p1/p7/8/6PP/1r2PPK1/8 w - - 0 31	0.683806
4R3/5pkp/2B3p1/8/p1N5/6PP/r3PPK1/8 w - - 0 33	0.680133
R7/5pkp/2B3p1/8/p7/4N1PP/3r1PK1/8 w - - 2 35	0.680732
rnbBkbnr/1p2pppp/p7/8/3p4/3P4/PPP1PPPP/RN1QKBNR b KQkq - 0 4	0.682939
r1bk1bnr/1p2pppp/p1n5/8/3p4/2PP1N2/PP2PPPP/RN1QKB1R b KQ - 0 6	0.678157
r1bk2nr/1p3ppp/p1n5/4p3/1b1P4/2NP1N2/PP2PPPP/R2QKB1R b KQ - 2 8	0.640585
r1bk2nr/1p3ppp/p1n5/8/1b6/2PP1N2/P3PPPP/2RQKB1R b K - 0 10	0.640799
r1bk3r/1p3ppp/p1nb1n2/3P4/8/2P2N2/P3PPPP/2RQKB1R b K - 0 12	0.635812
r1bk3r/1p3ppp/p2P1n2/4b3/8/2P5/P3PPPP/2RQKB1R b K - 0 14	0.629527
r2k3r/1p3Qpp/p2b1n2/5b2/8/2P5/P3PPPP/2R1KB1R b K - 0 16	0.636471
r2k2r1/5Qpp/p2b1n2/8/4b3/2P5/P3PPPP/2R1KB1R b K - 2 18	0.525536
rk4r1/5Qpp/p2b1n2/8/4b3/2P1P3/P4PPP/3RKB1R b K - 2 20	0.638217
rk4r1/5Qpp/p4n2/8/2P1b3/2b1P3/P3KPPP/3R1B1R b - - 2 22	0.631120
rkr5/5Qpp/2P2n2/p7/4b3/2b1P3/P3KPPP/3R1B1R b - - 0 24	0.634707
rk1R4/6Qp/5n2/p7/2r1b3/2b1P3/P3KPPP/5B1R b - - 2 26	0.635370
r1r5/k6p/3R1n2/p7/4b3/2b1P1Q1/P3KPPP/5B1R b - - 6 28	0.629984
2r5/kr5p/3R1n1Q/p7/4b3/2b1P3/P3KPPP/5B1R b - - 10 30	0.574540
2r5/k6p/3R1n1Q/p7/4b3/2b1P2P/P4rP1/3K1B1R b - - 0 32	0.574255
1nq1kb1r/2p1pp1p/6pn/8/2P1pP2/8/1B1P2PP/RN1QK1NR w KQk - 0 9	0.696296
Q2qkb1r/2pnpp1p/6pn/8/2P1pP2/8/1B1P2PP/RN2K1NR w KQk - 4 11	0.727925
Rn1k1b1r/2p1pp1p/6pn/8/2P1pP2/8/1B1P2PP/1N2K1NR w K - 2 13	0.727925
1R3b1B/2pk1p1p/6pn/4p3/2P1pP2/8/3P2PP/1N2K1NR w K - 0 15	0.736308
5R2/2pk1pBp/6p1/5n2/2P1pp2/8/3P2PP/1N2K1NR w K - 2 17	0.739784
8/2p2R1p/2kn2p1/4B3/2P1pp2/8/3P2PP/1N2K1NR w K - 3 19	0.741605
8/2p4R/2kn2p1/8/2P2B2/8/3p2PP/1N2K1NR w K - 0 21	0.743936
8/2p4R/2kn2p1/8/2P2B2/5N2/3N2PP/4K2R w K - 3 23	0.746087
8/2p4R/2kn2N1/8/2P2B2/8/3N2PP/4K2R w K - 1 25	0.746792
8/2p4R/2kn2N1/4B3/2P5/8/3N2PP/5RK1 w - - 5 27	0.747504
5R2/2p4R/3n2N1/2k1B3/8/8/3N2PP/6K1 w - - 0 29	0.747344
3R4/2R5/3nk1N1/4B3/8/8/3N2PP/6K1 w - - 3 31	0.748964
8/2R5/3R2N1/4B3/2N1k3/8/6PP/6K1 w - - 3 33	0.749007
3R4/2R5/8/4B3/2N1kN2/8/6PP/6K1 w - - 7 35	0.749065
3R4/4R3/4N3/4B3/2N1k3/8/6PP/6K1 w - - 11 37	0.749093
rnbqkb1r/pppp1ppp/8/4P3/4P3/2P5/PP1Pn1PP/RNB1KBNR w KQkq - 0 6	0.352527
r1b1kb1r/pppp1ppp/2n5/4P3/4P2q/2P3N1/PP1P2PP/RNB1KB1R w KQkq - 3 8	0.356034
r1b2rk1/ppppbppp/2n5/4P3/2BPP2q/2P3N1/PP4PP/RNB1K2R w KQ - 3 10	0.365515
r4rk1/ppp1bppp/2np4/4P3/2BPPRbq/2P3N1/PP4PP/RNB3K1 w - - 2 12	0.368654
r4rk1/ppp1bppp/2np4/4PN2/2BPq1b1/2P5/PP4PP/RNB2RK1 w - - 0 14	0.343852
r4r2/ppp1bpkp/2np4/4P3/2BP2b1/2P1q3/PP1N2PP/R1B2RK1 w - - 2 16	0.291301
r4r2/ppp1bpkp/2n5/4p3/2BPq1b1/2P2N2/PP3RPP/R1B3K1 w - - 2 18	0.297138
r7/ppp1brkp/2n5/4p3/3P2b1/2P5/PP1N1RPP/R1B1q1K1 w - - 2 20	0.264656
r7/ppp1b1kp/2n5/8/3p2b1/2P5/PP4PP/R1B1qNK1 w - - 0 22	0.314350
r7/ppp1b2p/2n4k/8/6b1/2Pp4/PP4PP/4RNK1 w - - 0 24	0.305652
3r4/ppp1b2p/2n1b2k/8/8/2PpN3/PP4PP/3R2K1 w - - 4 26	0.295977
3r4/ppp1b2p/2n5/5Nk1/8/2Pp4/bP1R2PP/6K1 w - - 2 28	0.295873
3r4/ppp1n2p/4b3/6k1/1P6/2Pp4/3R2PP/6K1 w - - 1 30	0.291207
3r4/pp5p/2n1b3/6k1/8/2Pp4/3R2PP/6K1 w - - 0 32	0.288105
3r4/pp5p/2n1b3/8/8/2Pp2kP/5RP1/6K1 w - - 3 34	0.291018
rnbqkbnr/ppp1p1pp/8/3p1p2/4P3/3P4/PPP2PPP/RNBQKBNR b KQkq - 0 3	0.492502
rnbqkb1r/ppp1p1pp/5n2/5p2/4p3/2NPB3/PPP2PPP/R2QKBNR b KQkq - 3 5	0.488446
r1bqkb1r/ppp1p1pp/2n5/5p2/4n3/2N1BN2/PPP2PPP/R2QKB1R b KQkq - 1 7	0.488758
r2qkb1r/ppp1p1pp/2n1b3/6N1/4p3/4B3/PPP2PPP/R2QKB1R b KQkq - 1 9	0.497813
r2qkb1r/ppp3pp/2n5/3bp1N1/4p3/4B3/PPP1BPPP/R2Q1RK1 b kq - 1 11	0.505624
r2qkb1r/ppp3pN/8/3bp3/4p3/4B3/PPP1QPPP/R4RK1 b kq - 0 13	0.446467
r2qkb2/ppp3p1/8/1Q1bp3/4p2r/4B3/PPP2PPP/3R1RK1 b q - 3 15	0.461863
r2qk3/pQ2b1p1/2p5/3bp3/2P1p2r/4B3/PP3PPP/3R1RK1 b q - 0 17	0.476012
r2qk3/1Q2b1p1/2p5/3bp3/2P1p2r/4B3/PP3PPP/3R1RK1 b - - 2 19	0.476012
3qk3/Q3b1p1/2p5/3Pp3/4p2r/4B3/Pr3PPP/3R1RK1 b - - 0 21	0.495625
3q4/4bkp1/2Q5/3pp3/4p2r/4B3/Pr3PPP/3R1RK1 b - - 3 23	0.497188
3q4/4bkp1/2Q5/4p3/P3p2r/3pB3/1r3PPP/3RR1K1 b - - 1 25	0.457298
3q1k2/4b1p1/8/4p3/P1Q1p2r/8/1r1B1PPP/3RR1K1 b - - 0 27	0.457601
5k2/4b1p1/8/4p3/P1Q1R2r/8/3q1PPP/6K1 b - - 0 29	0.327560
5k2/4b1p1/8/4p3/P3R2r/8/5PPP/5K2 b - - 0 31	0.333294
r1b1k1nr/pp3pp1/2n4p/3P4/8/8/P1QK1PPP/RN3BNR w kq - 1 9	0.974595
r1b2rk1/ppP2pp1/5n1p/8/8/8/P1QK1PPP/RN3BNR w - - 1 11	0.976735
4rrk1/ppP2pp1/5n1p/8/2B3b1/2N5/P1QK1PPP/R5NR w - - 5 13	0.980417
5rk1/ppP2pp1/5n1p/4rb2/2B5/2N5/P1Q1NPPP/R1K4R w - - 9 15	0.981201
4r2k/ppP2pp1/5n1p/4rb2/2B5/2N5/P2QNPPP/R1KR4 w - - 13 17	0.988342
3Q1r2/ppP2Bpk/5n1p/4rb2/8/2N5/P3NPPP/R1KR4 w - - 3 19	0.997229
rnbqkbnr/1pp1pppp/5P2/p2p4/3P4/8/PPP1P1PP/RNBQKBNR b KQkq - 0 4	0.450656
r1bqkb1r/1pp1pppp/2n2n2/p2p4/3P4/2N2N2/PPP1P1PP/R1BQKB1R b KQkq - 3 6	0.450656
r2qkb1r/1pp2ppp/2n1pn2/p2p1b2/3P1B2/2N2N2/PPP1P1PP/2RQKB1R b Kkq - 1 8	0.442604
r2q1rk1/1pp2ppp/2nbpn2/p2p1b2/3P1B2/2NBPN2/PPP3PP/2RQK2R b K - 2 10	0.439064
r2q1r1k/1pp2p1p/2nbpn1p/p2p1bN1/3P4/2NBP3/PPP3PP/2RQK2R b K - 1 12	0.306398
r4r1k/1pp1qp1p/2nbpn2/p2p1bp1/3P4/2NBP3/PPP2RPP/2RQ2K1 b - - 3 14	0.300439
3r1rk1/1pp1qp1p/2nbpn2/p2p1Bp1/3P4/P1N1P3/1PP2RPP/2RQ2K1 b - - 0 16	0.303226
3r1rk1/1pp1qp1p/2nb1n2/p2p1p2/3P2p1/P1N1P3/1PP1QRPP/2R3K1 b - - 1 18	0.303107
3r1r1k/1pp1qp1p/2nb1n2/3p1R2/p2P2p1/P1N1P3/1PP1Q1PP/3R2K1 b - - 1 20	0.321997
3rr1k1/1pp1qp1p/2nb1n2/3p1R2/3P2p1/P1N1P3/1PP1Q1PP/3R2K1 b - - 2 22	0.332775
3rr2k/1pp2p1p/2nbqR2/3p4/3P2p1/P1N1P3/1PP2QPP/3R2K1 b - - 0 24	0.421213
3r3k/1pp2R1p/2nb4/3p4/3P2p1/P1N1r3/1PP3PP/3R2K1 b - - 0 26	0.420932
3r3k/1pR4p/2n5/3p4/3P2p1/P1r5/2P3PP/3R2K1 b - - 0 28	0.421213
3r3k/1R5p/2n5/3p4/2rP2p1/P6P/6P1/3R2K1 b - - 0 30	0.390450
3r2k1/1R5p/2n5/3p4/P1rP4/7P/8/3R2K1 b - - 0 32	0.374402
rnb1kbnr/1ppp1ppp/4p3/p7/8/N7/PPPPKPP1/R1B2BNR w kq - 0 6	0.439064
rnb1k2r/1ppp1ppp/3bpn2/pN6/8/5N2/PPPPKPP1/R1B2B1R w kq - 4 8	0.457601
r1b1k2r/1p1p1ppp/2nppn2/p7/8/5N2/PPPP1PP1/R1B1KB1R w kq - 2 10	0.442900
r1b2rk1/1p1p1ppp/3ppn2/p7/1n5R/3B1N2/PPPP1PP1/R1B1K3 w - - 6 12	0.437890
r1b2rk1/1p1p1ppp/3pp3/p7/4n3/3R1N2/PPPP1PP1/R1B1K3 w - - 1 14	0.430042
r1b2rk1/1p1p1ppp/3np3/p2p4/3R4/3P1N2/PPP2PP1/R1B1K3 w - - 1 16	0.455177
r1b2rk1/3p1ppp/4p3/pp1p1n2/R4B2/3P1N2/PPP2PP1/R3K3 w - - 0 18	0.434094
r4rk1/1b1p1ppp/4p3/pp3n2/3p1B2/R2P1N2/PPP2PP1/3RK3 w - - 0 20	0.425460
2r2rk1/3p1ppp/4p3/pp3n2/3p1B2/1R1P1P2/PPP2P2/3RK3 w - - 1 22	0.417573
5rk1/1R1p1ppp/4p3/p7/3p1B1n/3P1P2/PPr2P2/3RK3 w - - 2 24	0.392734
2r3k1/1R1p1ppp/3Bp3/p7/3p4/3P1n2/PPr2P2/3R1K2 w - - 2 26	0.405013
2r3k1/1R1p1ppp/3Bp3/p4n2/3p4/3P4/PPr2P2/3R2K1 w - - 6 28	0.396330
2r3k1/1R1p1pp1/4p3/4Bn1p/p2p4/3P4/PPr2P2/4R1K1 w - - 0 30	0.393244
2r3k1/3R1pp1/4p3/4Bn1p/1P1p4/p2P4/r4P2/4R1K1 w - - 0 32	0.392479
2r3k1/5pp1/4p3/7p/1P1R4/p2P4/1r3P2/4R1K1 w - - 1 34	0.371160
rnbqkb1r/pp1pnp1p/6p1/2p1p3/4P3/P2P3P/1PP2PP1/RNBQKBNR w KQkq - 0 5	0.501562
rnbqk2r/pp2npbp/3p2p1/2p1p3/4P3/P2PBN1P/1PP2PP1/RN1QKB1R w KQkq - 0 7	0.504999
r1bq1rk1/pp2npbp/2np2p1/2p1p3/4P3/P1NPBN1P/1PP1BPP1/R2QK2R w KQ - 4 9	0.499063
2rq1rk1/pp2npbp/2npb1p1/2p1p3/4P3/P1NPBN1P/1PP1BPP1/2RQ1RK1 w - - 8 11	0.504999
2rq1rk1/pp2npbp/3pb1p1/4p3/3pP3/P1NPB2P/1PP1BPP1/2RQR1K1 w - - 0 13	0.422059
2rq1rk1/pp2np1p/3pb1p1/1N2b3/3pP3/P2P3P/1PP1BPP1/2RQR1K1 w - - 2 15	0.419248
2r2rk1/pp3p1p/2npb1p1/1N2b1q1/3pP3/P1PP1B1P/1P3PP1/2RQR1K1 w - - 1 17	0.414247
5r1k/ppr2p1p/2npb1p1/4b1q1/3pP1B1/P1PP3P/1P3PP1/2RQR1K1 w - - 0 19	0.338997
5rk1/ppr2p1p/2npb1p1/6q1/2PpPbB1/P2P1Q1P/1P3PP1/2R1R1K1 w - - 3 21	0.337363
3r2k1/pp2rp1p/2npb1p1/6q1/2PpPbB1/P2P3P/1P2QPP1/3RR1K1 w - - 7 23	0.335044
3r2k1/pp2rp1p/2n3p1/3p2q1/P1PpPbb1/3P2PP/1P2QP2/3RR1K1 w - - 0 25	0.334516
3r2k1/pp2rp1p/2n3p1/3pb3/P1PpP1P1/3P2P1/1P3P2/3RR1K1 w - - 1 27	0.359201
3r2k1/pp2rp1p/6p1/P2Pb3/3pP1P1/3P2P1/1Pn2P2/3RR1K1 w - - 1 29	0.359629
2r1r1k1/pp3p1p/6p1/P2Pb1P1/3pP3/3P2P1/1Pn1RP2/3R2K1 w - - 1 31	0.364409
2rr2k1/pp3p1p/6p1/P2Pb1P1/1n1pP3/3P2P1/1P2RP2/3R2K1 w - - 5 33	0.362872
rnbqkbnr/ppp1ppp1/3P3p/8/8/8/PPPP1PPP/RNBQKBNR b KQkq - 0 3	0.499375
r1bqkbnr/pp2ppp1/2Bp3p/8/8/8/PPPP1PPP/RNBQK1NR b KQkq - 0 5	0.498438
r1bqkb1r/p3ppp1/2Qp1n1p/8/8/8/PPPP1PPP/RNB1K1NR b KQkq - 0 7	0.488758
2rqkb1r/p2bppp1/3p1n1p/8/8/2N2Q2/PPPP1PPP/R1B1K1NR b KQk - 4 9	0.494064
2r1kb1r/p2bppp1/1q3n1p/3p4/8/2N2Q2/PPPPNPPP/R1B2RK1 b k - 3 11	0.513113
2r1k2r/p2b1pp1/1q1bpn1p/3p4/3P4/2N2Q2/PPP1NPPP/R1BR2K1 b k - 2 13	0.516849
2r1k1r1/p2b1p2/1q1bpp1p/3p4/3P4/2N3N1/PPP2PPP/R1BR2K1 b - - 1 15	0.368427
2r2k2/p2b1pN1/1q1bpp1p/3p4/3P2r1/2N5/PPP2PPP/R1BR2K1 b - - 5 17	0.298984
2r4k/p2b1p2/1q1bpN1p/3p4/3P2r1/2N5/PPP2PPP/R1BR2K1 b - - 0 19	0.440241
2r5/p2b1pk1/1q1bp3/3pN2p/3P4/2N5/PPP2PPP/R1BR2K1 b - - 1 21	0.555320
2r3k1/p4p2/1q1bp3/1b1pN2p/3P1B2/2N5/PPP2PPP/2RR2K1 b - - 5 23	0.565906
2r3k1/p4p2/1q1bp3/3pN3/P1bP1B1p/1PN5/2P2PPP/2RR2K1 b - - 0 25	0.565033
2r3k1/p4p2/3Bp3/q7/P1pP3p/1PN5/2P2PPP/2RR2K1 b - - 0 27	0.567068
6k1/p4p2/3Bp3/3P4/P1r4p/2q5/2P2PPP/2RR2K1 b - - 0 29	0.543309
6k1/p4p2/8/3RB3/r6p/2q5/2P2PPP/2R3K1 b - - 1 31	0.558579
r1bqkbnr/p1pp1ppp/4p3/1B5Q/3nP3/2N5/PPPP1PPP/R1B1K1NR w KQkq - 3 5	0.269336
r1bqkb2/p1pp1ppr/4pn2/8/3nP3/2NB4/PPPP1PPP/R1B1K1NR w KQq - 2 7	0.086644
r1bqkb2/p1pp1pp1/4pn2/8/4P3/2NB1P1r/PPPP1P1P/R1B1K2R w KQq - 1 9	0.069417
r1bqkb2/p1pp1pp1/8/3pP3/8/3B1P1r/PPPP1P1P/R1B1K2R w KQq - 0 11	0.062141
r2qk3/pbpp1pp1/8/2bpP3/5P2/3B3r/PPPP1P1P/R1B2RK1 w q - 3 13	0.060393
r3k3/pbpp1pp1/8/2bpPB2/5P1q/3P1r2/PPP2P1P/R1B2RK1 w q - 1 15	0.055405
r3k3/pbpp1pp1/8/3pPB2/5P1q/3Pr3/PPP4P/R4RK1 w q - 0 17	0.052753
r3k3/pbpp1pp1/8/3pPB2/5P2/3P2qP/PPP1r3/3R1RK1 w q - 1 19	0.000276
1nb1k1nr/1ppp3p/r5pB/p4pq1/3p4/N6N/1PP1PPPP/R2QKB1R w KQk - 0 9	0.971807
2b1k2r/1pppn2p/r1n3p1/p4pB1/2Np4/7N/1PP1PPPP/R2QKB1R w KQk - 3 11	0.976287
2b2rk1/1pp1n2p/r1n2Bp1/p2p1p2/2Np1N2/8/1PP1PPPP/R2QKB1R w KQ - 2 13	0.971338
2b2r1k/1pp1n2p/r5p1/N2p1p2/3p1N2/8/1PP1PPPP/R2QKB1R w KQ - 1 15	0.982638
2b2r1k/1pp4p/5rp1/N2n1p2/3Q4/8/1PP1PPPP/R3KB1R w KQ - 0 17	0.982554
2b2r1k/1p5p/2p2rp1/N3Q3/5p2/8/1PP1PPPP/R3KB1R w KQ - 0 19	0.982929
r6k/1p5p/2p2rp1/4Qb2/2N2p2/8/1PP1PPPP/4KB1R w K - 0 21	0.984123
6k1/1p5p/2pN1Qp1/5b2/5p2/8/1PP1PPPP/r3KB1R w K - 3 23	0.984764
3Q4/1p4kp/2pN2p1/r4b2/5p2/8/1PPKPPPP/5B1R w - - 7 25	0.995170
7k/1p3Q1p/2pN2p1/r4b2/5p2/8/1PPKPPPP/5B1R w - - 11 27	0.999724
1rb1kbnr/ppp1pppp/8/8/3P4/5N2/P2P2PP/RNBQK2R b KQk - 0 8	0.919446
1r2kb1r/Qppbpppp/5n2/8/3P4/5N2/P2P2PP/RNB1K2R b KQk - 0 10	0.929983
3rkb1r/2p1pppp/2Q2n2/8/3P2b1/5N2/P2P2PP/RNB1K2R b KQk - 2 12	0.946176
3rkb1r/2Q1pppp/5n2/5b2/3P4/5N2/P2P2PP/RNB2RK1 b k - 2 14	0.950572
4kb1r/3rpppp/2Q2n2/4N3/3P4/3b4/P2P2PP/RNB2RK1 b k - 6 16	0.955056
3k1b1r/4pppp/2Q2n2/4N3/3P4/8/P2P2PP/RNB2bK1 b - - 2 18	0.983813
3k1br1/4pQpp/5n2/4N3/3P4/8/P2P2PP/RNB3K1 b - - 0 20	0.989633
2k2br1/4pQp1/5n1p/4N3/3P4/B1N5/P2P2PP/R5K1 b - - 1 22	0.991666
5br1/2k1NQp1/5n1p/8/3P4/B1N5/P2P2PP/R5K1 b - - 0 24	0.991666
3r4/2k2Qp1/5B1p/8/3P4/2N5/P2P2PP/R5K1 b - - 0 26	0.996832
8/3r1Qp1/3k3p/3NB3/3P4/8/P2P2PP/R5K1 b - - 4 28	0.999425
8/1k1Q2p1/7p/3NB3/3P4/8/P2P2PP/2R3K1 b - - 0 30	0.999457
8/6Q1/2R4p/k2NB3/3P4/8/P2P2PP/6K1 b - - 0 32	0.999476
rnbqkbnr/pppp1pp1/7p/3Np3/8/8/PPPPPPPP/R1BQKBNR w KQkq - 0 3	0.516538
rnb1kb1r/pppp1pp1/5q1p/4p3/8/5N2/PPPPPPPP/R1BQKB1R w KQkq - 0 5	0.497813
r1b1k2r/pppp1pp1/2nb1q1p/4p3/3P4/4BN2/PPP1PPPP/R2QKB1R w KQkq - 3 7	0.499375
r1b1k1r1/ppp2pp1/2pb1q1p/4p3/8/4BN2/PPP1PPPP/R2QKB1R w KQq - 0 9	0.569382
r3kr2/ppp2pp1/2pbbq1p/4p3/2P5/4BN2/PP2PPPP/2RQKB1R w Kq - 1 11	0.574825
2kr1r2/ppp2pp1/2p1bq1p/4p3/1bP5/5N1P/PP1BPPP1/2RQKB1R w K - 3 13	0.554725
2kr4/ppp2pp1/2p1bq1p/4p3/1BP5/5N1P/PP2PPP1/3RKB1R w K - 1 15	0.555617
2k5/ppp2pp1/2p1bq1p/4p3/1BP1P3/5N1P/PP3PP1/4KB1R w K - 1 17	0.549644
2k5/ppp2pp1/2p1b2p/2B1p3/2P1P3/3B1N1P/PP3PP1/2q1K2R w K - 5 19	0.408781
2k5/ppp2pp1/2p1b2p/2B1N3/2P1P3/3B3P/PP2KPq1/8 w - - 0 21	0.405013
1k6/ppp2pp1/2p4p/2B1N2P/2P1P1b1/3B4/PP2KPq1/8 w - - 1 23	0.390450
2k5/pppN1pp1/2p4p/2B4b/2P1P3/3BK3/PP3Pq1/8 w - - 2 25	0.390450
1k6/ppp2pp1/2p4p/2B1N1qb/2PKP3/3B4/PP3P2/8 w - - 6 27	0.390198
k7/ppp2pp1/2p4p/2B1N2b/2PKPq2/3B4/PP3P2/8 w - - 10 29	0.363091
1k6/ppp1Bpp1/2p4p/4N2b/2P1P3/2KB4/PP3q2/8 w - - 2 31	0.358988
rn2kb1r/ppp1pppp/8/3n4/8/3P4/RP1KNPPP/1NBQ1B1R w kq - 1 8	0.711983
3rkb1r/ppp1pppp/2n5/3n4/8/2NP4/RP2NPPP/2BQKB1R w k - 5 10	0.713109
4kb1r/ppp2ppp/2n5/3rp3/5B2/3P4/RP2NPPP/3QKB1R w k - 0 12	0.712593
5rk1/ppp2ppp/2n5/3rp2Q/1b3B2/2NP4/RP3PPP/4KB1R w - - 4 14	0.710372
3r3k/ppp2ppp/2n5/3rp2Q/1b6/2NPB3/RP2BPPP/4K2R w - - 8 16	0.725946
3r3k/1ppr2pp/2n1Q3/p3p3/1b6/2NPB3/RP2BPPP/4K2R w - - 0 18	0.725132
3r3k/1pp3pp/4Q3/p2rp3/1b1n4/2NPB3/1P2BPPP/R3KR2 w - - 4 20	0.723613
3r3k/1pp3pp/4Q3/p2r4/1b6/2pP4/1P2BPPP/2R1KR2 w - - 0 22	0.701674
3r3k/1pp3pp/3rQ3/p1b5/3P4/2P5/4BPPP/2R1KR2 w - - 1 24	0.707450
3r3k/1ppr1Qpp/8/p1b5/3P4/2P5/4BPPP/2R1KR2 w - - 9 28	0.706368
5r1k/1ppr2pp/8/p7/3P4/b1P2Q2/4BPPP/R3KR2 w - - 13 30	0.717843
3r1r1k/1Qp3pp/3b4/R7/3P4/2P5/4BPPP/4KR2 w - - 1 32	0.720238
3r1r1k/2p3pp/4Q3/R7/3P1b2/2P5/4BPP1/4KR2 w - - 2 34	0.718513
1r5k/R1p1Q1pp/5r2/8/3P1b2/2P5/4BPP1/4KR2 w - - 6 36	0.715431
rnbqk1nr/pp1p2pp/8/2p2P2/2P1p3/N4P2/PP1P2PP/R1BQKBNR w KQkq - 0 6	0.629298
rnb1k1nr/pp1p2pp/8/2p2P2/2P1q3/N5P1/PP1P3P/R1BQKBNR w KQkq - 0 8	0.609802
rnb1k2r/pp1p2pp/5n2/2p2P2/2P5/N5P1/PP1Pq1BP/R1B1K1NR w KQkq - 0 10	0.620867
r1b2rk1/pp1p2pp/2n2n2/2p2P2/2P5/N5P1/PP1PN1BP/R1B2RK1 w - - 3 12	0.626065
r1b1r1k1/pp1p2pp/5n2/1Np2P2/2Pn4/2N3P1/PP1P2BP/R1B2RK1 w - - 7 14	0.665834
1rb1n1k1/pp1p2pp/8/2p2P2/2Pn4/2N3P1/PP1P2BP/R1B2RK1 w - - 0 16	0.675976
1rb1n2k/pp4pp/3p4/2pB1P2/2PnN3/6P1/PP1P3P/R1B2RK1 w - - 0 18	0.670621
1r2n2k/pp3Ppp/3p4/2pB1b2/2P1N3/6P1/PP1Pn2P/R1B2RK1 w - - 1 20	0.723235
1r5k/pp3Ppp/3p1n2/2p5/2P1B3/6P1/PP1Pn1KP/R1B2R2 w - - 1 22	0.702217
1r5k/5Ppp/3p1n2/p1p5/2PnB3/6P1/PP1P2KP/R1B2R2 w - - 0 24	0.704954
3r3k/5Ppp/3p1n2/2p5/p1PnB3/3P2P1/PP1B2KP/R4R2 w - - 2 26	0.725600
3r3k/5Ppp/3p1n2/2p5/p1PnB3/3P2PP/PP1B2K1/2R2R2 w - - 1 28	0.727174
5r1k/5Ppp/3p4/2pn4/p1Pn4/3PB1PP/PP4K1/2R2R2 w - - 0 30	0.711719
5r1k/5Ppp/3p4/2p5/p1PB4/P2n2PP/1P4K1/2R2R2 w - - 0 32	0.698761
7k/5rpp/3p4/2p1B3/p1P5/P5PP/1P4K1/3R1R2 w - - 0 34	0.720793
rn1q1bnr/ppp1pkpp/8/3p4/3P1P2/1Q2K3/PP4PP/RbB2BNR w - - 0 8	0.501250
r2q1bnr/pQp1pkpp/8/n2p4/3P1P2/4K3/PP4PP/1RB2BNR w - - 1 10	0.506873
r2q1b1r/p3pkpp/Q1p2n2/n2p4/3P1P2/4KN2/PP4PP/1RB2B1R w - - 2 12	0.518093
r2q1bkr/p5pp/Q1p1pn2/n2p4/3P1P2/3BKN2/PP4PP/1RBR4 w - - 0 14	0.514982
r2q1bkr/p5pp/Q1p1p3/3p4/2nP1Pn1/3B1N2/PP1BK1PP/1R1R4 w - - 4 16	0.541184
r4bkr/p5pp/2Q1p3/3q4/2pP1Pn1/5N2/PP1BK1PP/1R1R4 w - - 1 18	0.538443
4rbkr/p5pp/8/3p4/2pP1Pn1/5N1P/PP1BK1P1/1R1R4 w - - 1 20	0.540575
4r1kr/p5pp/3b1n2/3pNP2/2pP4/7P/PP1BK1P1/1R1R4 w - - 1 22	0.530165
4r1kr/6pp/3b4/p2pNP2/2pPnB2/7P/PP2K1P1/2RR4 w - - 0 24	0.533853
4r1kr/6pp/3b4/4NP2/p1pPnB2/5K1P/PP4P1/3R4 w - - 0 26	0.528624
4r1kr/6pp/3b4/4NP2/3PKB2/P1p4P/P5P1/3R4 w - - 0 28	0.520268
2r3kr/6pp/3b4/4NP2/P2PKB2/7P/P1p3P1/2R5 w - - 0 30	0.500312
2r3kr/6pp/8/P3NP2/3PKB2/b6P/P5P1/2q1R3 w - - 0 32	0.499375
6kr/6pp/8/P3NP2/3PK3/7P/P5P1/2b5 w - - 0 34	0.523059
7r/P3k1pp/8/4NP2/3PK3/7P/P5P1/2b5 w - - 1 36	0.566487
rnbqk1nr/pp1p2pp/8/2p2p2/8/8/1PPPPP1P/RNBQKBNR w KQkq - 0 6	0.332427
rnbqk2r/pp1p2pp/5n2/5p2/3Q4/8/1PP1PP1P/RNB1KBNR w KQkq - 1 8	0.350807
rnb2rk1/pp1pq1pp/5n2/5Q2/8/8/1PP1PP1P/RNB1KBNR w KQ - 1 10	0.331590
r1b2rk1/pp2q1pp/2n2n2/3p1Q2/8/4B3/1PP1PPBP/RN2K1NR w KQ - 0 12	0.328505
r4rk1/pp2q1pp/2n1b3/3Q4/8/4B3/1PP1PP1P/RN2K1NR w KQ - 1 14	0.325109
3r1rk1/pp4pp/2n1b3/7Q/1q6/4BN2/1PP1PP1P/RN2K2R w KQ - 5 16	0.333817
3rQrk1/pp4pp/2n1b3/8/8/2N1BN2/2P1PP1P/q3K2R w K - 0 18	0.000276
rnb1kbnr/ppp1pppp/8/3q4/8/8/PP1PPPPP/RNBQKBNR w KQkq - 0 3	0.512801
r1b1kb1r/ppp1pppp/2n2n2/3q4/3P4/5N2/PP2PPPP/RNBQKB1R w KQkq - 1 5	0.514048
r2qkb1r/ppp1pppp/2n2n2/5b2/3P1B2/2N2N2/PP2PPPP/R2QKB1R w KQkq - 5 7	0.517160
2rqkb1r/ppp2ppp/2n1pn2/5b2/3P1B2/2N1PN2/PP3PPP/2RQKB1R w Kk - 0 9	0.520889
2rq1rk1/ppp2ppp/2nbpn2/5b2/2BP1B2/2N1PN2/PP3PPP/2RQ1RK1 w - - 4 11	0.508122
2rq1r1k/ppp2ppp/2nbB3/5b2/3Pn3/2N1PNB1/PP3PPP/2RQ1RK1 w - - 1 13	0.647677
2q2rk1/ppp2ppp/2nb4/3N1b2/3Pn3/4PNB1/PP3PPP/2RQ1RK1 w - - 2 15	0.587128
3q1r1k/ppp2ppp/2nb4/3N1b2/3Pn3/1Q2PNB1/PP3PPP/2R1R1K1 w - - 6 17	0.615037
3q1r1k/ppp2ppp/2nb4/5N2/3Pn3/1Q2PNB1/PP3PPP/2R1R1K1 w - - 1 19	0.691827
3q1r2/pQp2pkp/2n5/8/3Pn3/4PNb1/PP3PPP/2R1R1K1 w - - 0 21	0.694348
3q1r2/p1p2pkp/2Q5/8/3P4/3nPNP1/PP4P1/2R1R1K1 w - - 1 23	0.677073
5r2/p1p2pkp/2Q5/4N1q1/3P4/4P1P1/PP4P1/4R1K1 w - - 1 25	0.667742
5r2/p1p2p1p/5k2/4N3/3P4/4P1P1/PP3KP1/4R3 w - - 0 27	0.684946
5k2/p1p2p1p/8/8/3P4/4P1P1/PP3KP1/4R3 w - - 0 29	0.701565
5k2/p4p2/2R5/7p/3P4/4P1P1/PP3KP1/8 w - - 0 31	0.709357
rnbqkbnr/ppp1pppp/8/8/3Pp3/2P5/PP3PPP/RNBQKBNR b KQkq - 0 3	0.727871
r1bqkb1r/ppp1pppp/2n2n2/8/2BPpB2/2P5/PP3PPP/RN1QK1NR b KQkq - 4 5	0.720451
r2qkb1r/ppp2ppp/2n1pn2/8/2BPpBb1/2P5/PP2NPPP/RN1Q1RK1 b kq - 1 7	0.726631
r2q1rk1/ppp2ppp/2nbpn2/8/2BPpBb1/2P3N1/PP1Q1PPP/RN3RK1 b - - 5 9	0.701859
2rq1r1k/ppp2ppp/2nbpn2/8/2BPNBb1/2P5/PP1Q1PPP/RN2R1K1 b - - 0 11	0.743751
2r2r1k/ppp2ppp/2nbp3/8/2BPRBbq/N1P5/PP1Q1PPP/R5K1 b - - 2 13	0.735952
2r2r1k/ppp2ppp/2nNp3/8/2BPRBbq/2P5/PP1Q1PPP/R5K1 b - - 0 15	0.798442
2r1r2k/pp3ppp/2nBp3/8/2BPR1bq/2P5/PP1Q1PPP/4R1K1 b - - 2 17	0.801442
3rr1k1/pp3ppp/2nBp3/3B4/3PRQbq/2P5/PP3PPP/4R1K1 b - - 6 19	0.805022
3r2rk/pp3Qpp/2nBB3/8/3PR1bq/2P5/PP3PPP/4R1K1 b - - 0 21	0.885149
3r3k/pp3Qpp/2nB4/8/3PR1Bq/2P5/PP3PPP/6K1 b - - 0 23	0.944348
rnbqk2r/1pp1pp1p/7n/p2p4/4P2P/8/PPPP2P1/RNBQKBNR b KQkq - 0 6	0.568804
rn1qk2r/1pp1pp1p/7n/p7/4p1bP/2N5/PPPPB1P1/R1BQK1NR b KQkq - 3 8	0.572542
rn1qk2r/1pp1pp1p/7n/p4b2/7P/2NB4/PPP3P1/R1BQK1NR b KQkq - 0 10	0.582705
rn2k2r/1p2pp1p/2pQ3n/pB3b2/7P/2N5/PPP3P1/R1B1K1NR b KQkq - 0 12	0.603152
rn2k2r/1p3p1p/3p3B/pN3b2/7P/8/PPP3P1/R3K1NR b KQkq - 0 14	0.622061
rn5r/1p2kp1p/7B/p2p1N2/7P/8/PPP3P1/R3K1NR b KQ - 0 16	0.687313
rn5r/1p3p1p/3k4/p2p4/3N1B1P/8/PPP3P1/R3K1NR b KQ - 4 18	0.694964
rn2r3/1p3p1p/8/p1kp4/3N1B1P/5N2/PPP2KP1/R6R b - - 8 20	0.686208
r3r3/1p3p1p/2n5/2kp1N2/p4B1P/5N2/PPP2KP1/R2R4 b - - 1 22	0.687587
r3r3/1p3p1p/2n5/3p1N2/2k4P/B4N2/PPP2KP1/R2R4 b - - 0 24	0.709076
r3r3/1p3p1p/2nN4/3k4/2Pp3P/B4N2/PP3KP1/R2R4 b - - 0 26	0.719744
4r3/1p3p1p/2n1k3/8/2PN3P/B7/PP3KP1/R2R4 b - - 0 28	0.720308
4r3/1p3p1p/3R1k2/8/2P4P/B7/PP3KP1/R7 b - - 2 30	0.722072
8/1p3pkp/3R4/8/2PBr2P/8/PP3KP1/R7 b - - 6 32	0.725191
8/1p2kp1p/3R4/2P5/3Br2P/6K1/PP4P1/R7 b - - 0 34	0.725716
rnbqkb1r/ppppnppp/8/4P3/4P3/8/PPP2PPP/RNBQKBNR b KQkq - 0 3	0.549043
r1bqkb1r/ppp1nppp/2n5/3pP3/4P3/2N2N2/PPP2PPP/R1BQKB1R b KQkq - 3 5	0.543915
2rqkb1r/ppp1nppp/2n1b3/3pP1N1/4P3/2N1B3/PPP2PPP/R2QKB1R b KQk - 7 7	0.524298
2rqkN1r/ppp1npp1/2n1b3/3pP3/4P3/2N1B3/PPP2PPP/R2QKB1R b KQ - 0 9	0.554427
2rqk2r/ppp1npp1/2n1b3/1B1pP3/4P3/2N1B3/PPP2PPP/R2Q1RK1 b - - 3 11	0.586579
2rqk2r/ppp1npp1/2n1P3/1B2P3/8/2N1B3/PPP2PPP/R2Q1RK1 b - - 0 13	0.683229
2rqkr2/1pp1n1p1/2n1p3/1BB1P3/8/2N5/PPP2PPP/R2Q1RK1 b - - 2 15	0.688537
2rq1k2/1pp1n1p1/2B1p3/2B1P2Q/5r2/2N5/PPP2PPP/R4RK1 b - - 0 17	0.694348
2r1qk2/2p1n1pQ/2p1p3/2B1P3/5r2/2N5/PPP2PPP/3R1RK1 b - - 3 19	0.699674
3Rq2Q/2p1nkp1/2p1p3/2B1P3/5r2/2N5/PPP2PPP/5RK1 b - - 0 21	0.731292
7R/2p2kp1/2p1p3/2BnP3/5r2/2N3P1/PPP2P1P/5RK1 b - - 0 23	0.730181
5R2/2p2kp1/4p3/2BpP3/2r5/6P1/PPP2P1P/5RK1 b - - 1 25	0.719815
5R2/2p3p1/4p1k1/3pP3/8/4B1P1/PPr2P1P/1R4K1 b - - 1 27	0.721338
2R5/6p1/4p3/2ppPk2/8/4B1P1/PPr2P1P/1R4K1 b - - 3 29	0.719815
8/6R1/4p3/3pk3/2p5/4B1P1/PPr2P1P/1R4K1 b - - 0 31	0.717005
rnb1k1nr/p2pbpp1/7p/1Q6/4P3/2P4P/PP1P1PP1/RNB1KBNR b KQkq - 0 8	0.726456
r1b1k2r/p2pbpp1/2n2n1p/5Q2/4P3/2P2N1P/PP1P1PP1/RNB1KB1R b KQkq - 4 10	0.711630
r1b2rk1/p3bpp1/2n2n1p/3p4/2B1PQ2/2P2N1P/PP1P1PP1/RNB1K2R b KQ - 1 12	0.687995
r4rk1/p3bpp1/2n1bn1p/8/2p1PQ2/2P2N1P/PP1P1PP1/RNB1R1K1 b - - 3 14	0.681326
3r1rk1/p4pp1/2n1bn1p/2b5/P1p1P3/2P2NQP/1P1P1PP1/RNB1R1K1 b - - 0 16	0.679074
3r2k1/p4pp1/P1n1bn1p/2b5/2p1P3/2Pr1NQP/1P1P1PP1/RNB1R1K1 b - - 0 18	0.680283
3r2k1/p4p2/P1n1b1pp/2bnP3/2p5/N1Pr1NQP/1P1P1PP1/R1B1R1K1 b - - 2 20	0.689074
3r2k1/p4p2/P1nNb1pp/2bnP3/8/2Pr1NQP/1P1P1PP1/R1B1R1K1 b - - 2 22	0.695086
3r2k1/p4p2/P2bb1pp/3n4/4Q3/2Pr1N1P/1P1P1PP1/R1B1R1K1 b - - 1 24	0.687995
3r2k1/p4p2/P3b1pp/4Q3/5n2/2Pr3P/1P1P1PP1/R1B1R1K1 b - - 0 26	0.694964
3r1k2/p4p2/P3b2Q/6p1/5n2/2Pr3P/1P1P1PP1/R1B1R1K1 b - - 0 28	0.717692
3rk3/p4p2/P3b3/1Q6/5n2/2P2r1P/1P1P1PP1/R1B1R1K1 b - - 2 30	0.737578
3r2k1/p4p2/P3b3/6Q1/5n2/2P2r1P/1P1P1PP1/R1B1R1K1 b - - 6 32	0.741160
3Q4/p4p1k/P3b3/8/8/2P2r1P/1P1P1P2/R1B1R1K1 b - - 0 34	0.744587
3Q4/p4p1k/P3b3/6B1/3P4/2P2r2/1P3P2/R3R1K1 b - - 2 36	0.745357
rn3bnr/p1pkpppp/1p6/8/4N3/2P5/PP3P1P/R1B1Kb1R w KQ - 0 9	0.370016
rn3b1r/p1pk1ppp/1p3p2/8/8/2P5/PP3P1P/R1B1KR2 w Q - 0 11	0.361567
r6r/p1pk1ppp/1pn2p2/2b5/5B2/2P5/PP3P1P/2R1KR2 w - - 4 13	0.355826
r1k1r3/p1p2ppp/1pn2p2/2bR4/5B2/2P5/PP3P1P/4KR2 w - - 8 15	0.339731
r7/pkp2ppp/1pn2p2/2bR4/5B2/2P5/PPK1rP1P/5R2 w - - 12 17	0.331915
4r3/pkp2ppp/1pn2p2/2b5/5B2/2P5/PP1r1P1P/1K3R2 w - - 0 19	0.334341
8/pkp2ppp/1pnb1p2/8/8/2P5/PP2rP1P/1K2BR2 w - - 3 21	0.325775
8/pkp2p1p/1pn2pp1/7P/5b2/2P5/PP2rP2/1K2BR2 w - - 0 23	0.327396
8/pkp2p2/2n2pp1/1p6/5b2/2P5/PP2rP2/1K2B1R1 w - - 0 25	0.327888
8/pkp2p2/5pp1/1p6/5b2/2Pn1P2/PP2r3/1K2BR2 w - - 3 27	0.304548
8/pkp2p2/5p2/1p4p1/5b1B/2Pn1P2/Pr6/K4R2 w - - 0 29	0.308559
8/pkp2p2/5p2/1p6/5b1p/2PR1P2/P1r5/K7 w - - 1 31	0.313375
8/p1p2p2/2k2p2/1p1R4/7p/2P2Pb1/P1r5/K7 w - - 5 33	0.309209
8/p1p2p2/2k2p2/1p2bR2/7p/2r2P2/P7/1K6 w - - 0 35	0.301009
8/p1p2p1R/2k2p2/1p2b3/1r5p/5P2/P7/1K6 w - - 4 37	0.302400
rn1qkbnr/ppp1pppp/8/3p4/3P1B2/8/PPP1PPBP/RN1QK2R b KQkq - 0 4	0.246875
r2qkb1r/ppp1pppp/2n2n2/3p4/3P1B2/2N5/PPP1PPBP/R2Q1RK1 b kq - 4 6	0.238134
r2qk2r/ppp2ppp/2nbpn2/3p4/3P1B2/2N5/PPPQPPBP/2R2RK1 b kq - 3 8	0.207905
2rq1rk1/ppp2ppp/2nbpn1B/3p4/3P4/2N5/PPPQPPBP/3R1RK1 b - - 7 10	0.160138
2rqr1k1/ppp2p1p/2nbpn1Q/3p4/3PP3/2N5/PPP2PBP/3R1RK1 b - - 0 12	0.138940
2rq1rk1/1pp2p1p/p1nbpn2/3pP3/3P4/2N5/PPP2PBP/3R1RK1 b - - 0 14	0.028193
2rq1rk1/1pp2p1p/p3pn2/3pb3/8/2N5/PPP2PBP/3RR1K1 b - - 1 16	0.025831
2r2rk1/1pp2p1p/p2qpn2/3p4/8/2P4P/P1P2PB1/3RR1K1 b - - 0 18	0.024284
2r2rk1/1pp2p1p/p3pn2/3p1q2/2PR4/7P/P1P2PB1/4R1K1 b - - 0 20	0.024633
2r2rk1/1ppR1p1p/p3p3/5q2/2P1p3/7P/P1P2P2/4R1K1 b - - 1 22	0.024575
2r2rk1/1ppR1p1p/p3p3/8/2P1pq2/6RP/P1P2P2/6K1 b - - 5 24	0.028527
2r1r2k/1ppR1p1p/p3p3/2P5/4pq2/6RP/P1P2PK1/8 b - - 0 26	0.025285
3Rr2k/2p2p1p/p1p1p3/8/4pq2/6RP/P1P2PK1/8 b - - 0 28	0.022447
7k/2p2p1p/p1p1p3/8/P3pq2/6RP/2Pr1P2/7K b - - 2 30	0.013894
6k1/2p2p1p/p1p1p3/8/P1P1p3/7P/3r1q2/7K b - - 0 32	0.000276
r1bqk1nr/ppp3pp/n2p1p2/3P4/8/2P2PP1/PP2P2P/RN1QKBbR b KQkq - 0 7	0.103345
r2qk1nr/ppp3pp/n2p1p2/3P1b2/8/2P1bPP1/PP1NP1BP/R2QK2R b KQkq - 4 9	0.097920
r2qk2r/ppp1n1pp/3p1p2/2nP1b2/2N5/2P1bPP1/PP2P1BP/R2QKR2 b Qkq - 8 11	0.108775
r2qk2r/ppp1n1pp/3p1p1b/2nP1b2/2N2P2/2P3P1/PP2P1BP/2RQKR2 b kq - 2 13	0.098710
r2q1rk1/ppp3pp/3p1pnb/2nP1b2/2N2P2/2P1P1PP/PP4B1/2RQKR2 b - - 0 15	0.068526
r2q1rk1/ppp3pp/3p1pnb/3P1b2/2N2P2/2P1P1PP/PP4B1/2KQ1R2 b - - 0 17	0.068231
3r1rk1/ppp1q1pp/3N1pnb/3P1b2/5P2/2P1P1PP/PP3RB1/2KQ4 b - - 0 19	0.029002
3r1rk1/ppp3pp/3N1pnb/3P1b2/5P2/2P3PP/PP1R2B1/2K5 b - - 0 21	0.029276
4r1k1/ppp3pp/3r1pnb/P2P1b2/5P2/2P3PP/1P1R2B1/2K5 b - - 0 23	0.019118
6k1/ppp3pp/3r1p1b/P2P1b2/5n2/2P3PP/1P4B1/2K1R3 b - - 0 25	0.010781
6k1/ppp3pp/3r1p2/P2n1b2/8/2P1b1PP/1P4B1/3K4 b - - 1 27	0.000276
6k1/ppp3pp/3r1p2/P4b2/8/2P1b1PP/1P4n1/5K2 b - - 1 29	0.005673
6k1/ppp3pp/5p2/P7/2P5/4b1Pb/1P2K1n1/3r4 b - - 2 31	0.000276
rnbqkbnr/ppp2p1p/3p4/4p1p1/2P1P3/3B4/PP1P1PPP/RNBQK1NR w KQkq - 0 4	0.520578
r1bqk1nr/ppp2pbp/2np4/4p1p1/2P1P3/3B1N2/PP1P1PPP/RNBQ1RK1 w kq - 4 6	0.529241
r2qk1nr/ppp2pbp/2np4/3bp1p1/2P1P3/3B1N2/PP1P1PPP/R1BQ1RK1 w kq - 0 8	0.539053
r2qk1nr/pp3pbp/2pp4/3Pp1p1/Qn2P3/3B1N2/PP1P1PPP/R1B2RK1 w kq - 0 10	0.626530
r2qk1nr/pp3pbp/2Pp4/4p3/1Q2P3/3B1p2/PP1P1PPP/R1B2RK1 w kq - 0 12	0.625598
r2q2nr/pP2kpbp/3p4/4p3/Q3P3/3B4/PP1P1PpP/R1B2RK1 w - - 2 14	0.646450
1r1q3r/QP2kpbp/3p1n2/4p3/4P3/3B4/PP1P1PKP/R1B2R2 w - - 1 16	0.631798
1r2r3/QPq1kpbp/3p1n2/4p3/P3P3/3B4/1P1P1P1P/R1B2RK1 w - - 1 18	0.582983
8/1rq1kpbp/B2p1n2/4p3/P3P3/8/1P1P1P1P/R1B2RK1 w - - 0 20	0.479732
8/4kpbp/2qp1n2/4p3/P3P3/3P4/1P3P1P/R1B2RK1 w - - 1 22	0.493751
8/4kpbp/3p1n2/P3p3/4P3/3qB3/1P3P1P/R4RK1 w - - 0 24	0.442308
8/P3kp1p/3p3b/4p3/4n3/3qB3/1P3P1P/R4RK1 w - - 1 26	0.678003
8/P4p1p/3pk3/4p1B1/8/3q2n1/1P3P1P/R4RK1 w - - 3 28	0.700012
Q7/5p2/3pk3/4p1p1/8/3q2P1/1P3P2/R4RK1 w - - 0 30	0.708318
7Q/5p2/3pk3/4p1p1/8/1P1q2P1/5P2/R4RK1 w - - 1 32	0.706961
rnbqkbnr/p4ppp/1p1p4/4p3/5P2/8/PP1PP1PP/RNBQKBNR w KQkq - 0 5	0.731285
r2qkbnr/p4ppp/1pnp4/4p3/3P1Pb1/5N2/PP2P1PP/RNBQKB1R w KQkq - 3 7	0.732840
r2qk2r/p3bppp/1pnp3n/4p3/3P1Pb1/2N1BN2/PP2P1PP/R2QKB1R w KQkq - 7 9	0.753750
r2qk2r/p4ppp/1pnp3n/6b1/3B1Pb1/2N5/PP2P1PP/R2QKB1R w KQkq - 0 11	0.707905
r3k2r/p4ppp/1pnp2qn/8/3BN1b1/8/PP2P1PP/R2QKB1R w KQkq - 2 13	0.696168
r4rk1/p4ppp/1pnp2q1/5n2/3BN1b1/3Q4/PP2P1PP/3RKB1R w K - 6 15	0.680042
3r1rk1/p4ppp/1p1p2q1/4nn2/2Q1N1b1/2B5/PP2P1PP/3RKB1R w K - 10 17	0.677744
3r1rk1/p4ppp/1p1p2q1/4B3/4N1b1/1Q6/PP2P1PP/3nKB1R w K - 0 19	0.663421
5rk1/p4ppp/1p1r2q1/4B3/6b1/8/PQ2P1PP/4KB1R w K - 0 21	0.663421
4r1k1/p4ppp/1p1q4/8/6b1/2Q5/P3P1PP/4KB1R w K - 2 23	0.661229
4r1k1/p4ppp/1p6/8/6b1/2Q1P3/P2K1qPP/5B1R w - - 3 25	0.631058
6k1/p4ppp/1p6/8/6b1/2QBr3/P5qP/2K4R w - - 0 27	0.610272
6k1/p4ppp/1p6/8/6b1/3B4/P6q/2K1Q3 w - - 0 29	0.999724
rn2kbnr/ppp3pp/8/4P3/7q/6P1/PPP2P1P/RNB1KbNR w KQkq - 0 8	0.442308
rn2k1nr/ppp3pp/8/4P3/1b5P/5N2/PPP2PbP/RNB1K2R w KQkq - 3 10	0.354373
rn2k1nr/ppp3pp/8/4P3/7P/2P2N2/P1P2P1P/R1B1K2b w Qkq - 0 12	0.340469
r5nr/pppk2pp/2n1N3/4P3/7P/2P5/P1P2P1P/R1B1K2b w Q - 4 14	0.351917
r1k4r/ppp3pp/2n1Pn2/2N5/7P/2P5/P1P2P1P/R1B1K2b w Q - 1 16	0.337905
r1k4r/ppp3pp/2n1P3/6B1/4b2P/2P5/P1P2P1P/R3K3 w Q - 0 18	0.338997
r1k4r/ppp1P1pp/2n5/6B1/4b2P/2P5/P4P1P/2R1K3 w - - 2 20	0.335575
r1k1r3/ppp1P1pp/2n5/5bB1/7P/2P2P2/P6P/3RK3 w - - 1 22	0.294435
r3r3/pppkn1pp/8/5bB1/7P/2P2P2/P4K1P/4R3 w - - 2 24	0.295665
r7/pppkr1pp/8/3nBb2/7P/2P2P2/P4K1P/4R3 w - - 6 26	0.294334
4r3/pppk2pp/8/3nrb2/2P4P/5P2/P4K1P/3R4 w - - 0 28	0.287148
4r3/ppp3pp/3k4/3P1b2/7P/5P2/P4K1P/8 w - - 1 30	0.279276
4r3/1pp3pp/8/p2k1b1P/P7/5P2/5K1P/8 w - - 0 32	0.279139
4r3/1pp3pp/8/p2k3P/b6P/5PK1/8/8 w - - 0 34	0.273432
8/1ppb2pp/8/p2k1K1P/7P/5P2/8/4r3 w - - 4 36	0.270994
rnbqk1nr/ppppbppp/8/4p3/2B1P3/8/PPPP1PPP/RNBQK1NR w KQkq - 2 3	0.293915
r1bqk2r/ppppbppp/2n2n2/4p3/2B1P3/5N2/PPPP1PPP/RNBQ1RK1 w kq - 6 5	0.257810
r1bq1rk1/ppp1bppp/2np1n2/4p3/2BPP3/2N2N2/PPP2PPP/R1BQ1RK1 w - - 0 7	0.270889
r2q2k1/ppp1brpp/2npbn2/4p3/3PP3/2N1BN2/PPP2PPP/R2Q1RK1 w - - 2 9	0.272749
r2q2k1/ppp1brpp/2bp1n2/4p3/4P3/2N1BN2/PPP2PPP/R2Q1RK1 w - - 0 11	0.273059
r2q2k1/ppp2rpp/2bp4/4p1b1/4P1n1/2NQB3/PPP2PPP/R4RK1 w - - 0 13	0.151823
3q2k1/1pp2rpp/2bp4/3Np1b1/r3P1n1/3Q4/PPP2PPP/R4RK1 w - - 2 15	0.089547
6k1/1pp1qrpp/2bp4/4p3/r1P1Pbn1/3Q4/PP3PPP/R4RK1 w - - 1 17	0.037493
6k1/1pp2rpp/2bq4/4p3/r1P1P1n1/8/PP3PPb/R4R1K w - - 0 19	0.004310
6k1/1pp2rpp/2b5/4p3/2P1P1n1/rP1q1P2/P5Pb/R4R1K w - - 1 21	0.004418
3R1rk1/1pp3pp/2b5/4p3/2P1P1n1/rP3P2/P3q1Pb/5R1K w - - 5 23	0.004268
5k2/1pp3pp/2b5/4p3/2P1P3/rP2nP2/P3q1Pb/R6K w - - 2 25	0.001057
rnbqkbnr/pp2pppp/2p5/3p4/5P2/4P3/PPPPB1PP/RNBQK1NR b KQkq - 0 3	0.487822
rn1qkb1r/pp2pppp/2p2n2/3p1b2/5P2/2N1PN2/PPPPB1PP/R1BQK2R b KQkq - 4 5	0.501562
r2qkb1r/pp2pppp/2p2n2/2np1b2/3P1P2/2N1PN2/PPP1B1PP/R1BQ1RK1 b kq - 0 7	0.508746
2rqkb1r/pp2pppp/2p2n2/3pNb2/3PnP2/2N1P3/PPPBB1PP/R2Q1RK1 b k - 4 9	0.510307
2rqk2r/pp3Npp/2pbpn2/3p1b2/3PnP2/2N1P3/PPPBB1PP/2RQ1RK1 b k - 0 11	0.426600
2rq2kr/pp4pp/2pbpn2/3p1b2/3PnP2/P1N1PB2/1PPB2PP/2RQ1RK1 b - - 2 13	0.416739
2rq2kr/1p4pp/p1pbp3/3p1b2/1B1PnP2/P3PB2/1PP3PP/2RQ1RK1 b - - 1 15	0.420370
2r3kr/1p2q1pp/p2bp3/2Bp1b2/3PnP2/P1P1PB2/1P4PP/2RQ1RK1 b - - 0 17	0.422059
2r3kr/1p4pp/p3p3/2qp1b2/4nP2/P1PQPB2/1P4PP/2R2RK1 b - - 1 19	0.385456
3r2kr/1p4pp/p3p3/3p1b2/2qQnP2/P1P1PB2/1P4PP/2RR2K1 b - - 5 21	0.427172
2r3kr/1pq3pp/p3p3/3p1b2/P1PQnP2/4PB2/1P4PP/2RR2K1 b - - 0 23	0.431485
2r3kr/1pq3p1/p3p1bp/2Pp4/PP1QnP2/4PB2/6PP/2RR2K1 b - - 0 25	0.432642
3r2kr/1pq3p1/2P1p1bp/pP1p4/P2QnP2/4PB2/6PP/2RR2K1 b - - 0 27	0.452762
3r3r/1q4pk/1P2p1bp/p2p4/P2QnP2/4PB2/6PP/2RR2K1 b - - 0 29	0.463390
3rr3/1qR3pk/1P4bp/p2pP3/P2Qn3/4PB2/6PP/3R2K1 b - - 0 31	0.536304
rnbqkbr1/pppp1p2/4p3/7p/1PP5/8/P3PPPP/1RB1KBNR b Kq - 0 8	0.048874
r1bqk1r1/pppp1p2/2nbp3/7p/1PP5/5N2/P2BPPPP/1R2KB1R b Kq - 4 10	0.050100
r1bqk3/pppp1p2/3bp3/1P5p/2Pn2r1/5N2/P2BPPPP/3RKB1R b Kq - 2 12	0.000276
r1b1kbnr/ppn1pppp/8/8/4Q3/8/PPP2PPP/RN2KBNR b KQkq - 0 6	0.891012
r1b1kb1r/pp2pppp/5n2/3nQ3/8/5N2/PPP2PPP/RN2KB1R b KQkq - 4 8	0.898488
r3kb1r/pp1Bpppp/5n2/3nQ3/8/5N2/PPP2PPP/RN2K2R b KQkq - 0 10	0.922604
r3kb1r/pp2pppp/5n2/3nQ3/8/2N2N2/PPP2PPP/R4RK1 b - - 3 12	0.919783
3rkb1r/pp2pppp/5n2/8/8/2Q2N2/PPP2PPP/3R1RK1 b - - 2 14	0.920954
3k1b1r/pp2pppp/8/8/3Qn3/5N2/PPP2PPP/5RK1 b - - 1 16	0.933229
1Q2kb1r/1p2pppp/3n4/8/8/5N2/PPP2PPP/5RK1 b - - 2 18	0.940791
1Q3b1r/1p2pppp/2kn4/4R3/8/5N2/PPP2PPP/6K1 b - - 6 20	0.940661
3Q1br1/1p2pppp/1k1n4/4R3/3N4/8/PPP2PPP/6K1 b - - 10 22	0.999724
rnb1k1nr/pp3p1p/8/2bQ2B1/8/8/PPP2PPP/RN2K1NR b KQkq - 0 8	0.946535
r1b1k2r/pp1nnp1p/8/2b3B1/4Q3/2N5/PPP2PPP/R3K1NR b KQkq - 4 10	0.944348
r1b1k2r/1p1nnp2/7p/p1b5/4Q3/2N1B3/PPP2PPP/2KR2NR b kq - 1 12	0.946416
r3k2r/1p1Rnp2/5n1p/p1b5/Q7/2N1B3/PPP2PPP/2K3NR b kq - 0 14	0.964287
r3k2r/1p1n1p2/7p/p1B2n2/4Q3/2N5/PPP2PPP/2K3NR b kq - 2 16	0.984238
r2k3r/1p3p2/7p/p1Q5/8/2N5/PPP2PPP/2K3NR b - - 0 18	0.983537
r2kr3/1p3p2/7p/p1Q5/8/2N2NP1/PPP2P1P/2K4R b - - 2 20	0.987084
rnbqk1nr/p1p1b1pp/8/1p1N1P2/4p3/1P6/P1PP1PPP/RNBQKB1R w KQkq - 0 7	0.613802
rnbq1knr/p3b1pp/2p5/1B1N1P1Q/4p3/1P6/P1PP1PPP/RNB1K2R w KQ - 2 9	0.602893
rnbqk2r/p3n1pp/2p5/1B3P2/4p3/1P6/P1PP1PPP/RNB1K2R w KQ - 0 11	0.328713
rnbqk1r1/p3n1Pp/8/1p6/4p3/1P6/P1PP1PPP/RNB1K2R w KQ - 1 13	0.326097
r2qk1r1/p3n1Pp/2n1b3/1p6/4p3/1P6/PBPP1PPP/RN3RK1 w - - 5 15	0.330217
r3k1r1/p3n1Pp/3qbB2/1p6/3np3/NP6/P1PP1PPP/R4RK1 w - - 9 17	0.329046
r6r/p3k1Pp/3qb3/1p6/3np3/NP6/P1PP1PPP/4RRK1 w - - 0 19	0.396589
5r2/p3k2p/3qb3/1p6/3nR3/NP6/P1PP1PPP/5RK1 w - - 1 21	0.391462
5r2/p3k2p/4b3/3q4/1pNnRP2/1P6/P1PP2PP/5RK1 w - - 2 23	0.406891
6r1/p3k2p/2q1b3/4R3/1pNn1P2/1PP5/P2P2PP/5RK1 w - - 1 25	0.373470
6r1/p4k1p/2q5/8/1pNn1P2/1PP5/P2P2PP/4R1K1 w - - 2 27	0.529549
6r1/p6p/2n2k2/8/1p3P2/1PP5/P2P2PP/4R1K1 w - - 0 29	0.529549
6r1/p6p/5k2/3n4/P4P2/1P6/3P2PP/4R1K1 w - - 1 31	0.518715
3r4/p6p/5k2/3n4/P2R1P2/1P6/3P2PP/6K1 w - - 5 33	0.523988
3r4/7p/p7/P2n1k2/2R2P2/1P6/3P2PP/6K1 w - - 2 35	0.524608
rnbqkbnr/1pp1pppp/8/p1Pp4/8/8/PP1PPPPP/RNBQKBNR w KQkq d6 0 3	0.742190
r1bqkb1r/1pp1pppp/2n2n2/p1Pp4/8/2N2N2/PP1PPPPP/R1BQKB1R w KQkq - 4 5	0.739381
2rqkb1r/1pp1pppp/2n2n2/p1Pp1b2/3P1B2/2N2N2/PP2PPPP/R2QKB1R w KQk - 3 7	0.751875
2rqkb1r/1pp2pp1/2n1pn1p/p1Pp1b2/3P1B2/2N1PN2/PP3PPP/2RQKB1R w Kk - 0 9	0.765293
2rqk1r1/1pp1bpp1/2n1pn1p/p1Pp1b2/3P1B2/2NBPN2/PP3PPP/2RQ1RK1 w - - 4 11	0.789662
2rqkr2/1pp1bpp1/2n2n1p/p1Pp1p2/3P1B2/2N1PN2/PP3PPP/2RQR1K1 w - - 2 13	0.784467
2rqk2r/1pp1bpp1/2n4p/p1PpNp1Q/3PnB2/2N1P3/PP3PPP/2R1R1K1 w - - 6 15	0.999724
rnb1k2r/1ppp2Bp/8/p2P1pq1/6n1/1P4b1/P1P1PP1P/RN1QKBNR w KQkq - 0 9	0.555914
rnb1k2r/1ppp2qp/8/p2P1p2/8/1P2n1P1/P1PNPP2/R2QKBNR w KQkq - 2 11	0.486887
rnb1k2r/1ppp3p/8/p2P1p2/8/1P2P1P1/P1PNP3/1q2KBNR w Kkq - 0 13	0.477251
rnb1k1r1/1ppp3p/8/3P1p2/p7/1P2PNP1/P1P1P3/1N2KB1R w Kq - 0 15	0.502187
rnb1k3/1ppp3p/8/3P1p2/8/pPN1PNrB/P1P1P3/4K2R w Kq - 0 17	0.521819
1nb1k3/1ppp2rp/r6R/3P1B2/8/pPN1PN2/P1P1P3/4K3 w - - 3 19	0.518093
1nb1k3/1ppp3B/5r2/3P4/8/pPN1PN2/P1P1P3/4K3 w - - 1 21	0.531088
2b1k3/1p1p3B/2n2r2/1N6/8/pP2PN2/P1P1P3/4K3 w - - 0 23	0.527081
2b1k3/1p1p3B/5r2/8/2N5/1P2PN2/n1P1P3/4K3 w - - 0 25	0.527081
2b1k3/1p6/5r2/3p2N1/2N1B3/1Pn1P3/2P1P3/4K3 w - - 0 27	0.464920
2b1k3/1p5N/7r/3n4/2N5/1P2P3/2P1P3/4K3 w - - 0 29	0.424039
2b5/1p2k3/8/3n2N1/2N5/1P2P3/2PKP3/7r w - - 4 31	0.428317
2b5/1p2k3/4n3/6N1/2N1P3/1P2K3/2P1P3/7r w - - 3 33	0.429179
8/3bk3/4n3/1p2N3/2N1P3/1P2K3/2P1P3/7r w - - 0 35	0.432063
8/3bk3/1N6/1pn1N3/4P3/1P5r/2PKP3/8 w - - 4 37	0.442012
rnb1kbnr/pp1p1ppp/8/8/8/5NP1/PPPqP2P/R1BQKB1R w KQkq - 0 7	0.906719
r1b1kb1r/pp1p1ppp/2n2n2/8/8/2B2NP1/PPP1P2P/R2QKB1R w KQkq - 3 9	0.910820
r1b1k2r/pp1p1p1p/2n2p1b/3Q4/8/5NP1/PPP1P2P/R3KB1R w KQkq - 2 11	0.922440
r1b2rk1/pp1p1p1p/2n2p2/3Q4/8/4bNP1/PPP1P1BP/R4RK1 w - - 6 13	0.910269
r1b1r1k1/1p1p1p1p/2n2p2/p2Q4/8/4bNP1/PPP1P1BP/3R1R1K w - - 0 15	0.918085
r1b1r2k/1p1p1p1p/5p2/p4Q2/1n1N4/4b1P1/PPP1P1BP/3R1R1K w - - 4 17	0.994479
r1b1r2k/1p1p1Q1p/8/p7/1n1N4/4b1P1/PPP1P1BP/3R1R1K w - - 1 19	0.995122
r1b1Q3/1p1p3p/5k2/p4N2/1n6/4b1P1/PPP1P1BP/3R1R1K w - - 3 21	0.996466
r1b5/1p1p2Qp/8/p4N1k/1n6/4b1P1/PPP1P1BP/3R1R1K w - - 7 23	0.999724
rnbqkbnr/pppp1ppp/8/8/3p4/4B3/PPP1PPPP/RN1QKBNR w KQkq - 0 3	0.251250
r1bqkb1r/pppp1ppp/2n2n2/8/3B4/5N2/PPP1PPPP/RN1QKB1R w KQkq - 3 5	0.254999
r1bq1rk1/pppp1ppp/2nb1n2/8/3BP3/2N2N2/PPP2PPP/R2QKB1R w KQ - 1 7	0.250000
r1bq1rk1/ppp2ppp/2np1n2/8/2BBPb2/2N2N2/PPP2PPP/R2Q1RK1 w - - 0 9	0.269957
r2q1rk1/ppp3pp/2nppn2/8/3BPb2/2N2N2/PPP2PPP/R2Q1RK1 w - - 0 11	0.262490
2rq1rk1/ppp3pp/2npp3/8/4Pbn1/2N1BN2/PPP2PPP/R2QR1K1 w - - 4 13	0.256873
2rq1r2/ppp3kp/2n1p3/3p4/4Pbn1/2N2N2/PPP2PPP/R2QR1K1 w - - 0 15	0.238134
2rq2r1/ppp3kp/2n1p3/3P2N1/5bn1/2N5/PPP2PPP/R2QR1K1 w - - 3 17	0.386471
2rq1Nr1/ppp3k1/2n1p3/3P4/5bn1/2N5/PPP2PPP/R2QR1K1 w - - 3 19	0.438671
2rq3r/ppp4k/2n1p3/3P4/5bQ1/2N5/PPP2PPP/R3R1K1 w - - 0 23	0.390157
2r3kr/ppp5/2P1p3/8/3q1b2/2N5/PPP2PPP/R3R1K1 w - - 0 25	0.166739
5rkr/pPp5/4p3/8/3q4/2N5/PPP2PPb/R3RK2 w - - 2 27	0.147367
r1bqkb1r/pp1np2p/7p/5P2/4nP2/8/PPP1P2P/RN2KBNR b KQkq - 0 8	0.272555
r1b1kb1r/pp1np2p/7p/5q2/4nP2/2P1P3/PP5P/RN2KBNR b KQkq - 0 10	0.271196
r1b2rk1/pp1np1bp/7p/5q2/4nP2/2P1PN2/PP1N3P/R3KB1R b KQ - 4 12	0.274054
r4rk1/pp2p1bp/4bn1p/5q2/2B1nP2/2P1PN2/PP1N3P/2KR3R b - - 8 14	0.274054
3r1rk1/pp2p1bp/4bn1p/5q2/2BN1P2/2P1P3/PP1N1n1P/2KRR3 b - - 12 16	0.282459
3r1r1k/pp2p1bp/5n1p/5b2/2B2P2/2P1PN2/PP3n1P/2KRR3 b - - 1 18	0.318674
5r1k/pp2p1bp/5n1p/5b2/2B2P2/2P1PN2/PP5P/3K4 b - - 0 20	0.313099
3r3k/pp2p1bp/7p/5b2/2BNnP2/2P1P3/PP2K2P/8 b - - 4 22	0.317061
3r3k/pp2p1bp/7p/8/2BNnP2/2P1Pb2/PPK4P/8 b - - 8 24	0.317790
3r3k/pp2p1bp/3n3p/3b4/3N1P2/1PPBP3/P1K4P/8 b - - 0 26	0.314490
2r4k/pp2p1bp/4N2p/3b4/2P1nP2/1P1BP3/P1K4P/8 b - - 0 28	0.314070
2r4k/pp2p2p/4N2p/3bbP2/2P1n2P/1P1BP3/P1K5/8 b - - 0 30	0.311463
2r5/pp2pk1p/7p/3bbP1P/2PNn3/1P1BP3/P1K5/8 b - - 2 32	0.311329
2r5/pp2p2p/4Nk1p/3bbP1P/2P1n3/1P1BP3/P7/1K6 b - - 6 34	0.300667
2r5/pp2p2p/2P1Nk1p/3bbP1P/4n3/1P1BP3/P7/1K6 b - - 0 36	0.289811
rnbqkb1r/1pp1pppp/7n/p2P4/3P4/8/PPP2PPP/RNBQKBNR w KQkq - 1 4	0.552937
rn1qkb1r/1pp1pppp/8/p2P1b2/3P2n1/2N2N2/PPP2PPP/R1BQKB1R w KQkq - 5 6	0.554725
r2qkb1r/1pp1pppp/5n2/p2P1b2/2BP1Bn1/2N2N2/PPP2PPP/R2QK2R w KQkq - 9 8	0.570534
r2qkb1r/1p2pppp/2p5/pB1P1b2/3PnBn1/2N2N2/PPP2PPP/R2Q1RK1 w kq - 0 10	0.590677
r2qkb1r/1pP1pppp/8/pn3b2/3P1Bn1/5N2/PPP2PPP/R2Q1RK1 w kq - 0 12	0.613306
3rkb1r/1p2pppp/3n4/p4b2/3P1Bn1/5N2/PPP2PPP/R2QR1K1 w k - 2 14	0.610809
3rkb1r/1p2pppp/8/5b2/p2Pn1n1/5NB1/PPP2PPP/2RQR1K1 w k - 0 16	0.605218
r3kb1r/1p2pppp/8/5b2/p1PP2n1/5NP1/PP3PP1/2RQR1K1 w k - 1 18	0.612310
r3kb1r/1p2ppp1/7p/2P2b2/3P2n1/p4NP1/PP1Q1PP1/2R1R1K1 w k - 0 20	0.618215
r3kb1r/5pp1/2R1p2p/5b2/3P2n1/p4NP1/PP1Q1PP1/4R1K1 w k - 0 22	0.610306
r4rk1/1R3pp1/3bp2p/5b2/3P2n1/p4NP1/PP1Q1PP1/4R1K1 w - - 4 24	0.591219
5rk1/1R3pp1/3bp2p/1P3b2/3P2n1/p4NP1/P1rQ1PP1/4R1K1 w - - 1 26	0.532625
2r3k1/1R3pp1/3bp2p/1P3b2/3P2n1/pQ3NP1/P4rP1/4R1K1 w - - 2 28	0.537832
1b4k1/5pp1/1P2p2p/5b2/3P2n1/pQ3NP1/P1r2rP1/4R1K1 w - - 0 30	0.367526
1b4k1/5pp1/1P2p3/5bp1/3P2n1/pQ4P1/P1r3r1/4R2K w - - 0 32	0.302283
rnbqkbnr/ppp1pp1p/3p4/6B1/4P3/3P4/PPP2PPP/RN1QKBNR b KQkq - 0 3	0.810348
rnbqk2r/ppp1ppbp/3p1n2/6B1/4P3/2NP1N2/PPP2PPP/R2QKB1R b KQkq - 4 5	0.805914
r2qk2r/ppp1ppbp/2npbn2/6B1/3PP3/2NB1N2/PPP2PPP/R2QK2R b KQkq - 2 7	0.801442
2rq1rk1/ppp1ppbp/2npbn2/3P2B1/4P3/2NB1N2/PPP2PPP/R2Q1RK1 b - - 0 9	0.871584
2rq1r1k/ppp1p1bp/2nppn2/8/4P3/2NBBN2/PPP2PPP/R2Q1RK1 b - - 1 11	0.883594
2rq1rk1/ppp1p1bp/2n1Nn2/3p4/4P3/2NBB3/PPP2PPP/R2Q1RK1 b - - 0 13	0.934520
3r1r1k/ppp1p1bp/2n2n2/3P4/8/2NBB3/PPP2PPP/R2Q1RK1 b - - 0 15	0.972334
3r1rk1/ppp1p1bp/2n5/3N3Q/8/3BB3/PPP2PPP/R4RK1 b - - 0 17	0.990249
rn2kbnr/pp3ppp/4b3/2p1p3/2B1p3/6P1/PPPB3P/RN1K2NR w kq - 2 9	0.404745
rn2kb1r/pp4pp/4pn2/2p1p3/4p3/2N3P1/PPPB3P/R2K2NR w kq - 2 11	0.398148
2kr1b1r/pp4pp/2n1pn2/2p1p3/4p3/2N3P1/PPPBN2P/R1K4R w - - 6 13	0.399454
2k4r/pp2b1pp/2n1pn2/2p1p1B1/4p3/2N3P1/PPP1N2P/R1Kr4 w - - 0 15	0.390703
2kr4/pp2b1pp/4pn2/2p1p1B1/3np3/2N3P1/PPP1N2P/R1K5 w - - 3 17	0.396071
2kr4/pp2b1pp/4pn2/1Np1p1B1/4p3/6P1/PPP4P/R1K5 w - - 2 19	0.418131
3r4/ppk3pp/4pb2/2p1p3/4p3/2N3P1/PPP4P/R1K5 w - - 0 21	0.421213
3r4/ppk1b1pp/4p3/4p3/2p1N3/6P1/PPP4P/1RK5 w - - 2 23	0.422059
8/ppk3pp/4p3/2b1p3/1Ppr4/6P1/P1P4P/1RK5 w - - 0 25	0.397887
8/ppk3pp/4p3/2P1p3/2r5/1Rp3P1/P1P4P/2K5 w - - 2 27	0.397367
8/pp4pp/2k1p3/2r1p3/8/1Rp3P1/P1P4P/2K5 w - - 0 29	0.380575
8/1p5p/2k1p1p1/p1r1p3/6R1/2p3P1/P1P4P/2K5 w - - 0 31	0.378894
8/1p6/4p1p1/p1rkp2p/R7/2p3P1/P1P4P/2K5 w - - 2 33	0.371160
8/1p6/6p1/p1rkp2p/R3p3/2p3P1/P1P1K2P/8 w - - 0 35	0.400504
8/1p6/6p1/pr1kp3/R3p2P/2p1K3/P1P4P/8 w - - 1 37	0.415352
rnbqkbnr/1p2pp1p/3p3p/p7/3pP3/N7/PPP2PPP/R2QKBNR w KQkq - 0 6	0.168131
rnbqkb1r/1p3p1p/3p1n1p/p3p3/4P3/N7/PPP2PPP/R2QKBNR w KQkq - 2 8	0.146071
r2qkb1r/1p3p1p/2npbn1p/p3p3/4P3/N2B1N2/PPP2PPP/R2QK2R w KQkq - 6 10	0.157699
r2q1rk1/1p3pbp/2npbn1p/pN2p3/4P3/3B1N2/PPP2PPP/R2Q1RK1 w - - 10 12	0.158781
2rqr1k1/1p3pbp/2npbn1p/pN2p3/2P1P3/3B1N2/PP3PPP/2RQ1RK1 w - - 3 14	0.167573
3rr1k1/1p2qpbp/2npbn1p/pN2p3/2P1P3/P2B1N2/1P3PPP/2RQR1K1 w - - 1 16	0.163146
3rr1k1/1p2qpbp/2npb2p/1N2p3/p1P1P1n1/P2B1N2/1P1Q1PPP/3RR1K1 w - - 2 18	0.172341
3rr1k1/1p2qpbp/2nNb2p/4p3/p1P1P1n1/P4N2/1PBQ1PPP/3RR1K1 w - - 1 20	0.217067
4q1k1/1p3pbp/2n1b2p/4p3/p1P1P1n1/P7/1PBN1PPP/3RR1K1 w - - 0 22	0.140703
4q1k1/1p3p1p/4bb1p/4p3/2PnP1n1/P7/1PBN1PPP/3RR1K1 w - - 3 24	0.133980
6k1/1p3p1p/4bb1p/2q1p3/2PnP1n1/P2B4/1P1N1PPP/2R1R1K1 w - - 7 26	0.136694
6k1/1p3p1p/4bb1p/2q1p3/P1P1P1n1/3Bn3/1P1N1PPP/2R2RK1 w - - 3 28	0.127464
6k1/1p3p1p/4bb1p/4p3/P1P1P1n1/1N1qP3/1P4PP/2R2RK1 w - - 0 30	0.097135
6k1/1p3p1p/4bb1p/2N1p3/P1P1P3/2R1n3/1P2q1PP/5RK1 w - - 0 32	0.065908
rnbqkbnr/p2pp1p1/1pp2p2/7p/3PQP2/8/PPP1P1PP/RNB1KBNR w KQkq - 0 5	0.999724
rnb1kbnr/ppp1pppp/8/8/5P2/P1p5/1P1P2PP/RNBQKBNR w KQkq - 0 6	0.689207
r1b1kb1r/ppp1pppp/2n2n2/1B6/5P2/P1N5/1P1P2PP/R1BQK1NR w KQkq - 3 8	0.696535
r3kb1r/p1p1pppp/b1p2n2/8/5P2/P1N2N2/1P1P2PP/R1BQK2R w KQkq - 2 10	0.695573
3rkb1r/p1p1pppp/2p2n2/1b2N3/3P1P2/P1N5/1P4PP/R1BQK2R w KQk - 1 12	0.705968
3rk2r/p1p2ppp/2pbpn2/1b2N3/3P1P2/P1N1B3/1P4PP/2RQK2R w Kk - 2 14	0.696893
3rk1r1/p1p2ppp/2bbpn2/8/3P1P2/P1N1BQ2/1P4PP/2R1K2R w K - 0 16	0.711895
3r1kr1/p1p2pp1/2Qbpn1p/8/3P1P2/P1N1B3/1P4PP/2R2RK1 w - - 0 18	0.713449
3r1kr1/p1p2pp1/2Qb1n1p/3P4/4pP2/P1N1B3/1P4PP/3R1RK1 w - - 0 20	0.717918
4rkr1/2p2pp1/2Qb1n1p/3P4/3B1P2/P1N1p3/1P4PP/3R1RK1 w - - 0 22	0.711453
4rkr1/2p2p2/2Qb1p1p/3P4/P4P2/2N5/1P2p1PP/3R1RK1 w - - 0 24	0.696655
5kr1/2p2p2/2Qb1p1p/3P4/P4P2/8/1P3rPP/3R2K1 w - - 0 26	0.695936
6r1/2p2p1k/2Qb1p1p/3P4/P4P2/6K1/1P4PP/3R4 w - - 3 28	0.695452
8/2pQ1p1k/3b1p1p/3P4/P4P2/1r3K2/1P4PP/3R4 w - - 7 30	0.694101
8/2p2p1k/3b1p1p/3P4/P3KPQ1/1r6/1P4PP/3R4 w - - 11 32	0.694101
8/2p2p1k/3b1p1p/3P1K2/P4PQ1/6P1/1r5P/3R4 w - - 0 34	0.695086
rnbqkbnr/pppp1p1p/8/4p1p1/2P5/5N2/PP1PPPPP/RNBQKB1R w KQkq - 0 3	0.549644
r1bqkb1r/pppp1p1p/2n2n2/4N1p1/2P5/2N5/PP1PPPPP/R1BQKB1R w KQkq - 3 5	0.549644
r1bqkb1r/pppp1p1p/8/4P1p1/2P3n1/2N5/PP2PPPP/R1BQKB1R w KQkq - 1 7	0.547238
r1bqk2r/pppp1p1p/8/4P1p1/2P1N1n1/8/PP1bPPPP/R2QKB1R w KQkq - 0 9	0.527698
r1bqk2r/pppp1p2/7p/4n1p1/2P1N3/8/PP1QPPPP/2R1KB1R w Kkq - 0 11	0.521819
r1bq1rk1/pp1p1p2/2p4p/2P1n1p1/4N3/4P3/PP1Q1PPP/2R1KB1R w K - 0 13	0.524298
r1b2rk1/pp1p1p2/2pN1q1p/2P1n3/6p1/4P3/PP1QBPPP/2R1K2R w K - 0 15	0.543612
r1br2k1/1p1p1p2/2pN1q1p/p1P1n3/4P1p1/8/PP1QBPPP/2R2RK1 w - - 0 17	0.553235
r1br2k1/1p3p2/2p2q2/p1PpnN1p/4P1p1/8/PP1QBPPP/2R1R1K1 w - d6 0 19	0.522749
r1br3k/1p3p2/2p2q1N/p1P1n2p/3pP1p1/8/PP1QBPPP/3RR1K1 w - - 0 21	0.499063
r2r3k/1p3p2/2p1bq1N/p1P1n2p/P3P1p1/1P1p4/3QBPPP/3RR1K1 w - - 1 23	0.435550
r2r2k1/1p3p2/2p2q2/p1P1n2p/P3P1p1/1b1p4/3Q1PPP/3RRBK1 w - - 0 25	0.339547
r2r2k1/1p3p2/2p2q2/p1P4p/P1n1P1p1/1b6/3p1PPP/1RQ1RBK1 w - - 0 27	0.293832
r5k1/1p3p2/2p2q2/p1P4p/P1B1P1p1/1b6/3r1PPP/1RR3K1 w - - 1 29	0.277600
r5k1/1p3p2/2p5/p1P4p/P1bqPPp1/8/3r2PP/1RR4K w - - 0 31	0.264374
rnb1kbnr/ppp3pp/8/3pp3/8/2P5/PP1PPK1P/RNBQ1BNR w kq - 0 6	0.678003
r1b1kb1r/ppp3pp/2n2n2/3pp3/8/2P2N2/PP1PPKBP/RNBQ3R w kq - 4 8	0.676605
r3kb1r/ppp3pp/2n1bn2/3pN3/3Pp3/2P5/PP2PKBP/RNBQ3R w kq - 2 10	0.676134
2kr3r/ppp3pp/2nbbn2/3pN3/3Pp3/2P1B3/PP2P1BP/RN1Q2KR w - - 6 12	0.667742
2krr3/p1p3pp/2pbbn2/3p4/3Pp3/2P1B3/PP1NP1BP/R2Q2KR w - - 2 14	0.670621
2krr3/2p3p1/2pbbn1p/p2p4/3Pp3/1QP1B3/PP1NP1BP/3R2KR w - - 0 16	0.674866
2krr3/2p3p1/2pbbn1p/p2p4/P1PPp3/1Q2B3/1P1NP1BP/3R2KR w - - 1 18	0.686208
2krrb2/2p3p1/2p2n1p/p1Pp1b2/P2PpB2/1Q6/1P1NP1BP/3R2KR w - - 3 20	0.690136
2krr3/2p1b1p1/2p2n1p/p1PpB3/P2Pp1b1/1Q2P3/1P1N2BP/3R2KR w - - 3 22	0.687587
2kr1r2/2p1b1p1/2p2n1p/p1PpBb2/P2Pp3/1Q2P2P/1P1N2B1/4R1KR w - - 1 24	0.696416
2krr3/2p1b3/2p2npp/p1PpBb2/P2Pp3/1Q2P2P/1P1N2BK/4RR2 w - - 0 26	0.700460
2krr3/2p1b3/2p2npp/p1PpBb2/P2Pp3/1Q2P2P/1P1N1RBK/3R4 w - - 4 28	0.701346
2krr3/2p1b3/2p2npp/p1PpBb2/P2Pp3/1Q2P2P/1P1N1RBK/4R3 w - - 8 30	0.701346
2krr3/2p1b3/2p2npp/p1PpBb2/P2Pp3/1Q2P2P/1P1N1RBK/2R5 w - - 12 32	0.701126
2kr4/2p1br2/2p2npp/p1PpBb2/P2Pp3/1Q2P2P/1P1N2BK/2R1R3 w - - 16 34	0.700349
rn1qkbnr/ppp3pp/5p2/4P3/3Q4/7P/PPP1PP1P/RNB1KB1R w KQkq - 0 6	0.596853
r2nkbnr/ppp3pp/5p2/4P3/8/4B2P/PPP1PP1P/RN2KB1R w KQkq - 0 8	0.560053
r2nkb1r/ppp3pp/5n2/4p3/8/2N1B2P/PPP1PPBP/R3K2R w KQkq - 2 10	0.561230
r2n1rk1/ppp3pp/3b1n2/4p3/8/2N1B2P/PPP1PPBP/1K1R3R w - - 6 12	0.562696
r4rk1/p1p3pp/2pb1n2/4p3/8/2N1B2P/PPP1PP1P/1K1RR3 w - - 0 14	0.543612
r3r1k1/p1p3pp/2pb1n2/8/4p3/2N1BP1P/PPP1P2P/1K1R2R1 w - - 0 16	0.569382
3rr1k1/p1p3pp/3b1n2/2p3R1/4pP2/2N1B2P/PPP1P2P/1K1R4 w - - 0 18	0.548743
1r2r1k1/p1p3pp/3b4/2pR4/4pP2/4B2P/PPP1P2P/1K1R4 w - - 1 20	0.542702
4r1k1/B1p3pp/8/3R4/1r2pb2/7P/PPP1P2P/1K1R4 w - - 1 22	0.552340
3r2k1/2p3pp/8/2B5/2r1pb2/7P/PPP1P2P/1K1R4 w - - 0 24	0.577377
5R2/2p3pp/4k3/2B5/2r1pb2/7P/PPP1P2P/1K6 w - - 3 26	0.577377
8/2p3pp/4k3/4r3/4R3/7P/PPP1P2P/1K6 w - - 1 28	0.578505
8/2p3pp/4k3/4r3/5R2/7P/PPP1P2P/1K6 w - - 5 30	0.578505
8/2p4p/4k3/2r3p1/4P1R1/7P/PPP4P/1K6 w - - 2 32	0.583539
8/2p5/4k3/2r3p1/4P1R1/8/PPP4P/1K6 w - - 0 34	0.586854
3q1r1k/pppB1ppp/2nb4/5b2/3Pn3/2N1PNB1/PP3PPP/2RQ1RK1 w - - 3 15	0.715910
3q1rk1/p1p2ppp/2pb4/5b2/3Pn3/2N1PNB1/PP3PPP/2RQ1RK1 w - - 0 17	0.669951
3qr1k1/p1p2ppp/2pbb3/4B3/3Pn3/1QN1PN2/PP3PPP/2R2RK1 w - - 4 19	0.668256
3qr3/p1p2pkp/2pb4/8/3Pn3/1PN1PN2/1P3PPP/2R2RK1 w - - 0 21	0.486887
8/p1p2pkp/2Rb1q2/8/3Pr3/1P2PN2/1P3PPP/5RK1 w - - 1 23	0.479422
6k1/p1p2p1p/2Rb4/4N1q1/3Pr3/1P2P3/1P3PPP/2R3K1 w - - 5 25	0.486575
6k1/p1R4p/5p2/4N1q1/3Pr3/1P2P3/1P3PPP/6K1 w - - 0 27	0.486887
6k1/p1R4p/4qp2/4N3/3PrPP1/1P2P3/1P5P/6K1 w - - 1 29	0.460033
2R5/p5kp/5p2/4NP2/3Pr1P1/1q2P3/1P5P/6K1 w - - 2 31	0.446467
rn1qk2r/ppp2ppp/7n/8/4P3/6bN/PPP2P1P/RNB1K2R w KQkq - 0 8	0.092149
r2qk2r/ppp2ppp/2n5/8/4P1n1/2N3PN/PPP2P2/R1B1K2R w KQkq - 3 10	0.097135
r2q1rk1/ppp2ppp/8/3N4/3nPNn1/6P1/PPP2P2/R1B1K2R w KQ - 7 12	0.081403
r2q1rk1/ppp2ppp/8/3N4/4PNn1/2P3P1/PP3P2/n1B2K1R w - - 0 14	0.046925
r4rk1/ppp2ppp/3q4/3N4/4PNn1/2P3P1/PPnB1PK1/7R w - - 4 16	0.033695
5rk1/ppp1rppp/3q4/8/4PNn1/2P3P1/PPnB1PK1/3R4 w - - 0 18	0.012452
5rk1/ppp1rppp/3q4/8/4PN2/2P2PP1/PPnB3K/3n4 w - - 0 20	0.004257
4rrk1/ppp2ppp/8/2qN4/4PB2/2P2PP1/PPn4K/3n4 w - - 4 22	0.004700
3r1rk1/ppN2ppp/8/8/4PB2/2P2PPK/PPn2q2/3n4 w - - 3 24	0.004321
5rk1/pp3ppp/8/3N2B1/4P3/2Pr1PPK/Pnn2q2/8 w - - 0 26	0.002540
5r1k/pp3ppp/8/5NB1/4P3/2Pr1qPK/Pnn5/8 w - - 0 28	0.002128
5r1k/pp2Bppp/8/5N2/4q1K1/2Pr2P1/Pnn5/8 w - - 0 30	0.000838
5r1k/pp2Bppp/8/8/8/2Pr2P1/Pnn2q1K/8 w - - 2 32	0.000276
rnb2bnr/ppp1k1pp/4P3/3q4/5P1P/3P4/PP4P1/RNBQKBNR b KQ - 0 8	0.543006
rn2kbnr/ppp3pp/4b3/3q4/5P1P/2NP1N2/PP4P1/R1BQKB1R b KQ - 3 10	0.565033
r2qkbnr/ppp3pp/2n1b3/4N3/5P1P/2NPB3/PP4P1/R2QKB1R b KQ - 7 12	0.551742
r2qkb1r/ppp2Npp/4bn2/8/3n1P1P/2NPB3/PP2B1P1/R2QK2R b KQ - 11 14	0.439947
r2qk2r/ppp2bpp/5n2/2b5/3n1P1P/2NPBB2/PP4P1/R2Q1RK1 b - - 3 16	0.438183
r2qkr2/pp3bpp/2p2n2/2b2P2/3n3P/2NPBB2/PP4P1/2RQ1RK1 b - - 0 18	0.430330
r3k2r/ppq2bpp/2p2N2/2b2P2/3n3P/3PBB2/PP4P1/2RQ1RK1 b - - 0 20	0.564742
3rk2r/ppq2b1p/2p2p2/2R2P2/3n1B1P/3P1B2/PP4P1/3Q1RK1 b - - 2 22	0.555320
3rk2r/p3qb1p/R1p2p2/1p3P2/3n1B1P/3P1B2/PP4P1/3Q1RK1 b - - 1 24	0.555914
3rk2r/p3q2p/R4p2/1p1p1P2/3n1B1P/3P4/PP4P1/3QR1K1 b - - 1 26	0.633147
3rk1r1/p3q2p/R4p2/1p1p1P2/5B1P/3P1P2/PP5K/3QR3 b - - 2 28	0.699105
4k1r1/p2rR2p/5R2/3p1P2/1p3B1P/3P1P2/PP5K/3Q4 b - - 0 30	0.714370
6r1/p2r3p/4Qk2/3p1P2/1p3B1P/3P1P2/PP5K/8 b - - 1 32	0.721940
6r1/p2Q3p/5k2/3p1PB1/1p5P/3P1P2/PP5K/8 b - - 2 34	0.728135
8/p3Q1kp/8/3p1Pr1/1p5P/3P1P2/PP5K/8 b - - 3 36	0.728855
1nbqkbnr/r1ppp1pp/1p6/p7/P2Pp3/5P2/1PP1PKPP/R1BQ1BNR w k - 0 7	0.428891
1nbqkb1r/r1ppp1pp/1p6/p2nP3/P2P4/8/1PP1PKPP/R1BQ1BNR w k - 1 9	0.447362
1nbqkb1r/r1ppp1pp/1pn5/p3P3/P2PP3/2P5/1P3KPP/R1BQ1BNR w k - 1 11	0.459425
1n1qkb1r/rbp1p1pp/1pn5/p2pP3/P2PP3/2P2N2/1P4PP/R1BQ1BKR w k d6 0 13	0.487822
rn2kb1r/1bp1p1pp/1pn5/p2qP3/P2P4/2PB1N2/1P4PP/R1BQ2KR w k - 0 15	0.489069
3rkb1r/1bpnp1pp/1pn5/p2qPB2/P2P4/2P1BN2/1P4PP/R2Q2KR w k - 4 17	0.479732
3rkb1r/2pn2pp/bpn1p3/p2qPB2/P1PP4/4BN2/1P2Q1PP/R5KR w k - 1 19	0.549344
1n1rkb1r/2p3pp/1pn1P3/p3PB2/P2P4/4BN2/1P2b1PP/R5KR w k - 1 21	0.534773
1n1r3r/2p1k1pp/1pn1P3/p3PB2/P2P4/5N2/1P2b1PP/R5KR w - - 0 23	0.492814
1n5r/2p1k1pp/1pn1P3/p3PB2/P2r4/5P2/1P5P/2R3KR w - - 0 25	0.480353
1n1r4/2p1k1pp/1p2P3/p3nB2/P2r4/1P3P1P/8/2R3KR w - - 0 27	0.452461
1n1r4/2R1P1pp/1p6/p3nk2/P2r4/1P3P1P/8/6KR w - - 0 29	0.452461
1n1r4/6Rp/1p6/p4k2/P7/1P3n1P/8/6KR w - - 0 31	0.450056
1n6/1R5p/1p6/p4k2/P6n/1P1r3P/6K1/7R w - - 4 33	0.445275
8/1R1n3p/1p2k3/p7/P6n/1P1r3P/7K/5R2 w - - 8 35	0.459425
rnbq2nr/pppk1p1p/6p1/8/6P1/bPp5/2P1PP1P/R1B1KBNR w KQ - 0 7	0.289811
rnb1k1nr/ppp2p1p/6p1/6q1/6P1/BPp5/2P1PP1P/3RKBNR w K - 3 9	0.288017
rn2k2r/ppp2p1p/5np1/6q1/6b1/1PB5/2P1PP1P/3RKBNR w K - 1 11	0.289811
r3k2r/ppp2p1p/2n2np1/8/5qb1/1PB2N2/2P1PPBP/3RK2R w K - 5 13	0.293039
3rk2r/ppp2p1p/2n2np1/5q2/6b1/1PB1PN2/2P2PBP/3R1RK1 w - - 1 15	0.293137
3k3r/ppp2p1p/5np1/5q2/3n2b1/1PB1P3/2P2PBP/5RK1 w - - 0 17	0.289355
2k1r3/ppp2p1p/5np1/5q2/3B2b1/1P2P3/2P2PBP/4R1K1 w - - 3 19	0.285137
2k1r3/ppp2p1p/6p1/8/1P1Bq1b1/4P3/2P2P1P/4R1K1 w - - 0 21	0.282918
2k1r3/Rpp2p1p/6p1/8/1P1B2q1/4Pb2/2P2P1P/6K1 w - - 1 23	0.283616
2k1r3/Rpp2p1p/6p1/8/1P1B4/4Pb2/2P2P1P/4K1q1 w - - 5 25	0.274284
2k5/Rpp2p1p/6p1/8/1P1B4/4rb2/2P2q1P/2K5 w - - 0 27	0.284409
R7/1ppk1p1p/6p1/8/1P6/4qb2/2P4P/2K5 w - - 0 29	0.280327
R7/1ppk1p1p/6p1/8/1P6/1K3b2/2P4q/8 w - - 0 31	0.279484
R7/1ppk1p1p/6p1/1P6/2P5/1K2qb2/8/8 w - - 1 33	0.277600
7R/1ppk1p2/6p1/1P5p/1KP5/5b2/8/4q3 w - - 2 35	0.275526
rnb1kb1r/ppp1qppp/3p4/4P3/4N3/8/PPP2PPP/R1BQKBNR w KQkq - 0 6	0.854445
r1b1kb1r/p1p1qppp/2pp4/4P3/4N3/8/PPP2PPP/R1BQK1NR w KQkq - 0 8	0.851852
r3kb1r/p1p1qppp/2p5/4pb2/4N3/5N2/PPP2PPP/R1BQ1RK1 w kq - 2 10	0.877226
r3k2r/p1p2ppp/2pbq3/4pbB1/4N3/5N2/PPP2PPP/R2QR1K1 w kq - 6 12	0.890585
r3k2r/p4ppp/2ppq3/5bB1/3p4/8/PPP2PPP/R2QR1K1 w kq - 0 14	0.890585
r4rk1/p4ppp/2ppb3/6B1/3Q4/8/PPP2PPP/R5K1 w - - 1 16	0.899295
1r3rk1/p4ppp/2pQ4/3b2B1/8/1P6/P1P2PPP/R5K1 w - - 1 18	0.899896
1r2r1k1/4Rppp/2pQ4/p2b2B1/8/1P6/P1P2PPP/6K1 w - - 0 20	0.908227
2rr2k1/1R3ppp/2pQ4/p2b4/8/1P2B3/P1P2PPP/6K1 w - - 4 22	0.907097
3rr1k1/2R2ppp/2p5/p2bQ3/8/1P2B3/P1P2PPP/6K1 w - - 8 24	0.908414
1r1r2k1/4Rppp/2p5/p2bQ3/8/1P2B3/P1P2PPP/6K1 w - - 12 26	0.911368
1r1r1k2/4R1pp/2p2p2/p2b1Q2/2P5/1P2B3/P4PPP/6K1 w - - 2 28	0.933806
1r1r1k2/6pp/2p1Qp2/p2P4/8/1P2B3/P4PPP/6K1 w - - 2 30	0.999724
rnbqkbnr/pp1p1p1p/2p5/4P1p1/8/P7/1PP1PPPP/RNBQKBNR w KQkq - 0 4	0.557100
rnbqk1nr/pp1pbp2/2p4p/4P1p1/8/P1N2N2/1PP1PPPP/R1BQKB1R w KQkq - 0 6	0.573970
rn1qk1nr/pp2bp2/2p4p/3pPbp1/8/P1N1BN2/1PP1PPPP/2RQKB1R w Kkq - 2 8	0.558579
r2qk1nr/pp2bp2/2p4p/2npPbp1/3B4/P1N2N1P/1PP1PPP1/2RQKB1R w Kkq - 3 10	0.548141
r2q3r/pp2bk2/2p2n1p/2np1bp1/3B4/P1N2N1P/1PP1PPP1/2RQKB1R w K - 0 12	0.545427
r2q2kr/pp2b3/2p2n1p/3pBbp1/4n3/P1N1PN1P/1PP2PP1/2RQKB1R w K - 1 14	0.546635
1r1q2k1/pp2b2r/2p2n1p/3p1bp1/4n3/P1NBPN1P/1PP2PP1/2RQK2R w K - 0 16	0.431774
1r1q3k/pp2br2/2p2n1p/3pNbp1/4n3/P1NBP2P/1PP2PP1/2RQ1RK1 w - - 4 18	0.687176
3r4/pp2b2k/2p2n1p/3p1bp1/4n3/P1NBP2P/1PP2PP1/2RQ1RK1 w - - 0 20	0.692212
3r4/pp2b2k/2p2nbp/6p1/4p3/P2BPQ1P/1PP2PP1/2R2RK1 w - - 0 22	0.647473
8/pp2b2k/2p2n1p/6p1/4b3/P3P1QP/1PPr1PP1/2R2RK1 w - - 2 24	0.651883
3b4/pp5k/2p2n1p/3rQ1p1/4b3/P3P2P/1PP2PP1/2RR2K1 w - - 6 26	0.664425
8/ppb3k1/2p1Qn1p/3r2p1/P3b3/4P2P/1PP2PP1/2RR2K1 w - - 1 28	0.707645
8/ppb1Q3/2p2nkp/3b2p1/P7/4P2P/1PP2PP1/2R3K1 w - - 0 30	0.712507
8/p1Q5/1pp2nkp/6p1/P1P1b3/4P2P/1P3PP1/2R3K1 w - - 1 32	0.723550
rn1qkbnr/1pp1pppQ/3p4/p7/3P2b1/8/PPP1PP1P/RNB1KBNR b KQkq - 0 4	0.046291
r2qkbn1/1pp1pppr/2np4/p7/3P2b1/4B3/PPP1PPBP/RN2K1NR b KQq - 3 6	0.043434
r2qkb2/1pp1ppp1/2np1n2/p6r/3P2b1/2N1BN2/PPP1PPBP/R3K2R b KQq - 7 8	0.044334
r2qkb2/1pp1ppp1/2npbn2/7r/p2P4/2N1BN2/PPP1PPBP/2KRR3 b q - 1 10	0.045252
r2qkb2/1pp1ppp1/2npbn2/6Nr/3P4/2N1B3/PpPKPPBP/3RR3 b q - 1 12	0.016866
r2q1b2/1ppkpppr/2npbn1B/8/3P4/2N5/PpPKPPBP/3RR3 b - - 1 14	0.003845
r2q1b2/1ppkppp1/2np1n1r/3b4/3PP3/8/PpPK1PBP/3RR3 b - - 0 16	0.001532
r2q1b2/1ppkppp1/2np1n2/8/3PP3/7r/bpP1KP1P/3RR3 b - - 1 18	0.000287
r3qb2/1ppkppp1/3p1n2/8/3nP3/4R2r/bpPK1P1P/3R4 b - - 1 20	0.000276
r3qb2/1ppkppp1/3p4/8/3nn3/3KP3/bpP4P/3R4 b - - 1 22	0.000276
r3qb2/1ppkppp1/3p4/8/3P4/8/bpPK3P/3n4 b - - 0 24	0.000276
r3qb2/1ppkppp1/3p4/3P4/8/1b1K4/2P4P/1q1n4 b - - 0 26	0.000276
rnbk1bnr/pp2pppp/3p4/8/2B2p2/8/PP1P2PP/RNBQK1NR b KQ - 1 7	0.916358
rn2kbnr/pp2pppp/3pb3/8/2B2p2/N4N2/PP1P2PP/R1BQK2R b KQ - 5 9	0.912637
r3kbnr/pp2pppp/2n1b3/1B1p4/5p2/N4N2/PP1P2PP/R1BQ1RK1 b - - 3 11	0.904227
r3kb1r/pp2pppp/2n1b3/1B1pN2n/3P1p2/N7/PP4PP/R1BQ1RK1 b - - 2 13	0.958414
r3kb1r/pp2pppp/4b3/1B1pN2n/3P1p2/N7/PP4PP/R1BQ1RK1 b - - 2 15	0.986274
r2k1b1r/1p2pppp/p3b3/3pN2Q/3P1p2/N2B4/PP4PP/R1B2RK1 b - - 1 17	0.986669
r2k1br1/1p2pp1p/p3b1p1/3pN1Q1/3P1B2/N2B4/PP4PP/R4RK1 b - - 0 19	0.983011
r3k1r1/1pR1ppbp/p3b1p1/3pN1Q1/3P1B2/N2B4/PP4PP/5RK1 b - - 4 21	0.990225
2r1k2r/1p2ppbp/p3b1p1/3pN1Q1/3P1B2/3B4/PPN3PP/5RK1 b - - 1 23	0.947129
2r1kr2/1p2pp1p/p3bbpQ/3pN3/3P1B2/3BN3/PP4PP/5RK1 b - - 5 25	0.964121
2r1k2r/4pp1p/p3bbpQ/1p1pN3/3P1B2/P2BN3/1P4PP/3R2K1 b - - 0 27	0.964618
2r1k2r/4pp1p/p3bbpQ/1p1p4/1N1P1B2/P2BN3/1P4PP/3R2K1 b - - 4 29	0.957158
2r1k2r/4pp1p/4b1pQ/1p1p4/1N1R1B2/P3N3/1P4PP/6K1 b - - 0 31	0.961807
4k2r/4pp1p/4b2Q/1p1p2B1/1N1R4/P3N3/1P3KPP/2r5 b - - 0 33	0.971338
4k2r/4pp1p/4b2Q/1p1N2B1/3R4/P3NK2/1r4PP/8 b - - 1 35	0.969744
rnbqk2r/pp1p3p/3p4/6p1/8/4K3/PPPn1PPP/RNBQ1B1R w kq - 0 8	0.631346
rnbq3r/pp1p3p/3p1k2/6pQ/8/4K3/PPPN1PPP/R1B2B1R w - - 1 10	0.654807
r1bq3r/pp1p2kp/2np4/6NQ/8/4K3/PPP2PPP/R1B2B1R w - - 1 12	0.664602
r1bq3r/pp1p1Q1p/3p3k/4n1N1/8/5K2/PPP2PPP/R1B2B1R w - - 5 14	0.641438
r1bq3r/pp1p1Nkp/3p4/8/8/6K1/PPP2PPP/R1B2B1R w - - 1 16	0.641438
r1br4/pp1p2kp/8/3p4/5B2/6K1/PPP2PPP/R4B1R w - - 0 18	0.667742
r2r4/pp4kp/3p4/3p1bB1/8/6K1/PPP2PPP/3R1B1R w - - 2 20	0.662276
3r4/pp4kp/3p4/1B1p4/8/6K1/PPb2PPP/3R3R w - - 0 22	0.666009
3r4/pp5p/3p1k2/1B4R1/4b3/6K1/PP3PPP/7R w - - 3 24	0.664248
3r4/pp6/3p1k1p/1B1b4/6RP/6K1/PP3PP1/7R w - - 2 26	0.666879
3r4/pp6/3p2k1/3b3p/2B2R1P/6K1/PP3PP1/7R w - - 2 28	0.717005
3r4/8/3p2k1/pp1B3p/5R1P/6K1/PP3PP1/2R5 w - - 0 30	0.720724
3r2k1/2R5/3p4/pp5p/4BR1P/6K1/PP3PP1/8 w - - 4 32	0.725425
3r2k1/2R5/3p2B1/5R1p/pp5P/6K1/PP3PP1/8 w - - 0 34	0.725946
6rk/2R5/3pB3/5R1p/pp5P/6K1/PP3PP1/8 w - - 4 36	0.741459
rnbk1bnr/pp2pppp/3p4/2P5/1P2P3/8/P1P2PPP/RNB1K1NR w KQ - 1 8	0.449756
rnbk1b1r/pp3ppp/3p1n2/6B1/1P2P3/8/P1P2PPP/RN2K1NR w KQ - 2 10	0.471685
r1bk1b1r/pp3p1p/2np1p2/8/1P2P3/2N5/P1P2PPP/R3K1NR w KQ - 2 12	0.450356
r2k1b1r/pp3p1p/2np1p2/3N4/1P2P3/5b2/P1P2PPP/R3K2R w KQ - 0 14	0.449156
r2k3r/pp3p1p/3p1p1b/3N4/1P1nP3/5P2/P1P2P1P/2KR3R w - - 3 16	0.455177
r6r/ppk2p1p/3p1N1b/8/1P2P3/5n2/P1P2P1P/1K1R3R w - - 1 18	0.446467
rk5r/pp3p1p/3p4/1P1N4/4Pb2/5n2/P1P2P1P/1K1R3R w - - 3 20	0.535998
rk2r3/pp3p1p/3p4/1P4n1/4PN2/3R4/P1P2P1P/1K5R w - - 3 22	0.541488
rk2r3/pp1R1p1p/8/1P6/5N2/8/P1P2n1P/1K5R w - - 0 24	0.548743
rk2r3/pp3R1p/8/1P6/5N2/4n3/P1P4P/1K3R2 w - - 1 26	0.547238
rk2r3/1p3R2/p6p/1P1N4/8/4n3/P1P4P/1K2R3 w - - 0 28	0.655957
rk2r3/1p3R2/pP5p/8/8/4N3/P1P4P/1K2R3 w - - 1 30	0.656148
1k2r3/1p1R4/rP5p/p7/P7/4N3/2P4P/1K2R3 w - - 1 32	0.652473
rk2r3/1p6/1P1R4/p6p/P6P/4N3/2P5/1K2R3 w - - 1 34	0.654999
1k2r3/1p1R4/1r6/p6p/P6P/2P1N3/8/1K2R3 w - - 0 36	0.604960
rnb1k1nr/ppp2ppp/8/3Pp3/8/8/PP1P1KPP/RNBQ1B1R b kq - 0 7	0.684235
rnb2rk1/ppp2ppp/5n2/3Pp3/8/2NB4/PP1P1KPP/R1BQ3R b - - 4 9	0.676761
r4rk1/pppn1ppp/5n2/3Pp3/Q5b1/2NB4/PP1P2PP/R1B3KR b - - 8 11	0.671287
3r1rk1/ppp2ppp/5n2/2nPpB2/6b1/2N5/PPQP2PP/R1B3KR b - - 12 13	0.670119
3rr1k1/ppp2ppp/5n2/2nPpQ2/1P6/2N5/P2P2PP/R1B3KR b - - 0 15	0.682503
3rr1k1/pppn1ppp/5n2/3P1Q2/1P2p3/2N5/PB1P2PP/4R1KR b - - 1 17	0.681769
3r2k1/pppn1pp1/5n1p/3Pr3/1P2p3/2N3Q1/PB1P2PP/4R1KR b - - 1 19	0.685087
4r1k1/ppp2pQ1/5n1p/1PnPr3/4p3/2N5/PB1P2PP/4R1KR b - - 0 21	0.481596
4r3/ppp2pk1/5n1p/1P1Pr3/P3p3/2Nn4/1B1P2PP/1R4KR b - - 2 23	0.450356
4r3/ppp2pk1/7p/1P1Nr3/P3p3/8/1R1P2PP/6KR b - - 0 25	0.455480
4r3/pp3pk1/2P4p/3r4/P3p3/8/2RP2PP/6KR b - - 0 27	0.455782
3r4/p4pk1/P1p4p/3r4/4p3/8/2RP2PP/6KR b - - 0 29	0.457905
8/p4pk1/P1p4p/8/4p2P/8/3r2P1/6KR b - - 0 31	0.402617
8/p4pk1/P1p4p/8/7P/8/3rp1PK/1R6 b - - 1 33	0.292162
8/p4pk1/P1p4p/8/7P/6K1/6P1/3q4 b - - 1 35	0.282082
rnb1kbr1/ppp3pp/4p3/3n4/2PP4/5P2/PP4PP/RNB1KBNR w KQq - 1 9	0.590405
rnb1k1r1/ppp3pp/4p3/3P4/3P4/5P2/PP1b2PP/RN2KBNR w KQq - 0 11	0.601852
r1b1k1r1/ppp3pp/2n5/3p4/3P4/3B1P2/PP1N2PP/R3K1NR w KQq - 2 13	0.607266
2kr2r1/ppp3pp/2n1b3/3p4/3P4/3B1P2/PP1NN1PP/R4RK1 w - - 6 15	0.602373
2k3r1/ppp3p1/2nrb2p/1B1p4/3P4/5P2/PP1NN1PP/2R2RK1 w - - 2 17	0.600021
2kr1r2/ppp3p1/2n1b2p/2Rp4/3P4/3B1P2/PP1NN1PP/5RK1 w - - 6 19	0.596321
1k1r1r2/ppp3p1/2n4p/2Rp1b2/P2P4/3B1P2/1P1NN1PP/3R2K1 w - - 1 21	0.595522
1k1r4/ppp2rp1/2n4p/2Rp4/P2PN3/5P2/1P2N1PP/3R2K1 w - - 2 23	0.598969
1k1r4/ppp3p1/2n4p/P1Rp2r1/3P4/2N2P2/1P2N1PP/3R2K1 w - - 1 25	0.611561
1k5r/ppp3p1/P1n4p/2Rp2r1/3P1N2/2N2P2/1P4PP/3R2K1 w - - 3 27	0.654227
1k2r3/ppp5/P1n3pp/2RN2r1/1P1P1N2/5P2/6PP/3R2K1 w - - 0 29	0.666706
8/pkp5/2n2Npp/2R3r1/1P1P1N2/4rP2/6PP/3R2K1 w - - 0 31	0.646860
8/pkp5/2n2Npp/2P5/3P1N2/1r3P2/5KPP/3R4 w - - 1 33	0.661003
8/1kp5/2n2NNp/p1P5/3P4/5PK1/1r4PP/3R4 w - - 0 35	0.664779
8/2p5/1kP2NNp/p2P4/1n6/5PK1/1r4PP/3R4 w - - 1 37	0.673903
rnb1kbnr/ppp1pppp/8/8/4p3/2N4N/PPPK1PPP/R1BQ1B1R b kq - 0 4	0.668937
rn2kb1r/ppp1pppp/5n2/8/4p3/2N4P/PPP2P1P/R1BQKB1R b kq - 2 6	0.671287
3rkb1r/ppp1pppp/2n2n2/8/4p3/2N1B2P/PPP1QP1P/R3KB1R b k - 6 8	0.654227
3rk2r/ppp2ppp/2nb1n2/4p3/4p3/2N1B2P/PPP1QPBP/3RK2R b k - 3 10	0.672604
3k3r/ppp2ppp/2n2n2/4p3/1bQ1p3/2N1B2P/PPP2PBP/4K2R b - - 1 12	0.682503
3k2r1/ppp2Qpp/2n2n2/4p3/4p3/2P1B2P/P1P2PBP/4K2R b - - 0 14	0.698991
3k2r1/B1p1nQpp/1p3n2/4p3/4p3/2P4P/P1P2PBP/4KR2 b - - 1 16	0.687450
3k2r1/5Qpp/1pn2n2/4p3/4B3/2P4P/P1P2P1P/4KR2 b - - 0 18	0.688537
3k2r1/4nQpp/1p3n2/8/4p1B1/2P4P/P1P2P1P/4KR2 b - - 1 20	0.681622
3k2r1/5Qpp/1p3n2/5B2/2P1pn2/7P/P1P2P1P/4KR2 b - - 2 22	0.684946
3k2r1/5Qpp/1p3n2/5B2/2P5/4p2P/P1P2PnP/2K2R2 b - - 1 24	0.620867
3k2r1/5Qpp/1p3n2/5B2/2P5/7P/P1P2PnP/2K1R3 b - - 0 26	0.620867
3kr3/6QB/1p3n2/8/2P5/7P/P1P2P1P/2K1n3 b - - 0 28	0.645420
3k4/7Q/1p6/8/2P5/7P/P1P1rP1P/3Kn3 b - - 2 30	0.645006
3kr3/8/1p3Q2/8/2P5/7P/P1P2P1P/3Kn3 b - - 6 32	0.646245
rnbq1bnr/pppk2pp/5p2/3p4/4Q3/4P1P1/PPP1NP1P/RNB1KB1R w KQ - 2 7	0.565615
rnbqk1nr/ppp3pp/3b1p2/3Q4/8/4P1P1/PPP1NPBP/RNB1K2R w KQ - 3 9	0.570534
r2qk1nr/ppp3pp/2nb1p2/3Q4/6b1/2N1P1P1/PPP1NPBP/R1B2RK1 w - - 7 11	0.590134
r2qk1nr/pQp3pp/3b1p2/4n3/8/2N1P1P1/PPP1bPBP/R1B2RK1 w - - 0 13	0.607011
r2q2nr/p1p2kpp/2Qb1p2/8/8/2N1P1P1/PPP1bP1P/R1B2RK1 w - - 1 15	0.594452
r2q3r/p1p1n1pp/3b1pk1/3Q4/8/4P1P1/PPP1NP1P/R1B2RK1 w - - 1 17	0.593647
r2qr3/p1p3pp/2nbQpk1/8/3N4/4P1P1/PPP2P1P/R1B2RK1 w - - 5 19	0.666358
r1q1r3/p1p2kpp/2Nb1p2/5Q2/8/4P1P1/PPP2P1P/R1B2RK1 w - - 1 21	0.676134
r3r3/p1p2kpQ/2Nb1p2/8/8/4PqP1/PPPB1P1P/R4RK1 w - - 3 23	0.677694
r3r3/p1p2kpQ/3b1p2/5N2/6q1/4P1P1/PPPB1P1P/R4RK1 w - - 7 25	0.741869
r3r1Q1/p1p1k1p1/3b1p1N/8/6q1/4P1P1/PPPB1P1P/R4RK1 w - - 11 27	0.742775
r2k4/p1p1rQp1/3b1p2/8/6N1/4P1P1/PPPB1P1P/R4RK1 w - - 1 29	0.744627
r2kr3/p1p3Q1/3b4/5p2/6N1/4P1P1/PPPB1P1P/R4RK1 w - - 0 31	0.745516
r3k3/p1p1b1Q1/8/5p2/8/4P1P1/PPPB1P1P/R4RK1 w - - 0 33	0.747364
r4b2/p1pk4/8/5p1Q/8/4P1P1/PPPB1P1P/R4RK1 w - - 4 35	0.748827
rnb1kbnr/1pp2ppp/B7/4p3/3P4/8/PP1P1PPP/RNBQ1KNR b kq - 0 6	0.431178
r1b1kbnr/1pp2ppp/n7/8/3PQ3/8/PP1P1PPP/RNB2KNR b kq - 0 8	0.430283
r3kbnr/1Qp2ppp/n7/8/2bP4/8/PP1PNPPP/RNB2K1R b kq - 2 10	0.461895
4kbnr/2pr1ppp/n7/8/2QP4/8/PP1PNPPP/RNB2K1R b k - 0 12	0.476231
4kb1r/2pr1ppp/5n2/8/1nQP4/2N5/PP1PNPPP/R1B3KR b k - 4 14	0.474230
5rk1/2pr1ppp/3b1n2/5N2/1nQP4/2N5/PP1P1PPP/R1B3KR b - - 8 16	0.469815
4r1k1/2pr1ppp/3b1n2/5N2/2QP4/2NP4/PPn2PPP/1RB3KR b - - 0 18	0.000276
rnbqkbnr/1p1p1p2/p5p1/2pP3p/8/4BP2/PPP2PPP/RN1QKB1R w KQkq c6 0 8	0.203667
rnbqk2r/1p1p1p2/p2b1np1/2pP3p/8/2NBBP2/PPP2PPP/R2QK2R w KQkq - 4 10	0.211863
rnbqr1k1/1p1p1p2/p2b1np1/2pP3p/8/2NBBP2/PPP2PPP/2RQ1RK1 w - - 8 12	0.215533
rnbqr1k1/1p1p1p2/p2P2p1/2p1b2p/4n3/2N1BP2/PPP2PPP/2RQ1RK1 w - - 0 14	0.200056
r1b1r1k1/1p1p1p2/p1nP2p1/2pQb2p/4P2q/2N1B3/PPP2PPP/2R2RK1 w - - 3 16	0.202160
r1b1r3/1p1p1k2/p1nP2p1/2p1b2p/4P3/2N1B1Pq/PPP2P1P/2R2RK1 w - - 1 18	0.038547
r1b1r3/1p1p1k2/p2P2p1/2pNb2p/4P3/4BnPq/PPP2P1P/2RR2K1 w - - 5 20	0.000276
rnb1kbnr/ppp1pppp/8/8/4pP2/1P6/P1PN2PP/R1BQKBNR b KQkq - 0 4	0.918937
rn2kbnr/ppp1pppp/8/5b2/4NP2/1P1Bp3/P1P3PP/R1BQK1NR b KQkq - 3 6	0.922604
rn2kb1r/pBp1pppp/5n2/8/5P2/1P2p3/P1P3PP/R1BQK1NR b KQkq - 0 8	0.959264
B3kb1r/p1pnpppp/5n2/8/5P2/1P6/P1P1N1PP/R1BQK2R b KQk - 0 10	0.986473
B3k2r/p1pn1ppp/5n2/2b1p3/5P2/1P6/P1P1N1PP/R1BQ1R1K b k - 3 12	0.983774
5rk1/p1pn1ppp/2Bb1n2/4p3/5P2/1P2B3/P1P1N1PP/R2Q1R1K b - - 7 14	0.985450
4r1k1/2pn1ppp/2Bb1n2/8/3BpP2/1P6/P1P1N1PP/R2Q1R1K b - - 2 16	0.987818
3r2k1/2pn1pp1/2Bb1n1p/P7/3BpP2/1P6/2P1N1PP/R2Q1R1K b - - 0 18	0.990320
3r2k1/P1pn1pp1/2Bb1n2/8/3BpP1p/1P6/2P1N1PP/R2Q1R1K b - - 0 20	0.995949
Q2r2k1/5pp1/1pBb1n2/8/4pP1p/1P6/2P1N1PP/R2Q1R1K b - - 0 22	0.995949
5Rk1/5pp1/1pB2n2/8/4pP1p/1P6/2P1N1PP/3Q1R1K b - - 0 24	0.998764
5R2/5ppk/1pB2n2/8/5P1p/1P1Qp3/2P1N1PP/5R1K b - - 1 26	0.999444
8/8/1pB2Rpk/8/5P1p/1P1Qp3/2P1N1PP/5R1K b - - 0 28	0.999644
rnbqk1nr/pppp1ppp/8/4p3/4P3/b4Q2/1PPP1PPP/RNB1KBNR w KQkq - 0 4	0.819382
r1bqk2r/pppp1ppp/2n2n2/4p3/2N1P3/5Q2/1PPP1PPP/R1B1KBNR w KQkq - 3 6	0.817647
r1bq1rk1/ppp2ppp/2n2n2/3pp3/2N1P3/3B1Q2/1PPPNPPP/R1B1K2R w KQ - 0 8	0.808874
r2q1rk1/ppp2ppp/2n1b3/3np3/2N5/3B1Q2/1PPPNPPP/R1B2RK1 w - - 2 10	0.821109
r2q1r1k/ppp2ppp/4b3/3np2Q/2Nn4/3B2N1/1PPP1PPP/R1B2RK1 w - - 6 12	0.999724
1nbqkbnr/rp2pppp/8/p1p1P3/2P5/7N/PP3PPP/RNBQKB1R b KQk - 0 6	0.481907
2b1kbnr/rp2pppp/2n5/p1p1P3/2P2B2/7N/PP3PPP/RN1K1B1R b k - 2 8	0.482529
4kbnr/rp2pp1p/2n5/p1p1P1B1/2P5/7P/PP3P1P/RN1K1B1R b k - 0 10	0.496563
4kbnr/rp2pp1p/8/p1p5/2P5/2N1Bn1P/PP3P1P/R2K1B1R b k - 3 12	0.493439
4kb1r/rp3p1p/5n2/p1p1p3/2P5/2NBBn1P/PP2KP1P/R6R b k - 3 14	0.482840
4k2r/rp3p1p/3b1n2/p1pNp3/2Pn4/3BB2P/PP3P1P/R3K2R b k - 7 16	0.498125
4k2r/rp3p1p/3b4/p1pPp3/8/3BBn1P/PP2KP1P/R6R b k - 0 18	0.491878
r3k2r/1p3p1p/3b4/p1pPp3/3n4/3BB2P/PP3P1P/3RK2R b k - 4 20	0.505312
3rk2r/1p3p1p/3b4/p1pPp3/8/3BBn1P/PP3P1P/3R1KR1 b k - 8 22	0.476012
3r3r/1p2kp1p/3b4/pBpPp3/8/4B2P/PP3P1P/3R2K1 b - - 0 24	0.451558
3r2r1/1p2kp1p/3b4/pBpP4/4p3/4B2P/PP2KP1P/3R4 b - - 1 26	0.442604
3r4/4kp1p/1p1b4/pBpP4/4p3/2B4P/PP2KPrP/3R4 b - - 1 28	0.427744
3r4/4kp1p/1pB5/p1pP4/4pb1P/2B5/PP2KP1r/3R4 b - - 0 30	0.406084
3r4/4kpBp/1pB5/p1pP4/4pb2/1P5r/P3KP2/3R4 b - - 2 32	0.396589
8/4k1Bp/1pBR1p2/p1p5/4pb2/1P5r/P3KP2/8 b - - 0 34	0.396589
rn1qkbnr/pppb1p1p/7p/8/4P3/8/PPP1PPPP/RN2KBNR w KQkq - 0 5	0.038017
rn1qk1nr/pppb1p1p/7p/8/4P3/2b2N2/PPP1PPPP/R3KB1R w KQkq - 0 7	0.037667
rn1qk2r/pppb1p1p/7p/4P3/4n3/2P2N2/P1P1PPPP/R3KB1R w KQkq - 1 9	0.035465
rn1qk2r/ppp2p1p/2b4p/4P3/8/2n1PN2/P1P2PPP/1R2KB1R w Kkq - 0 11	0.026639
r1bqkbnr/ppp2ppp/n7/3pP3/8/2N5/PPP1PPPP/R1BQKBNR w KQkq d6 0 4	0.576528
r2qk1nr/ppp2ppp/n7/2bNPb2/8/5N2/PPP1PPPP/R1BQKB1R w KQkq - 3 6	0.583261
r2q1rk1/ppp1nppp/n7/2bNPbB1/2P5/5N2/PP2PPPP/R2QKB1R w KQ - 1 8	0.553235
2rq1rk1/ppp1nppp/8/2bNPbB1/1nP5/4PN2/PP3PPP/2RQKB1R w K - 1 10	0.546635
2rq1r1k/pp2nppp/2p5/2bNPbB1/1nPN4/4P3/PP2BPPP/2RQK2R w K - 2 12	0.626297
2r2r1k/pp2qppp/2p5/4Pb2/1nPN4/4P3/PP2BPPP/2RQK2R w K - 0 14	0.626297
1r3r1k/pp3ppp/2pN4/4q3/1nP5/4P3/PP2BPPP/2RQK2R w K - 2 16	0.635149
1r3r1k/pp3ppp/2pN4/8/2PP4/8/nP2BPPP/2R1K2R w K - 0 18	0.631573
3r1r1k/pp3ppp/2pN4/2P5/1n1P4/8/1P2BPPP/R3K2R w K - 1 20	0.635812
3r1r1k/Rp3ppp/2pN4/2P5/3n4/8/1P1KBPPP/7R w - - 0 22	0.631120
r4rk1/1R3ppp/2pN4/2P5/3n4/8/1P1KBPPP/2R5 w - - 3 24	0.648286
5rk1/1R3ppp/2pNn3/2P5/8/2KB4/rP3PPP/2R5 w - - 7 26	0.651092
5rk1/1R3ppp/2pN4/2P5/r1K1Bn2/8/1P3PPP/2R5 w - - 11 28	0.650296
5rk1/1R3ppp/2BN4/2P5/1PK2n2/8/5rPP/2R5 w - - 0 32	0.648286
r1bqk1nr/pp1p1ppp/2np4/8/2P1P3/8/PP3KPP/RNB2BNR b kq - 0 7	0.307661
r1bq1rk1/pp1p1ppp/2np1n2/8/2P1P3/2N2N2/PP3KPP/R1B2B1R b - - 4 9	0.316338
r1bq1rk1/pp1p1ppp/3p4/4n3/2P1P1n1/2N1BN2/PP2K1PP/R4B1R b - - 8 11	0.306900
r1bq1rk1/pp1p1ppp/3p4/8/3BP1n1/2N2N2/Pn4PP/R3KB1R b - - 1 13	0.312413
r1bqr1k1/pp1p1ppp/3p4/1B1Nn3/3BP3/5N2/Pn4PP/R3K2R b - - 5 15	0.299095
r1bqr1k1/pp1p1ppp/3p4/3N4/3BP3/3n1N2/P3K1PP/R6R b - - 1 17	0.306900
r1b1r1k1/pp1p1ppp/3p4/q2Nn3/3BP3/5N2/P4KPP/R2R4 b - - 5 19	0.304792
r1b3k1/pp1p1ppp/3p4/q2N4/4r1n1/2B2N2/P5PP/R2R2K1 b - - 1 21	0.277928
r1b3k1/pp1p1pBp/3p4/3q4/4r1n1/5N2/P5PP/R2R2K1 b - - 0 23	0.279902
r1b3k1/pp1p1p1p/3p4/7q/P2B2n1/5N2/4r1PP/R2R2K1 b - - 0 25	0.276015
r1b3k1/pp1p1p1p/3p4/7q/P2B4/3n1N2/4r1PP/3R1RK1 b - - 4 27	0.274750
r1b3k1/pp1p1p1p/3p4/P7/3B1nq1/5NP1/4r2P/3R1RK1 b - - 0 29	0.269819
r1b3k1/pp1p1p1p/8/P2pN3/3B1nq1/6P1/6rP/3R1R1K b - - 3 31	0.272128
r1b3k1/pp1p1p1p/5N2/P2p4/3B1n2/6P1/6rP/3R1R1K b - - 2 33	0.578787
r1b2k2/pp1p1p1p/8/P2N4/3B1R2/6P1/r6P/3R3K b - - 0 35	0.592031
rn2kbnr/pp2p1pp/8/5p2/7P/8/PPQPBPP1/R1B1K1NR w KQkq - 0 7	0.984838
rnQ2b1r/pp2pkpp/5n2/8/7P/8/PP1PBPP1/R1B1K1NR w KQ - 3 9	0.990715
rnQ2b1r/p3p1pp/1p3nk1/8/2B4P/5N2/PP1P1PP1/R1B1K2R w KQ - 0 11	0.989958
rn3b1r/p3p1pp/1p5k/8/2B1n1QP/5N2/PP1P1PP1/R1B2RK1 w - - 4 13	0.996404
rn3b1r/p3p1kp/1p6/6B1/2BPn1QP/5N2/PP3PP1/R4RK1 w - - 1 15	0.999724
rn5r/p3b2p/1p5k/8/2BPQ2P/5N2/PP3PP1/R4RK1 w - - 0 17	0.995775
1n5r/1Q5p/1p1b3k/p7/2BP3P/5N2/PP3PP1/R4RK1 w - - 2 19	0.998506
3r4/7p/2Qb3k/p7/2BP3P/5N2/PP3PP1/R4RK1 w - - 1 21	0.998720
8/6rp/1Q1b3k/p3N3/2BP3P/8/PP3PP1/R4RK1 w - - 5 23	0.999503
8/7p/5Qr1/p3N2k/2BP3P/8/PP3PP1/R4RK1 w - - 3 25	0.999724
rnb1kbnr/pp1p1ppp/8/2p5/7P/2P5/PP2PPP1/RNQ1KBNR w KQkq - 0 7	0.665308
r1b1k1nr/pp1pbppp/2n5/2p5/7P/2P1QN2/PP2PPP1/RN2KB1R w KQkq - 4 9	0.651883
r1b2rk1/pp1pbppp/2n2n2/2p5/7P/2P1QN2/PP1NPPP1/3RKB1R w K - 8 11	0.648690
r1b2rk1/pp1p1ppp/2nb1n2/8/2p4P/2P1QN2/PP2PPP1/3RKB1R w K - 0 13	0.647880
r1b1r1k1/pp1p1ppp/2nR4/6Q1/2p1n2P/2P2N2/PP2PPP1/4KB1R w K - 3 15	0.615037
r1b3k1/pp1p1ppp/2nQ4/8/2p1r2P/2P2N2/PP2PPP1/4KB1R w K - 1 17	0.613802
r1b3k1/1p1p1ppp/2nQ4/8/p1p1r2P/2P1PN2/PP2BPP1/4K2R w K - 0 19	0.650695
2b3k1/1p1p1ppp/2nQ4/5r2/p1p1r2P/2P1PN2/PP2BPP1/3R2K1 w - - 4 21	0.654807
2b3k1/1p1p1ppp/5r2/3Q4/p1pnr2P/2P1P3/PP2BPP1/3R2K1 w - - 0 23	0.636690
2b3k1/1p1p1ppp/2r5/8/p1QP3r/4P3/PP2BPP1/3R2K1 w - - 1 25	0.647677
2b3k1/1p3ppp/3r4/3p4/3P3r/1Q2P3/PP2BPP1/3R2K1 w - - 2 27	0.665308
6k1/1pQ2ppp/3r4/3p1b2/3P4/4P3/PP2BPP1/3R2Kr w - - 6 29	0.716305
6k1/1pQ2p1p/6pr/3p1b2/3P4/4P3/PP2BPP1/3R2K1 w - - 0 31	0.727010
8/5pkp/1p4pr/3Q1b2/3P4/4P3/PP2BPP1/3R2K1 w - - 0 33	0.731020
1Q6/5pkp/1p4pr/5b2/3P4/4P3/PP2BPP1/3R2K1 w - - 4 35	0.729893
rnQqkbnr/1pp2ppp/p7/3p4/3P4/8/PPP2PPP/RNB1KBNR b KQkq - 0 5	0.359843
rnq1kb1r/1pp2ppp/p4n2/3p4/3P4/2N2N2/PPP2PPP/R1B1KB1R b KQkq - 3 7	0.350907
r3kb1r/1pB2ppp/p1n2n2/3p4/3P2q1/2N2N2/PPP2PPP/R3KB1R b KQkq - 0 9	0.341399
r3kb1r/1pB2ppp/p4n2/3p4/3q4/2NB4/PPP2PPP/R3K2R b KQkq - 1 11	0.341026
r4rk1/1pB2ppp/p4n2/2bp4/3q4/2NB4/PPP2PPP/4RRK1 b - - 5 13	0.349504
r4rk1/1p3ppp/p4n2/3p4/3B2q1/2NB4/PPP2PPP/4RRK1 b - - 0 15	0.366183
1r3rk1/1p2Rppp/p4n2/3p4/3q4/2NB4/PPP2PPP/4R1K1 b - - 3 17	0.362001
1r1r2k1/1p2Rppp/p4n2/P2p4/5q2/2NB4/1PP2PPP/4R1K1 b - - 0 19	0.336465
1r1r2k1/1p2Rppp/p4n2/P7/3pN3/3B1qP1/1PP2P1P/4R1K1 b - - 2 21	0.355826
1r1r2k1/1p2RppB/p7/P2n2N1/3p2q1/6P1/1PP2P1P/4R1K1 b - - 0 23	0.367077
1r1r3k/1p3pp1/p7/P3R1N1/3pBnq1/6P1/1PP2P1P/4R1K1 b - - 4 25	0.373470
1r4k1/1p1r1pp1/p7/P5N1/3pBRq1/6P1/1PP2P1P/4R1K1 b - - 0 27	0.384471
1r4k1/1p1r1pp1/p7/P4R2/3pB3/6P1/1PPq1P1P/5RK1 b - - 3 29	0.370702
3rr1k1/1p3pp1/p7/P4R2/2Bp4/6P1/1PPq1P1P/5RK1 b - - 7 31	0.370245
3r2k1/1p3pp1/p7/P4R2/3p4/3B2P1/1PPq1P1P/4R1K1 b - - 0 33	0.366629
r1b1k1nr/ppp1bppp/n7/3qP3/4P3/8/PPP2PPP/RNB1KBNR w KQkq - 1 6	0.547238
r3k1nr/ppp1bppp/8/2nPPb2/8/5N2/PPP2PPP/RNB1KB1R w KQkq - 3 8	0.566778
3r1knr/ppp1bppp/8/1BnPPb2/8/N4N2/PPP2PPP/R1B1K2R w KQ - 7 10	0.556804
3r1knr/ppp1bppp/8/1BnbP3/3N4/N7/PPP2PPP/R1B2RK1 w - - 0 12	0.545729
3r1k1r/ppp1bppp/7n/1B1bP3/2NNn3/4B3/PPP2PPP/R4RK1 w - - 4 14	0.552937
3r1k1r/ppp1bppp/7n/4P3/B2Nn3/4B3/PPP2PPP/R4bK1 w - - 0 16	0.390198
3r1k1r/ppp1bppp/4P3/8/B2Nn3/4n3/PPP2PPP/5RK1 w - - 0 18	0.387690
3r2kr/ppp2ppp/4Pb2/1B6/3Nn3/4P3/PPP3PP/5RK1 w - - 3 20	0.396330
3r2kr/ppp3p1/4pb1p/5R2/2BNn3/4P3/PPP3PP/6K1 w - - 0 22	0.390956
3rr3/ppp3pk/5b1p/3B1R2/3Nn3/4P3/PPP3PP/6K1 w - - 3 24	0.383490
3rr3/pBp3pk/3n3p/4bR2/P2N4/4P3/1PP3PP/6K1 w - - 1 26	0.370473
4r3/pBp3pk/2Nn3p/4r3/P7/4P3/1PP3PP/6K1 w - - 2 28	0.408781
8/p1p3pk/7p/4r3/P1n5/4PB2/1PP3PP/6K1 w - - 2 30	0.388940
8/2p3pk/7p/p3r3/P3P3/5B2/1nP2KPP/8 w - - 0 32	0.366406
8/2p3pk/7p/p1r5/n2KP3/5B2/2P3PP/8 w - - 2 34	0.362436
rn2kbnr/ppp3pp/3q4/3p4/5P2/3P4/PP4PP/RNBQK1NR w KQkq - 1 8	0.516538
2kr1bnr/ppp3pp/2nq4/3p4/5P2/3P1N2/PP4PP/RNBQ1RK1 w - - 5 10	0.501562
2kr3r/ppp1b1pp/2nq1n2/3p4/5P2/2NPBN2/PP4PP/R2Q1RK1 w - - 9 12	0.510619
1k1rr3/ppp1b1pp/2nq1n2/3p4/5P2/1QNPBN2/PP4PP/2R2RK1 w - - 13 14	0.496875
1k1rr3/ppp1b1pp/2n2n2/3q4/3pNP2/1Q1PBN2/PP4PP/3R1RK1 w - - 2 16	0.489069
1k2r3/ppp1b1pp/2n5/3r4/3pnP2/3P1N2/PP3BPP/3R1RK1 w - - 0 18	0.507186
1k2r3/ppp1b1pp/2n5/8/3NPP2/8/Pr3BPP/3R1RK1 w - - 0 20	0.513113
1k2r3/p1p1b1pp/2p5/8/3BPP2/8/P3r1PP/3R1RK1 w - - 2 22	0.526154
2k1r3/p1p1b1pp/2p5/8/3BrP2/8/P4RPP/1R4K1 w - - 0 24	0.521199
2k1r3/p1p4p/2p5/4B3/4rP2/8/P4bPP/1R4K1 w - - 0 26	0.481285
2k1r3/p1p4p/2p5/4B3/5P2/r7/PR3KPP/8 w - - 3 28	0.477561
2k1r3/p1p4p/2p5/4B3/5P2/8/P2r2PP/1R4K1 w - - 7 30	0.474464
2k1r3/p1p4p/2p5/4B3/P4P2/6P1/3r3P/1R4K1 w - - 1 32	0.476941
2k1r3/p1p4p/2p5/r3B3/5P2/6P1/7P/2R3K1 w - - 0 34	0.478491
2k5/p1p4p/2R5/4r3/8/6P1/7P/6K1 w - - 0 36	0.477251
r1bqk1nr/pppp3p/8/1B2p1p1/4p3/b6N/PPPPQPPP/R1BNK2R b KQkq - 3 7	0.608791
r1bqk2r/pp1pn2p/2p5/4p1p1/2B1p3/P6N/P1PPQPPP/R1BNK2R b KQkq - 1 9	0.630893
r1bqk2r/pp5p/2p3n1/3pp1pQ/4p3/P6N/P1PPBPPP/R1BNK2R b KQkq - 3 11	0.642285
r2qk2r/pp5p/2p5/3pp1pB/4pn2/P6Q/P1PP1PPP/R1BNK2R b KQkq - 2 13	0.628610
r2q2kr/pp5p/2p5/3pp1pB/4pnQ1/P3N3/P1PP1PPP/R1B1K2R b KQ - 6 15	0.638650
2rq2kr/pp5p/2p5/4pNpB/3ppnQ1/P7/P1PP1PPP/R1B2RK1 b - - 1 17	0.659160
2Q3kr/pp2q2p/2p5/4p1pB/4pn2/P2p4/P1PP1PPP/R1B2RK1 b - - 0 19	0.643128
7r/pp2q1kp/2p5/4p1pB/4Qn2/P7/P1pP1PPP/R1B2RK1 b - - 0 21	0.642707
4B2r/pp2q1kp/2p5/4p1p1/4Qn2/P7/PBpP1PPP/R4RK1 b - - 4 23	0.627919
6Br/pp2q1kp/2p5/4p1p1/4Qn2/P7/PBpP1PPP/R4RK1 b - - 8 25	0.635149
3r4/pp2q1kp/2p5/4pQp1/5n2/P7/PB1P1PPP/R4RK1 b - - 2 27	0.634928
3r4/pp2q1k1/2p4p/4pQp1/8/P1Bn4/P2P1PPP/3R1RK1 b - - 1 29	0.629984
3r4/pp2Q1k1/2p4p/3qp1p1/8/P1Bn4/P2P1PPP/3R1RK1 b - - 5 31	0.650893
3r2k1/p7/2p4p/3qp1p1/5n2/PQB5/P2P1PPP/3R1RK1 b - - 2 33	0.653840
3r2k1/p7/2p4p/3qp1p1/8/PQP5/P4PPP/3R1R1K b - - 0 35	0.707255
rn2kbnr/ppp1ppp1/8/3Q4/3q4/P7/1PP3PP/RNB1KBNR w KQkq - 0 8	0.717005
r3kb1r/ppp1ppp1/2n2n2/1B6/3Q4/P7/1PP3PP/RNB1K1NR w KQkq - 3 10	0.722269
3rkb1r/p1p1ppp1/2p2n2/8/3Q4/P4N2/1PP3PP/RNB1K2R w KQk - 0 12	0.722659
3rkb1r/Q1p2pp1/2p1p3/3n4/8/P4N2/1PP3PP/RNB2RK1 w k - 0 14	0.730836
3r1rk1/Q1p2pp1/2pbp3/3n4/8/P3BN2/1PPN2PP/R4RK1 w - - 4 16	0.727499
3rr1k1/Q1p2pp1/2pb4/3np3/4N3/P3BN2/1PP3PP/3R1RK1 w - - 0 18	0.729845
1r2r2k/2p2pp1/2pb4/3np1N1/4N3/P3B3/1PP3PP/3R1RK1 w - - 0 20	0.637999
1r2r2k/2p3p1/2pb4/3np1N1/4N3/P3B3/1PP3PP/3R1RK1 w - - 3 22	0.637999
1r2r3/5Npk/2pp4/3np3/8/P3B3/1PP3PP/3R1RK1 w - - 2 24	0.629069
4r3/5Npk/2pp4/4p3/8/P3R3/1rP3PP/3R2K1 w - - 0 26	0.631573
8/6pk/2pNr3/4p3/8/P1R5/r1P3PP/3R2K1 w - - 3 28	0.635370
6k1/6p1/2pN2r1/4p3/2P5/P6R/r5PP/3R2K1 w - - 1 30	0.604187
6k1/6p1/2pNr3/4p2R/2P5/r5P1/7P/3R2K1 w - - 2 32	0.609802
6k1/6p1/2pNr3/4p3/2P5/6P1/5r1P/3R2K1 w - - 0 34	0.609550
6k1/6p1/3N1r2/2p1p3/2P5/4K1P1/7P/3R4 w - - 0 36	0.614297
rnbqkb1r/pppp2pp/5n2/4pP2/2PP4/8/PP3PPP/RNBQKBNR b KQkq - 0 4	0.531396
r1bqk2r/pppp2pp/2nb1n2/4pP2/2PP4/2N2N2/PP3PPP/R1BQKB1R b KQkq - 4 6	0.525536
r1bq1rk1/pppp2pp/2nb1n2/3P1PN1/2P1p3/2N5/PP3PPP/R1BQKB1R b KQ - 1 8	0.532625
r1bq1r1k/ppp3pp/2pbNn2/5P2/2P1p3/2N5/PP3PPP/R1BQKB1R b KQ - 1 10	0.610558
r2q1r1k/ppp3pp/2p1Pn2/4b3/2P1p3/2N1B3/PP3PPP/R2QKB1R b KQ - 2 12	0.580191
r2q1r1k/1pp3pp/2p1Pn2/p7/2P1p3/2P1B3/P3BPPP/R2QK2R b KQ - 0 14	0.617973
r4r1k/1pp3pp/2pQPn2/8/p1P1p3/2P1B3/P3BPPP/R4RK1 b - - 0 16	0.649496
r3r2k/1p2P1pp/2pp1n2/2P5/p3p3/2P1B3/P3BPPP/R4RK1 b - - 0 18	0.580191
r6k/1p2r1pp/2p2n2/2Pp4/p3p3/P1P1B3/4BPPP/3R1RK1 b - - 0 20	0.577941
r6k/1p2r1pp/2p2n2/2Pp4/p2Rp3/P1P1B3/5PPP/3B1RK1 b - - 4 22	0.595788
3r2k1/1p2r1pp/2p2n2/2Pp4/B1PRp3/P3B3/5PPP/5RK1 b - - 0 24	0.598706
3r2k1/1p4pp/2p5/2Pnr3/3Rp3/PB2B3/5PPP/5RK1 b - - 1 26	0.607776
3r2k1/1p4pp/2p5/2Pnr3/2BRp3/P3B3/5PPP/3R2K1 b - - 5 28	0.612310
3r4/1p4pk/2p4p/2Pnr3/P1BRpB2/8/5PPP/3R2K1 b - - 2 30	0.636690
3R4/1p4pk/2p4p/2r5/P1BRpn2/8/5PPP/6K1 b - - 1 32	0.629984
rnbqkbnr/ppppp2p/8/5p2/8/P2B4/1PPP1PPP/RNBQK1NR b KQkq - 1 4	0.556804
rnbq1bnr/pppkp2p/8/3p1B1Q/8/P7/1PPP1PPP/RNB1K1NR b KQ - 0 6	0.582983
rnbq1b1r/ppp1p2p/2k2n2/3p1BQ1/8/P1N5/1PPP1PPP/R1B1K1NR b KQ - 4 8	0.496875
rn1q3r/ppp1p1bp/2k2n2/3p1Q2/8/P1N2N2/1PPP1PPP/R1B1K2R b KQ - 2 10	0.577377
r2qr3/pppnp1bp/2k2n2/3p1Q2/3P4/P1N2N2/1PP2PPP/R1B2RK1 b - - 0 12	0.569958
r3r3/pppnq1bp/2k1pn2/3p2Q1/3P1B2/P1N2N2/1PP2PPP/R4RK1 b - - 3 14	0.583539
3r3r/pppnq1Qp/2k1pn2/3p4/3P1B2/P1N2N2/1PP2PPP/4RRK1 b - - 0 16	0.673093
3rr3/p1pnq2p/2k1pn1Q/1p1p4/P2P1B2/2N2N2/1PP2PPP/4RRK1 b - - 0 18	0.670788
3rr3/1kpnq2p/p3pn1Q/Pp1p4/3P1B2/2N2N2/1PP2PPP/3R1RK1 b - - 2 20	0.658974
1k1rrQ2/2pnq2p/p3pn2/P2p4/1p1P1B2/2N2N2/1PP2PPP/3RR1K1 b - - 1 22	0.396848
1k1r1r2/2pnq2p/p3p3/P2p4/1p1PnB2/2P2N2/1P2NPPP/3RR1K1 b - - 0 24	0.385209
1k1r1r2/2p1q2p/p3pn2/P2p4/3PnB2/1pP2NNP/1P3PP1/3RR1K1 b - - 2 26	0.378178
1k1r4/2p1q2p/p3p3/P2p4/3P1rn1/1pP2N1P/1P1N1PP1/3RR1K1 b - - 1 28	0.411229
1k1r4/2p1q2p/p3p3/P2p4/3Pnr2/2P2N1P/1P1N1PP1/3RR1K1 b - - 2 30	0.412597
1k1r4/2p1q3/p3p2p/P2p4/3P1r2/2P2N1P/1P2RPP1/4R1K1 b - - 1 32	0.415076
rnbqkbnr/pp1p1ppp/8/2p1p3/4P2P/8/PPPP1PP1/RNBQKBNR w KQkq - 0 3	0.497500
r1bqkb1r/pp1p1ppp/2n2n2/2p1p3/4P2P/2N2N2/PPPP1PP1/R1BQKB1R w KQkq - 4 5	0.501250
r1bq1rk1/pp1p1ppp/2nb1n2/2p1p3/2B1P2P/2N2N2/PPPP1PP1/R1BQ1RK1 w - - 8 7	0.496875
r1bqr1k1/pp1p1ppp/3b1n2/2p1p3/2BnP2P/2NPBN2/PPP2PP1/R2Q1RK1 w - - 3 9	0.508746
r1bqr2k/pp1p1ppp/3b1n2/3Np3/2BpP2P/3PB3/PPP2PP1/R2Q1RK1 w - - 0 11	0.533853
r1bq2k1/pp1p1ppp/3brn2/3Np3/2BpP2P/3P1Q2/PPPB1PP1/R4RK1 w - - 4 13	0.572542
r1bqr1k1/1p1p1ppp/3b1n2/p2Np3/2BpP2P/3P2Q1/PPPB1PP1/4RRK1 w - - 0 15	0.535692
r1bqr1k1/1p1p1ppp/3b4/3np3/pBBpP2P/P2P2Q1/1PP2PP1/4RRK1 w - - 0 17	0.553533
r1b1r1k1/1p1p1ppp/3q4/3Bp3/p2pP2P/P2P2Q1/1PP2PP1/4RRK1 w - - 0 19	0.527390
r1b1r1k1/1p1p1ppp/5q2/3Bp2P/p3P3/P1pP2Q1/1P3PP1/4RRK1 w - - 0 21	0.516538
r1b1r1k1/1p3ppp/3p4/3Bp2P/p2PPq2/P1P3Q1/5PP1/4RRK1 w - - 1 23	0.514671
2b1r1k1/1p3ppp/3p4/r2B3P/p2PPp2/P1P5/5PP1/1R3RK1 w - - 2 25	0.521199
2br2k1/1p3p1p/1R1p3p/r2B4/p2PPp2/P1P5/5PP1/5RK1 w - - 0 27	0.526154
3r2k1/1B3p1p/1R1p3p/r2P4/p3Ppb1/P1P5/5PP1/5RK1 w - - 1 29	0.535080
3r2k1/5p1p/1RBp3p/2rP3b/p3Pp2/P1P2P2/6P1/5RK1 w - - 3 31	0.536916
rn2kbnr/1pp1p1pp/1p3p2/5b2/4pP2/1P6/P1P3PP/RNB1KBNR w KQkq - 0 7	0.418131
2kr1bnr/1pp1p1pp/1pn2p2/5b2/2B1pP2/1PN5/P1P3PP/R1B1K1NR w KQ - 4 9	0.415352
2kr1bnr/1pp3pp/1p3p2/4pb2/2BnpP2/1PN1B3/P1P3PP/3RK1NR w K - 2 11	0.417573
2kr1bnr/1pp3pp/1p3p2/3N1b2/2B1pP2/1P1p4/P1P3PP/3RK1NR w K - 0 13	0.408781
2kr3r/1pp1n1pp/1p3p2/2bN1b2/2B1pP2/1P1p3N/P1P3PP/2R1K2R w K - 4 15	0.397367
2kr3r/1pp1b1pp/1p3p2/8/2B1pP2/1P1P3b/P5PP/2R1K2R w K - 0 17	0.382270
1k1r3r/1pp1b1pp/1p2Bp2/8/5P2/1P1p3P/P6P/2R1K2R w K - 2 19	0.379613
1k1r3r/1pp3pp/1p2Bp2/8/1b3P2/1P5P/P2p1K1P/3R3R w - - 0 21	0.362436
1k2r3/1pp3pp/1p2Bp2/5P2/1b6/1P1r3P/P2p2KP/3R3R w - - 1 23	0.357083
1k1r4/1pp3pp/1p2Bp2/2b2P2/5R2/1P1r3P/P2p2KP/3R4 w - - 5 25	0.370473
1k1r4/1pp2Bpp/1p3p2/4bP2/4R3/1P1r3P/P2p2KP/3R4 w - - 9 27	0.385950
3r4/1pk2Bpp/1p3p2/2p1bP2/4R3/1P1r3P/P2p2KP/3R4 w - - 2 29	0.384225
3r4/1p3Bp1/1pk2p1p/2p1bP2/PP2R3/3r3P/3p2KP/3R4 w - - 1 31	0.361567
4B3/1p4p1/1p3p1p/2pkbP2/PP1r2R1/3r3P/3p2KP/3R4 w - - 5 33	0.379133
4B3/1p1R4/1p1b1p1p/2pk1P2/Pr6/3r3P/3p2KP/3R4 w - - 2 35	0.376517
rnbq1bnr/pppk1ppp/3p4/4p3/3P4/7P/PPPNPPP1/R1BQKBNR w KQ - 1 4	0.546635
rnbqkb1r/ppp2ppp/3p1n2/4p3/3PN3/5N1P/PPP1PPP1/R1BQKB1R w KQ - 5 6	0.531703
rnbqk2r/ppp2ppp/3p1b2/4p3/3PN3/5N1P/PPP1PPP1/R2QKB1R w KQ - 0 8	0.529857
rnbqk2r/ppp2ppp/8/4p3/4N3/7P/PPP1PPP1/R2QKB1R w KQ - 0 10	0.534773
r1bk3r/ppp2ppp/2n5/4p3/4N3/7P/PPP1PPP1/2R1KB1R w K - 2 12	0.512178
r2k3r/ppp2ppp/8/4pb2/3nN3/4P2P/PPP2PP1/3RKB1R w K - 1 14	0.543915
r1k4r/ppp2ppp/8/4P3/4b3/7P/PPP2PP1/3RKB1R w K - 1 16	0.512490
r1k1r3/ppp2ppp/8/4Pb2/8/5P1P/PPPR2P1/4KB1R w K - 1 18	0.505624
rk2r3/ppp3pp/5p2/4Pb2/2B2P2/7P/PPPR2P1/4K2R w K - 0 20	0.528315
rk3r2/ppp2Bpp/5p2/4P3/4bPP1/7P/PPPR4/4K2R w K - 3 22	0.482529
rk2r3/ppp3pp/5p2/4P3/5PP1/7P/PPPR4/4K2B w - - 1 24	0.477251
rk1r4/ppp3pp/8/4p3/5PP1/7P/PPP1R1B1/4K3 w - - 2 26	0.481907
rk6/1pp3pp/4P3/p7/3r2P1/7P/PPP1R1B1/4K3 w - - 0 28	0.606756
4r3/kpp3pp/8/p7/3r2P1/7P/PPP1R1B1/4K3 w - - 0 30	0.601591
4R3/1pp3pp/1k6/p7/1r2B1P1/7P/PPP5/4K3 w - - 3 32	0.613057
rn2k1nr/1pp2ppp/p7/8/5qb1/1P5P/P1P1PPP1/RN2KBNR b KQkq - 0 8	0.000276
rnb1k2r/ppq2ppp/4pn2/3p4/1b6/2NPP3/P1P2PPP/R2QKBNR b KQkq - 0 6	0.037234
rnb1k2r/ppq2ppp/4pn2/3p4/8/3PP3/P1P1KPPP/Q4BNR b kq - 0 8	0.032232
rnb2rk1/pp3ppp/4pn2/3p4/8/3PPN2/P1q2PPP/Q3KB1R b - - 3 10	0.034650
r4rk1/pp1b1ppp/2n1pn2/3p4/8/3PPN2/P1q1BPPP/Q3KR2 b - - 7 12	0.034169
3rr1k1/pp1b1ppp/2n1pn2/3p4/P2P4/4PN2/2q1BPPP/Q3KR2 b - - 0 14	0.033616
3rr1k1/pp1b1ppp/4p3/P2pN3/1n1Pn3/4P3/2q1BPPP/Q3KR2 b - - 2 16	0.000276
rn2kbnr/ppp1pppp/7B/3p4/P2P2b1/3Q4/1PP1P1PP/RN2KBNR b KQkq - 2 6	0.632699
r3kb1r/ppp1pppp/2n4n/3p4/P2P2b1/2NQ1N2/1PP1P1PP/R3KB1R b KQkq - 3 8	0.632923
2kr1b1r/ppp1pppp/2n5/3p1n2/P2P2b1/2NQ1N2/1PP1P1PP/1K1R1B1R b - - 7 10	0.623720
2kr1b1r/ppp2Npp/4p3/3p1n2/P2n2b1/2NQ4/1PP1P1PP/1K1R1B1R b - - 0 12	0.639513
3k1br1/ppp3pp/4p3/P2p1n2/3n2b1/2NQ4/1PP1P1PP/1K1R1B1R b - - 0 14	0.654614
3k2r1/ppp3pp/3bp3/PN1p1n1b/3n4/3Q3P/1PP1P1P1/1K1R1B1R b - - 2 16	0.656908
3k2r1/ppp3pp/4p3/PN1pbn1b/2Q5/5n1P/1PP1P1P1/1K1R1B1R b - - 6 18	0.637128
2k4r/Npp3pp/4p3/P1Qpbn1b/8/5n1P/1PP1P1P1/1K1R1B1R b - - 0 20	0.708982
1k1r4/1pp3pp/4p3/PNQpbn1b/8/5P1P/1PP3P1/1K1R1B1R b - - 2 22	0.712158
1k1r4/1pp2bpp/4p3/PNQpb3/2B5/5PnP/1PP3P1/1K1RR3 b - - 6 24	0.717465
1k1r4/Qpp2bpp/8/PN1pp3/2B2b2/5PnP/1PP3P1/1K1RR3 b - - 1 26	0.727229
3r4/1Qpk1bpp/8/PN1pp3/2B2b2/5PnP/1PP3P1/1K1RR3 b - - 0 28	0.734162
7r/2Q2bpp/4k3/PN1Bp3/5b2/5PnP/1PP3P1/1K1RR3 b - - 0 30	0.749111
7r/6Qp/8/PN1Bp1k1/5b2/5PnP/1PP3P1/1K1RR3 b - - 0 32	0.749141
7Q/7p/P5k1/1N1Bp3/5b2/5PnP/1PP3P1/1K1RR3 b - - 0 34	0.749423
rnb1kb1r/ppp5/6p1/3n1p1p/8/8/PPP2PPP/R1B1KBNR w KQkq - 0 9	0.402882
rnb1k2r/ppp5/6p1/3n1p1p/8/5N2/PPPb1PPP/R3KB1R w KQkq - 0 11	0.396071
r1b4r/ppp2k2/2n3p1/3n1p1p/8/5N2/PPPK1PPP/4RB1R w - - 3 13	0.404212
r6r/ppp3k1/2n1b1p1/3n1pNp/8/8/PPP2PPP/2K1RB1R w - - 7 15	0.522439
r6r/ppp4k/2n1N1p1/5p1p/1nP5/8/PP3PPP/2K1RB1R w - - 1 17	0.522749
r1r5/ppp4k/n1n1N1p1/2P2p1p/8/P7/1P3PPP/2K1RB1R w - - 1 19	0.537527
1rr5/ppp4k/n1n1N1p1/2P2p2/2B4p/P7/1P3PPP/1K2R2R w - - 2 21	0.544823
1rr5/p1p1n2k/n3N1p1/1pPB1p2/7p/P7/1P3PPP/1K2RR2 w - - 2 23	0.603929
1rr5/p1p1nN1k/n5p1/1pPB1p2/7p/P7/1P3PPP/1K2RR2 w - - 6 25	0.603929
1rr5/p1p1R3/3N2pk/1pnB1p2/7p/P7/1P3PPP/1K3R2 w - - 2 27	0.636471
2r5/p1p1R3/6pk/1p1B1p2/4n2p/P7/1P3PPP/1KR5 w - - 2 29	0.649696
8/2R5/6pk/pp1B1p2/4n2p/P7/1P3PPP/1K6 w - - 0 31	0.651092
8/2R5/4Bnpk/1p3p2/p6p/P4P2/1P4PP/1K6 w - - 0 33	0.653451
8/1R6/4Bnp1/1p3p2/p4k1p/P4P1P/1P4P1/1K6 w - - 1 35	0.654227
8/3n1B2/8/1R3pp1/p4k1p/P4P1P/1P4P1/1K6 w - - 1 37	0.659901
r2qkb1r/pp1n1p1p/6pn/4p3/8/8/PPPNPPPP/R1B1KBNR w KQkq - 0 7	0.352731
r2qkb1r/pp3p1p/5np1/4pn2/4N3/5N2/PPP1PPPP/R1B1KB1R w KQkq - 4 9	0.361134
r3k2r/pp3p1p/5qp1/4pnB1/1b6/5N2/PPP1PPPP/R3KB1R w KQkq - 2 11	0.399716
r3k2r/pp3p1p/6p1/4pnB1/1q6/5N2/PP2PPPP/R3KB1R w KQkq - 0 13	0.399716
r4rk1/pp3p1p/6p1/4pn2/8/5N2/Pq1BPPPP/2R1KB1R w K - 2 15	0.391970
r4rk1/ppR2p1p/6p1/4pn2/4q3/5N2/P3PPPP/2B1KB1R w K - 6 17	0.387939
4rrk1/ppR2p1p/5Bp1/4pn2/8/5N2/P3PPPP/1q2KB1R w K - 10 19	0.377227
4rrk1/1pR2p1p/5Bp1/p3pn2/4q3/5N2/P3PPPP/4KB1R w - - 0 21	0.389191
4rrk1/1pR2p1p/5Bp1/p3pn2/8/4PN2/q3KPPP/5B1R w - - 0 23	0.367301
4rrk1/1pR2p1p/5Bp1/p3pn2/4q3/4PN2/4KPPP/5B1R w - - 4 25	0.367301
3r1rk1/1pR2p1p/5Bp1/4pn2/p1B1q3/4PN2/5PPP/4K2R w - - 2 27	0.415352
3B1rk1/1pR2p1p/6p1/4pn2/p1B5/4PN2/4KPPP/7q w - - 0 29	0.377227
5rk1/1pR2p1p/6p1/4Bn2/p1B3q1/4PN2/4KP1P/8 w - - 1 31	0.379613
5rk1/2R2p1p/6p1/1p1BBn2/6q1/p3PN2/5P1P/4K3 w - - 0 33	0.364409
5rk1/2R2p1p/6p1/3BBn2/1p4q1/4PN2/p4P1P/4K3 w - - 0 35	0.338449
rnb1kbnr/1p4pp/p2q4/2p2p2/4P3/3P2P1/PPP4P/RNBQKBNR w KQkq - 0 7	0.537832
r1b1kb1r/1p4pp/p1nq1n2/2p2p2/4P3/2NP1NP1/PPP4P/R1BQKB1R w KQkq - 4 9	0.540575
2kr1b1r/1p4pp/p1nqbn2/2p2p2/4P3/2NPBNP1/PPP3BP/R2QK2R w KQ - 8 11	0.531396
1k1r1br1/1p4pp/p1nqbn2/2p2pN1/4P3/2NPB1P1/PPP3BP/R2Q1RK1 w - - 12 13	0.581590
1k1r1b1r/1p4pp/p1n1qn2/2p2R2/4P3/2NPB1P1/PPP3BP/R2Q2K1 w - - 1 15	0.585477
3r1b1r/kp4pp/p1n2n2/5q2/4P3/2NP2P1/PPP3BP/R2Q2K1 w - - 0 17	0.588224
3rr3/kp4pp/p1n2n2/2b2P2/8/2NP2P1/PPP3BP/R2Q3K w - - 3 19	0.579911
3rr3/kp4pp/p4n2/4nP2/3b1Q2/2NP2P1/PPP3BP/R6K w - - 7 21	0.590405
1k1rr3/1p4p1/p4n1p/4nP2/3b1Q2/2NP1BP1/PPP4P/4R2K w - - 0 23	0.591760
1k1r4/1p2r1p1/5n1p/p3nP2/P2b1Q2/2NP1BP1/1PP3KP/4R3 w - - 2 25	0.596321
1k1rr3/1p4p1/5n1p/p2NnP2/P4Q2/3P1BPP/1bP3K1/4R3 w - - 0 27	0.608791
1k1rr3/1p6/5p1Q/p4P2/P7/3P1nPP/1bP3K1/4R3 w - - 0 29	0.608791
1k6/1p6/5p1Q/p4P2/P7/3P1KPP/1bP5/4r3 w - - 1 31	0.610306
8/k7/1p3p2/p1Q2P2/P7/3P1KPP/1bP5/4r3 w - - 0 33	0.609044
2Q5/k7/1p3p2/p4P2/P7/3P1KPP/1bP5/4r3 w - - 4 35	0.612310
rn1qkbnr/ppp1pppp/3p4/8/3P4/1P5b/P1P1PPPP/RNBQKB1R b KQkq - 0 3	0.417573
rn1qkb1r/ppp1pppp/3p1n2/5bB1/3P4/1PN5/P1P1PPPP/R2QKB1R b KQkq - 4 5	0.397627
r2qkb1r/ppp2ppp/2np1n2/4pbB1/3P4/1PN1P3/P1P2PPP/2RQKB1R b Kkq - 0 7	0.393756
r2q1rk1/ppp1bppp/2np1n2/4pbB1/2BP4/1PN1P3/P1P2PPP/2RQ1RK1 b - - 4 9	0.396071
2rq1rk1/ppp1bppp/2np4/4pbB1/2BPN3/1P2P3/P1P2PPP/2RQR1K1 b - - 0 11	0.391970
2rq1rk1/ppp1Bppp/2np4/4p3/3P4/1P1bP3/P1P2PPP/2RQR1K1 b - - 0 13	0.397887
2r2rk1/ppB2ppp/2np4/4p3/3P4/1P2P3/P4PPP/2RbR1K1 b - - 0 15	0.397887
2r2Bk1/pp3ppp/2n5/4p3/3P4/4P3/b4PPP/2R1R1K1 b - - 0 17	0.416739
5rk1/pp3ppp/2n5/3bp3/3PP3/8/5PPP/R3R1K1 b - - 0 19	0.428031
5rk1/Rp3ppp/8/3Pp3/2bnP3/8/5PPP/4R1K1 b - - 0 21	0.452461
5rk1/1R4pp/8/3Ppp2/2b1P3/8/4nPPP/4R2K b - - 0 23	0.464920
5rk1/2R3pp/3P4/4p3/4p3/3b4/4nPPP/4R2K b - - 0 25	0.461557
2R2rk1/3P2pp/8/4p3/4p3/3b4/4n1PP/4R2K b - - 2 27	0.621584
5R2/3P1kpp/8/4p3/4p3/3b4/4n1PP/4R2K b - - 2 29	0.643338
8/5kpp/3Q4/4p3/4p3/3b4/4n1PP/4R2K b - - 2 31	0.659160
r1bqkbnr/p6p/1B2p1p1/8/3n4/3B4/PPP2PPP/RN1QK1NR b KQkq - 0 8	0.455480
r1bqk1nr/6bp/1p2p1p1/8/3n4/3B1N2/PPP2PPP/RN1Q1RK1 b kq - 3 10	0.460033
r2qk1nr/1b5p/1p2p1p1/8/3b4/2NB4/PPP2PPP/R2Q1RK1 b kq - 1 12	0.468604
r3k2r/1b5p/1p1qpnB1/8/3b4/2N5/PPP2PPP/R2QR1K1 b kq - 0 14	0.384717
r3k2r/1b6/1p2qnp1/8/3Q4/2N5/PPP2PPP/R5K1 b kq - 0 16	0.375574
r4rk1/1b1Q4/1p2q1p1/8/4n3/2N5/PPP2PPP/3R2K1 b - - 4 18	0.374636
r1b2rk1/2R5/1p4p1/8/4n3/2N5/PPP2PPP/6K1 b - - 2 20	0.353550
2b2rk1/8/1p4p1/8/7P/2R5/rPP2PP1/6K1 b - - 0 22	0.337183
5rk1/8/1pR1b1p1/8/7P/8/1PP2PPK/r7 b - - 4 24	0.340840
5rk1/2R5/4b1p1/1p6/7P/6K1/1PP2PP1/4r3 b - - 1 26	0.341399
8/5k2/4b1p1/1p6/5K1P/8/1PP2PP1/4r3 b - - 1 28	0.322616
8/5k2/4b1p1/1p4K1/6PP/8/1PP2r2/8 b - - 0 30	0.307153
8/5k2/4b3/1p4KP/8/8/1Pr5/8 b - - 0 32	0.297032
8/5k2/4b3/1p5P/8/6K1/1P3r2/8 b - - 4 34	0.305652
8/5k2/4b3/1p5P/8/6K1/5r2/8 b - - 3 36	0.298654
1rbqkb1r/p1pp1ppp/p3p3/8/3PPB2/8/PPP3PP/RN1Q1KNR w k - 1 8	0.559169
1rbq1rk1/p1pp1ppp/p2bp3/8/3PPB2/1P6/P1P1N1PP/RN1Q1K1R w - - 3 10	0.562403
1r3rk1/pbpp1ppp/p2bp3/8/3PPB1q/1PN5/P1P1N1PP/R2Q2KR w - - 7 12	0.566487
3r1rk1/p1pp1ppp/p1bbp3/8/3PPB1q/1PN5/P1PQN1PP/3R2KR w - - 11 14	0.598969
3r1r1k/p1p2ppp/p1pbp3/8/4PB1q/1PN5/P1PQN1PP/3R2KR w - - 0 16	0.637999
3r1rk1/p1p2ppp/p1p1p3/4b3/3NP2q/1PN1B3/P1PQ2PP/3R2KR w - - 4 18	0.642707
3rr1k1/p1p2ppp/p1p1p3/4b3/3NP1q1/1PN1B1P1/P1P2Q1P/3R2KR w - - 1 20	0.641438
4r1k1/p1p2ppp/p1N1p3/4b3/4P3/PPN1B1Pq/2P2Q1P/3r2KR w - - 0 22	0.642707
4r1k1/p1p2ppp/p1N2b2/4p3/3BP3/PP4Pq/2P2Q1P/3N2KR w - - 0 24	0.644383
4r1k1/2p2pp1/p1N2b2/2B1p2p/4P3/PP4Pq/2P2Q1P/3N2KR w - - 0 26	0.668597
4r1k1/2p2pp1/p1N2b2/2B1pq2/4P2p/PP2N1P1/2P4P/6KR w - - 0 28	0.671618
4r1k1/2p2pp1/p1N5/2B1pNb1/4P3/PP4Pp/2P2K1P/7R w - - 2 30	0.680583
6k1/2p1bpp1/p3r3/2B1pN2/4P3/PP4Pp/2P2K1P/3R4 w - - 0 32	0.681178
8/5ppk/p1p1r3/2BNp3/4P3/PP4Pp/2P2K1P/3R4 w - - 0 34	0.678464
4r3/5p1k/p1p3p1/2B1pN2/4P3/PP4Pp/2P2K1P/3R4 w - - 0 36	0.691441
rnbqkbnr/pp3ppp/4p3/2Pp4/5P2/3Q4/PPP1P1PP/RNB1KBNR b KQkq - 0 4	0.471685
rnbqk2r/pp3ppp/4pn2/2bp4/5P2/3QBN2/PPP1P1PP/RN2KB1R b KQkq - 3 6	0.474464
r1bq1rk1/pp1n1ppp/4pn2/2bp4/5P2/2NQBN2/PPP1P1PP/2KR1B1R b - - 7 8	0.477251
r1bq1rk1/1p1n1ppp/4pn2/2bp4/p2B1P2/2NQ1N2/PPP1P1PP/1K1R1B1R b - - 1 10	0.480353
r1bq1rk1/1p3ppp/4pn2/2bp4/5P2/pPNQ1N2/P1P1P1PP/1K1R1B1R b - - 0 12	0.463696
r2q1rk1/1p1b1ppp/4pn2/3p4/5P2/pPNQPN2/P1P1BbPP/1K1R3R b - - 2 14	0.465227
2rq1rk1/1p3ppp/2b1pn2/3pN3/5P2/pPNQP3/P1P1BbPP/1K1R1R2 b - - 6 16	0.500625
2rq1rk1/1p3ppp/2b1pn2/3pN3/5P2/pPNQPB2/P1P2RPP/1K1R4 b - - 2 18	0.604960
2r1r1k1/1p2qppp/2b1pn2/3pN3/5P2/pPNQPBPP/P1P2R2/1K1R4 b - - 0 20	0.599759
3rr1k1/1pq2ppp/2b1pn2/3pN3/1P3P2/p1NQPBPP/P1P2R2/1K2R3 b - - 0 22	0.595522
3rr1k1/1pq2ppp/2b1p3/4N3/1P2pP2/Q3PBPP/P1P2R2/1K2R3 b - - 0 24	0.535692
3rr1k1/1pq2ppp/4p3/1P6/4bP2/Q3PNPP/P1P2R2/1K2R3 b - - 0 26	0.538137
3r2k1/2q1rppp/1pN1p3/1P6/4bP2/Q3P1PP/P1P2R2/1K2R3 b - - 3 28	0.565615
Q5k1/2q1rppp/1pPrp3/8/5P2/4P1PP/P1P2R2/1K2R3 b - - 2 30	0.565906
6k1/2q1rppp/1pPrp3/8/4QP2/4P1PP/P1P2R2/1K2R3 b - - 6 32	0.524608
rnbk1bnr/pppp1ppp/8/3P4/8/3B1P2/PPP3P1/RN1QK1R1 b Q - 0 8	0.827377
rnbk3r/pppp1ppp/5n2/3P1B2/1b6/2N2P2/PPP3P1/R2QK1R1 b Q - 4 10	0.804130
rnbkr3/pppp1ppp/5n2/2bP1B2/8/2N2P2/PPP3P1/R2Q1K1R b - - 8 12	0.804725
r1bkr3/pppp1ppp/5n2/2bP1B2/1n5R/2N2P2/PPP3P1/2RQ1K2 b - - 12 14	0.796937
r1bkr3/1ppp1ppp/5n2/2bP1B2/pn5R/2N2P2/PPPQ2P1/4RK2 b - - 1 16	0.795729
r1bkr1B1/1ppp1pp1/5n2/2bP4/1n5R/2N2P2/PpPQ2P1/4RK2 b - - 1 18	0.627939
r1bk3r/1ppp1pp1/5n2/2bP2Q1/1n6/2N2P2/PpP3P1/4RK2 b - - 1 20	0.529207
r1b1k3/1ppp1pp1/5n2/2bP2Q1/1n6/2N2P2/PpP1K1P1/7R b - - 0 22	0.628655
2b1k1R1/1ppp1pp1/8/2bP2Q1/1n6/r1N2P2/PpP1K1P1/8 b - - 0 24	0.999724
rQ1qkb1r/ppp1pp1p/7p/8/4pP2/8/PPPP4/RNB1KBN1 w Qkq - 0 9	0.822828
r2qkbr1/pQ2pp1p/2p4p/1B6/4pP2/8/PPPP4/RNB1K1N1 w Qq - 0 11	0.999724
rn1qkbnr/ppp1p1pp/8/3p1p2/3P4/8/PPQ1P1PP/RNB1KBNR w KQkq - 0 5	0.571683
r2qkb1r/ppp1p1pp/2n2n2/3p1Q2/3P4/5N2/PP2P1PP/RNB1KB1R w KQkq - 3 7	0.581869
2rqkb1r/ppp1p1p1/2n2n1p/3p1Q2/3P1B2/2N2N2/PP2P1PP/R3KB1R w KQk - 0 9	0.626762
2rq1b1r/pppk2p1/2n1pnQp/3p4/3P1B2/2N2N2/PP2P1PP/2KR1B1R w - - 0 11	0.622773
2rq1b1r/2pk2p1/p1n1pnQp/1p1p4/3P1B2/2N1PN2/PP4PP/1K1R1B1R w - - 0 13	0.636909
2rq2r1/2pk2p1/p1nbpnQp/1p1p4/3P1B2/2NBPN2/PP4PP/1K1RR3 w - - 4 15	0.638866
2rq1r2/2pk2p1/p1nbpnBp/1p1p4/3P1B2/2N1PN2/PP4PP/1K1RR3 w - - 2 17	0.358350
2rq1r2/2pk2p1/p1nbp1Bp/3p4/1p1PnB2/4PN1P/PP2N1P1/1K1RR3 w - - 2 19	0.349107
2rq1r2/2pk2p1/p2bp2p/4n3/1p1PpB2/4P2P/PP2N1P1/1K1RR3 w - - 0 21	0.378178
2r5/2pk2p1/p2bp2p/4P1q1/1p2pN2/4P2P/PP4P1/1K1RR3 w - - 1 23	0.420089
2r5/4k1p1/p2pp2p/6q1/1p2pN2/4P2P/PP2R1P1/1K1R4 w - - 2 25	0.439947
8/4k1p1/3pp2p/p5q1/1p2pN2/4P2P/PPr3P1/1K1R4 w - - 0 27	0.412597
8/4k1p1/3pp2p/2q5/pp2pN2/1P2P2P/P1K3P1/3R4 w - - 1 29	0.391716
8/4k1p1/3pp2p/8/1p2pN2/1pq1P2P/P3K1P1/3R4 w - - 0 31	0.388439
8/4k1p1/3pp2p/8/1p2pN2/1q2P2P/3RK1P1/8 w - - 0 33	0.388189
rn1q1b1r/pp2nk1p/6p1/2ppp3/P3P3/2N4P/1PPP1P1P/R1BQK2R w KQ - 0 9	0.201558
r2q1b1r/pp2n2p/2n1k1p1/2ppp3/P3P3/2N2Q1P/1PPP1P1P/R1B2RK1 w - - 4 11	0.210643
r2q1r2/pp2n1bp/2n1k1p1/2ppp3/P3P3/2NPBQ1P/1PP2P1P/R4RK1 w - - 3 13	0.209120
r2q3r/pp2n1bp/4k1p1/2ppp3/P2nP3/2NPBQ1P/1PP2P1P/R4RK1 w - - 7 15	0.182353
r2q1r2/pp2n1bp/4k1p1/1N1pp3/P2pP3/3P1Q1P/1PP2P1P/R4RK1 w - - 2 17	0.177458
r2q1rk1/pp2n1bp/6p1/1N1pp3/P2pP1Q1/3P3P/1PP2P1P/3R1RK1 w - - 6 19	0.184385
r2q1r1k/pp2n1bp/3NQ1p1/4p3/P2pp3/3P3P/1PP2P1P/3R1RK1 w - - 0 21	0.192604
r2q3k/pp2nQbp/6p1/4p3/P2p4/3Pp2P/1PP2P1P/3R1RK1 w - - 0 23	0.173189
r2q3k/pp2nQbp/6p1/P3p3/3p4/3P3P/1PP2P1P/3qR1K1 w - - 0 25	0.092714
5r1k/pp2nQbp/3q2p1/P3p3/3p4/2PP3P/1P3P1P/3R2K1 w - - 1 27	0.077233
5r1k/pp2n1bp/6p1/P3p3/2Qp4/2PP1q1P/1P3P1P/3R2K1 w - - 5 29	0.063375
5r1k/pp2n1bp/6p1/P3p3/2Qp2q1/2PP4/1P3P1P/4R1K1 w - - 2 31	0.057406
5rk1/pp2n1bp/6p1/P3p3/3p4/2PP1q2/1P3P1P/4RK2 w - - 0 33	0.001280
rnb1kbnr/p1p2ppp/8/1p1P4/3K4/8/PPP2PPP/RNB2BNR b kq - 0 7	0.537221
rn2kbnr/p2b1ppp/8/1ppP4/8/2K2N2/PPP2PPP/RNB2B1R b kq - 1 9	0.507810
rn2kb1r/p2b1ppp/8/1ppn4/8/3B1N2/PPPK1PPP/RNB4R b kq - 1 11	0.482218
rn2k2r/p2b1ppp/8/1ppn4/5b2/2NB1N2/PPP2PPP/R1B1K2R b kq - 5 13	0.515916
rn2k2r/p2b1ppp/8/1pp5/8/2PB1N2/P1P2PPP/2R1K2R b kq - 0 15	0.503437
rn2r1k1/p2b1ppp/8/1pp1N3/5P2/2PB4/P1P3PP/2R1K2R b - - 0 17	0.475083
3rr1k1/p2b1ppp/2B5/1pp1N3/5P2/2P5/P1P3PP/2R1K2R b - - 0 19	0.460338
3rr1k1/p5pp/2b2p2/1pp1N3/5P2/2P5/P1P3PP/3RK1R1 b - - 1 21	0.372081
4r1k1/p5pp/2b5/1pp1P3/8/2P5/P1P3PP/3K2R1 b - - 0 23	0.374402
6k1/p5pp/2b5/1p2r3/2p4P/2P5/P1PK2P1/6R1 b - - 0 25	0.367751
4r1k1/p5pp/8/1p1b2P1/2p4P/2P5/P1PK4/6R1 b - - 0 27	0.372543
4r1k1/7p/p5p1/1p1b2P1/2p4P/2P5/P1PK4/4R3 b - - 1 29	0.374402
8/5k1p/p5p1/1p1b2P1/2p4P/2P5/P1P1K3/8 b - - 2 31	0.377939
8/5k1p/6p1/1p1b2P1/p1pK3P/2P5/P1P5/8 b - - 1 33	0.372774
8/3b1k1p/3K2p1/1p4P1/p1p4P/2P5/P1P5/8 b - - 5 35	0.378655
rnb1k1nr/pp2p2p/2p3pb/8/2PqpP2/2P3P1/P6P/RNBQK1NR w KQkq - 0 9	0.611310
rnb2rk1/pp2p2p/2p2npb/8/2PPpP2/2N3P1/P6P/R1BQK1NR w KQ - 3 11	0.610809
rn3rk1/pp2p2p/2p1bnp1/5P2/2PPp3/2N1b1P1/P6P/R2QK1NR w KQ - 0 13	0.613057
r4rk1/pp2p2p/2p1Pnp1/8/1nPPp3/2N1b1P1/P3N2P/R2QK2R w KQ - 3 15	0.614791
3r1rk1/pp2p2p/2p1Pnp1/8/2PPpN2/1QNnb1P1/P6P/R3K2R w KQ - 7 17	0.587128
3r1rk1/pp2p2p/2p1Pnp1/3P4/2P5/1QN1b1P1/P2p3P/R3K2R w KQ - 0 19	0.584094
3r1rk1/pp2p2p/2p1Pnp1/3P4/2P5/1QN1K1P1/P2p3P/R6R w - - 1 21	0.702540
3r1rk1/p3p2p/1p2Pnp1/3P4/8/1QN3P1/P2K3P/R6R w - - 0 23	0.704954
3r2k1/p3p2p/1p2P1p1/3P4/1Q4n1/2N3P1/P2K1r1P/R3R3 w - - 4 25	0.708888
2r3k1/p3p2p/1p2P1p1/3P4/1Q4n1/2N2rPP/P7/R1K1R3 w - - 1 27	0.703287
6k1/p3p2p/1p2P1p1/2rP4/1Q4P1/5rP1/P7/RK2R3 w - - 2 29	0.704127
6k1/4p2p/1Q2P1p1/p2r4/6P1/5rP1/P7/RKR5 w - - 0 31	0.709729
6k1/4Q2p/4P1p1/p7/6P1/2r2rP1/P7/RKR5 w - - 1 33	0.726679
3Q1rk1/4P2p/6p1/p7/6P1/6P1/P7/RKr5 w - - 0 35	0.737966
3Q4/6kp/6p1/p7/6P1/6P1/P7/R1K5 w - - 1 37	0.738370
rnbqk1nr/3p1p2/p3p2p/1pB5/8/8/PPPPP1PP/RNBQKBNR b KQkq - 0 6	0.433662
rnb1k1nr/3p1p2/p3p2p/1pB5/4q3/5NP1/PPPPP2P/RNBQKB1R b KQkq - 2 8	0.441182
rnb1k2r/3p1p2/p3pn1p/1pB2q2/3P4/2N2NP1/PPP1P2P/R1BQKB1R b KQkq - 0 10	0.447011
r3k2r/1b1p1p2/p1n1pn1p/1pB2q2/3P4/2N2NP1/PPP1P1BP/R1BQ1RK1 b kq - 4 12	0.449333
3rk2r/1b3p2/p1nBpn1p/1p1p1q2/3P1B2/2N2NP1/PPP1P1BP/R2Q1RK1 b k - 1 14	0.443477
3rk2r/1b3p2/p1n1pn1p/3p1q2/3P1B2/B1p2NP1/PPP1P1BP/R2Q1RK1 b k - 1 16	0.376297
3rk2r/1b3p2/p1n1p2p/3p1q2/3P1B2/B1nQ1NP1/P1P1P1BP/R4RK1 b k - 1 18	0.380893
3rk2r/1b3p2/p1n1p1qp/2Bp4/3PnB2/3Q1NP1/P1P1P1BP/3R1RK1 b k - 5 20	0.388650
3rk2r/1b3p2/4p1qp/p1BpB3/3Pn3/3Q2P1/P1P1P1BP/3R1RK1 b k - 0 22	0.410085
4k1r1/1b1r1p2/4p1qp/pQBpB3/3PB3/6P1/P1P1P2P/3R1RK1 b - - 0 24	0.416532
4k1r1/1b1r1p2/4p1qp/Q1B1B3/2PP4/4p1P1/P3P2P/3R1RK1 b - - 0 26	0.388217
4k1r1/3r1p2/6qp/Q1BPB3/4b3/4p1P1/P3P2P/3R1RK1 b - - 0 28	0.405575
4k2B/3r1p2/7p/Q1BP3q/4b3/4p1P1/P3P3/3R1RK1 b - - 0 30	0.000276
rnb4r/pppkq1pp/5n2/2b2P2/7P/8/PPP1P1P1/RNB1KBNR b KQ - 0 7	0.044537
r1b1k2r/ppp1q1pp/2n2n2/2b2P2/1P5P/5N2/P1P1P1P1/RNB1KB1R b KQ - 0 9	0.045977
r1b1k1r1/ppp1q1pp/5n2/2b2P2/1P5P/5N2/P3P1P1/RNB1KB1R b KQ - 0 11	0.066194
r1b1k1r1/ppp1q1pp/5n2/5P2/7P/5N2/P2NP1P1/R3KB1R b KQ - 0 13	0.070470
r3k1r1/ppp1q1pp/5n2/8/3N3P/3b4/P2NP1P1/2KR1B1R b - - 3 15	0.000276
rnbqkbnr/1pp1pppp/p7/3p4/3P4/4P3/PPP2PPP/RNBQKBNR w KQkq - 0 3	0.500000
r1bqkb1r/1pp1pppp/p1n2n2/3p4/3P4/2N1PN2/PPP2PPP/R1BQKB1R w KQkq - 4 5	0.502500
2rqkb1r/1pp1pppp/p1n1bn2/3p4/3P4/2NBPN2/PPP2PPP/R1BQ1RK1 w k - 8 7	0.523988
2rqkb1r/1pp1pppp/p1n1b3/8/3Pn3/2N2N2/PPP2PPP/R1BQ1RK1 w k - 0 9	0.520578
2rqkb1r/1pp1ppp1/p1n4p/8/2bPNB2/5N2/PPP2PPP/R2Q1RK1 w k - 2 11	0.529549
2rqk2r/1pp2pp1/p1nbp2p/8/2bPNB2/2P2N2/PP3PPP/R2QR1K1 w k - 1 13	0.519336
2rq1rk1/2p2pp1/p1pbp2p/8/2bPNB2/2P5/PP3PPP/R2QR1K1 w - - 0 15	0.523679
2r2rk1/2p1qpp1/p1p1p2p/8/2bPNQ2/2P5/PP3PPP/R3R1K1 w - - 1 17	0.522439
2r2rk1/2p1qpp1/p1p1p2p/4Q3/2bPN3/2P5/1P3PPP/3RR1K1 w - - 2 19	0.500625
3r1rk1/2p2pp1/p1p1p2p/2N1Q1q1/2bPR3/2P5/1P3PPP/3R2K1 w - - 6 21	0.493127
3r1rk1/2p3p1/p1p1pp1p/2N1R3/2bP4/1PP5/5PPP/3R2K1 w - - 0 23	0.516538
3r1rk1/2p3p1/p1p1Np1p/8/3P4/1bP1R3/5PPP/3R2K1 w - - 0 25	0.516538
5rk1/2p3p1/p1N2p1p/8/3P2b1/2P1R3/5PPP/6K1 w - - 1 27	0.511866
1r4k1/N1p1R1p1/p4p1p/8/3P2b1/2P5/5PPP/6K1 w - - 5 29	0.477561
6k1/N1p1R1p1/p4p1p/5b2/3P4/2P3P1/5PKP/1r6 w - - 3 31	0.506873
rnb2b1r/pp3kpp/2p1p3/3n4/4K3/8/PPP1BPPP/RNB3NR w - - 0 9	0.490005
r1b4r/pp1n1kpp/2pbp3/3n4/4K3/4BN2/PPP1BPPP/RN5R w - - 4 11	0.501250
r1b1r3/pp3kpp/2pbpn2/3n4/4K3/4BN2/PPPNBPPP/R3R3 w - - 8 13	0.481285
r3r3/pp1b1kpp/2pbpn2/8/1n2N3/3KBN2/PPP1BPPP/R3R3 w - - 12 15	0.397367
r3r1k1/pp1b2pp/2pbp3/8/1n2n3/4BN2/PPP1BPPP/R1K1R3 w - - 2 17	0.397627
r3r1k1/pp1b2pp/2pbp3/8/3Bnn2/5N2/PPP1BPPP/RK2R3 w - - 6 19	0.406084
r3r1k1/pp1b3p/2pbpp2/8/2B2n2/5N2/PPP2PPP/RK2R3 w - - 0 21	0.408240
3rr1k1/pp1b3p/2pbpp2/3n4/8/3B1N2/PPP2PPP/RK1R4 w - - 4 23	0.407429
3rr1k1/pp1b3p/2p1p3/3n1p2/5b2/3B1N1P/PPP2PP1/RK2R3 w - - 0 25	0.411776
3rr1k1/pp1b3p/2p1p3/4Rp2/5n2/3B3P/PPP2PP1/RK6 w - - 1 27	0.410138
3rr3/p2b2kp/2p1p3/Rp3p2/2B2n2/7P/PPP2PP1/RK6 w - - 0 29	0.399716
r3r3/p2b2kp/2p1p3/R4p2/Pp3n2/1B5P/1PP2PP1/RK6 w - - 0 31	0.388189
r3r3/p2b2kp/2p1p3/R4pn1/Pp6/1B3PP1/1PP5/RK6 w - - 1 33	0.367976
r3r3/p2b2kp/2p1p3/4Rp2/Pp3P2/1B4n1/1PP5/RK6 w - - 0 35	0.354994
r3r3/p2b2kp/2p1p3/4Rp1n/P1B2P2/2p5/1P6/RK6 w - - 0 37	0.328382
2bqkbnr/1p1ppppp/r1p5/Q3P3/P7/8/1Pn1KPPP/RNB2BNR b k - 0 7	0.269072
2bqkbnr/1p1ppppp/2p5/4r3/P7/4B3/RPn1KPPP/1N3BNR b k - 1 9	0.269072
2bqkb1r/1p1ppppp/2p2n2/8/P3r3/2N1BN2/RPn1KPPP/5B1R b k - 5 11	0.273432
2bqkb1r/1p1ppppp/2p2n2/4N3/Pr6/2N1BK2/RPn2PPP/5B1R b k - 9 13	0.273488
2bqkb1r/1p2pppp/2p2n2/3pN3/Pr1B4/2NB1K2/RP3PPP/7R b k - 0 15	0.279973
3qkb1r/1p2pppp/2p1bn2/3pN3/P2r4/2NB1K2/1P3PPP/R3R3 b k - 3 17	0.279139
4kb1r/1p2ppp1/2pqbn1p/3pN3/P2r4/2NB2K1/1P3PPP/3RR3 b k - 3 19	0.262241
4kbr1/1p2pNp1/2pqb2p/3p4/P2rn2K/2NB4/1P3PPP/3RR3 b - - 0 21	0.250276
4kb1r/1p2p1p1/2pnb2p/3p4/P2r4/2NB2K1/1P3PPP/3RR3 b - - 1 23	0.378178
4kb1r/1p2p1p1/2pn3p/3p4/P2r4/2NR2K1/1P3PPP/3R4 b - - 0 25	0.374169
4kb1r/1p2p1p1/2p4p/3p1n2/P7/2NR1K2/1P3PPP/8 b - - 0 27	0.379853
4kbr1/1p2p1p1/2p4p/5n2/P2pN3/1R3K2/1P3PPP/8 b - - 3 29	0.399979
4kbr1/4p1p1/7p/1R3n2/3pN3/5K2/1P3PPP/8 b - - 0 31	0.407699
1R3br1/5kp1/4p2p/5n2/3pN1P1/5K2/1P3P1P/8 b - - 0 33	0.401031
6R1/4bkp1/4p2p/8/3pN1Pn/6K1/1P3P1P/8 b - - 0 35	0.402617
r1bqkbnr/1ppn1ppp/8/pB2p3/4P3/P7/1PP2PPP/RNBQK1NR b KQkq - 1 6	0.509683
r1bqk2r/1ppn1ppp/5n2/pBb1p3/4P3/P4N2/1PP2PPP/RNBQ1RK1 b kq - 5 8	0.506561
r1bq1rk1/1p1n1ppp/2p2n2/p1b1p3/2B1P3/P1N2N2/1PP2PPP/R1BQ1RK1 b - - 1 10	0.503750
r1bqr1k1/1p1n1ppp/2p2n2/2b1p1B1/p1B1P3/P1N2N2/1PP2PPP/2RQ1RK1 b - - 3 12	0.504999
r1bq1rBk/1p1n2pp/2p2n2/2b1p1B1/p3P3/P1N2N2/1PP2PPP/2RQ1RK1 b - - 2 14	0.448558
r1bqr1k1/1p1n2pp/2p2n2/2b1p3/p3P3/P1N1BN2/1PP2PPP/2RQR1K1 b - - 3 16	0.444086
r1b1r1k1/1pqn2pp/2p2n2/4p3/p3P3/P1N2N2/1PP2PPP/2RQR1K1 b - - 2 18	0.437597
r3r1k1/1pq3pp/2p1bn2/2n1p1Q1/p3P3/P1N2N2/1PP2PPP/2R1R1K1 b - - 6 20	0.425175
3rr2k/1pq3pp/2p1bn2/2n1N3/p3P3/P1N3Q1/1PP2PPP/2R1R1K1 b - - 2 22	0.460033
4r1k1/1pQ3pp/2p1bnN1/2n5/p3P3/P1N5/1PPr1PPP/2R1R1K1 b - - 0 24	0.610054
4r1k1/1pQ3p1/2p1b1p1/2n1P3/p5n1/P1N5/1PPrRPPP/2R3K1 b - - 2 26	0.614544
6k1/1p2Q1p1/2p1b1p1/2n1P3/p5n1/P1N5/1PPr1PPP/2R3K1 b - - 1 28	0.638217
4Q3/6pk/1pp1b1p1/2n1P3/N5n1/P7/1PPr1PPP/2R3K1 b - - 0 30	0.606756
8/3b2pk/1pp3p1/4P3/Q5n1/P7/1PPr1PPP/2R3K1 b - - 0 32	0.617973
8/3b2pk/1pp3p1/4n3/7Q/P7/1PP1rPPP/2R3K1 b - - 3 34	0.639513
rnb1kbnr/pp1qpp2/6pp/2P5/5P2/4P3/PPP3PP/RNB1KBNR w KQkq - 0 6	0.064350
rnb1kb1r/pp2pp2/5npp/2PqN3/5P2/4P3/PPP3PP/RNB1KB1R w KQkq - 4 8	0.081915
rnbk1b1r/pp2pB2/5npp/2P1N3/5P2/4P3/PPP3qP/RNB1K2R w KQ - 1 10	0.079713
rnbk1bBr/pp2p3/5npp/2P1N3/5P2/4P3/PPP2K1q/RNB5 w - - 0 12	0.007934
r1bk1br1/pp2p3/2n2npp/2P1N3/5P2/2N1PK2/PPP4q/R1B5 w - - 2 14	0.007460
r2k1br1/p3p3/2p2npp/2P5/4PPb1/2N2K2/PPP4q/R1B5 w - - 1 16	0.005858
r2k1br1/p3p3/2p2npp/2q5/4PPb1/2NK4/PPP5/R1B5 w - - 0 18	0.007049
r2k1br1/p3p3/2p2npp/8/3BPqb1/2NK4/PPP5/R7 w - - 0 20	0.004878
r5r1/p1k1p1b1/2p2npp/8/2KBPqb1/2N5/PPP5/4R3 w - - 4 22	0.004507
1r4r1/p1k1p1b1/2pq1npp/8/3BP1b1/K1N5/PPP5/4R3 w - - 8 24	0.001102
rn1qkbnr/pbQ1pp1p/8/4P1p1/1p6/8/PP1P1PPP/RNB1KBNR b KQkq - 0 8	0.303704
r3kbnr/pbqBpp1p/8/4P1p1/1p6/8/PP1P1PPP/RNB1K1NR b KQkq - 0 10	0.295665
r4bnr/pb1kpp1p/8/4q1p1/1p1P4/8/PP2NPPP/RNB1K2R b KQ - 0 12	0.298654
r3kbnr/pb2pp1p/8/5qp1/1p1P4/4B3/PP2NPPP/RN3RK1 b - - 4 14	0.299651
r3k2r/pb2ppbp/5n2/5qp1/1pNP4/4B3/PP2NPPP/R4RK1 b - - 8 16	0.272880
3rk2r/p3ppbp/5n2/4Nqp1/1p1Pb3/4B3/PP2NPPP/2R2RK1 b - - 12 18	0.298544
3rk1r1/R3ppb1/5n1p/4Nqp1/1p1Pb3/4B3/PP2NPPP/5RK1 b - - 0 22	0.310261
2Rrkr2/4ppb1/7p/4Nqp1/1p1Pb1n1/4B3/PP2NPPP/5RK1 b - - 4 24	0.265954
2r1kr2/4pp2/7p/4bNp1/1p1Pb1n1/4B3/PP3PPP/5RK1 b - - 0 26	0.271348
2r1kr2/4pp2/7p/5bp1/Pp1P2n1/4B3/1P3PPb/5R1K b - a3 0 28	0.269772
4kr2/4pp2/3b3p/P4bp1/1p1P2n1/1P2B3/2r2PP1/5R1K b - - 0 30	0.266344
4kr2/4pp2/3b3p/P5p1/1p1Pb3/1P2nP2/2r3P1/4R2K b - - 0 32	0.263659
4kr2/4pp2/3b3p/P5p1/1p1P4/1P2nP2/7r/4R1K1 b - - 2 34	0.266031
4kr2/4pp2/3b3p/P5p1/1p1P4/1P3P2/2n3K1/4R3 b - - 0 36	0.267829
rnbqkb1r/pp3ppp/3p1n2/2p1P3/8/1P1Q4/P1P1PPPP/RNB1KBNR w KQkq - 0 5	0.584924
rnb1kb2/pp3ppr/3p1q2/2p5/8/1P6/P1P1PPPP/RNB1KBNR w KQq - 0 7	0.344809
r3kb2/pp3ppr/2np1q2/2p2b2/8/1PP2N2/P3PPPP/RNB1KB1R w KQq - 3 9	0.356662
r3kb2/pp3pp1/2np2q1/2p2bBr/8/1PP2N2/P2NPPPP/R3KB1R w KQq - 7 11	0.352120
2kr4/pp2bpp1/2np2q1/2p2bBr/2N4P/1PP2N2/P3PPP1/R3KB1R w KQ - 3 13	0.350504
1k1r4/pp2npp1/3p2q1/2p2b1r/2N4P/1PP2N2/P3PPP1/3RKB1R w K - 0 15	0.356034
1k1r4/pp2npp1/3p1q2/2p1N2r/2N1b2P/1PP1P3/P4PP1/3RKB1R w K - 1 17	0.332087
1k1r4/pp2n1p1/3N2q1/2p4r/4b2P/1PP1P3/P4PP1/3RKB1R w K - 1 19	0.321690
1k6/pp2n1p1/8/2p4r/4q2P/1PP1P3/P4PP1/3K1B1R w - - 0 21	0.319268
1k6/pp2n1p1/8/2p5/7q/1PP1P3/P2K1PP1/5B2 w - - 0 23	0.315765
1k6/pp4p1/5q2/2pn4/5P2/1PP1P1P1/P2K4/5B2 w - - 1 25	0.307916
1k6/pp4p1/8/2pn4/2P2P2/1P2q1P1/P3K3/5B2 w - - 0 27	0.288193
1k6/pp4p1/8/2p5/2P2P2/1Pn3q1/P1K5/5B2 w - - 0 29	0.289537
1k6/pp4p1/8/2p5/2P2q2/1P1B4/n2K4/8 w - - 0 31	0.275106
1k6/pp4p1/8/2p5/2P1nq2/1P1B4/2K5/8 w - - 4 33	0.274809
r1b1kbnr/1p1n1pp1/p2P3p/1Np5/7q/8/PPPBPPP1/R2QKBNR w KQkq - 1 8	0.981737
1rbk1bnr/1pNn1pp1/p2P3p/2p5/7R/8/PPPBPPP1/R2QKBN1 w Q - 1 10	0.981560
1rb1kb1r/1p1nnpp1/p2P3p/2p5/4R3/8/PPPBPPP1/R2QKBN1 w Q - 2 12	0.958031
1rb1k2r/1p2bpp1/p4n1p/2p5/4R3/5N2/PPPBPPP1/R2QKB2 w Q - 2 14	0.952862
1r2kr2/1p2bpp1/p3bn1p/B1p1R3/8/5N2/PPP1PPP1/R2QKB2 w Q - 6 16	0.952217
2r1kr2/1p2bpp1/pB2bn1p/4R3/2p1P3/5N2/PPP2PP1/R2QKB2 w Q - 2 18	0.955158
2r1kr2/1p2bpp1/pB2bn1p/4R3/3QP3/5N2/PpP1BPP1/R3K3 w Q - 0 20	0.951346
2r1kr2/1p3pp1/pB2bn1p/R7/4Pb2/5N2/PQP1BPP1/R3K3 w Q - 3 22	0.947483
4kr2/5pp1/p3bn1p/1pB5/4Pb2/5N2/PQP1BPP1/R3K3 w Q - 0 24	0.960916
6k1/5pp1/p3bn1p/1p6/4Pb2/Q4N2/P1P1BPP1/R3K3 w Q - 2 26	0.966774
Qb4k1/5pp1/4b2p/1p6/4n3/5N2/P1P1BPP1/R3K3 w Q - 2 28	0.987936
1Q6/5ppk/7p/1B1b4/4n3/5N2/P1P2PP1/R3K3 w Q - 1 30	0.988843
6k1/5pp1/5n1p/1B1bQ3/P7/5N2/2P2PP1/R3K3 w Q - 1 32	0.990104
3R4/5ppk/5n1p/1B2Q3/P3b3/5N2/2P2PP1/2K5 w - - 5 34	0.991809
3R4/5p1k/5npp/PB3Q2/8/5b2/2P2PP1/2K5 w - - 0 36	0.996963
rnbqkb1r/pppppppp/8/8/4n2P/2N5/PPPP1PP1/R1BQKBNR b KQkq - 1 3	0.467989
r1bqkb1r/ppp1pppp/2n5/3p4/3Pn2P/2N2N2/PPP2PP1/R1BQKB1R b KQkq - 0 5	0.465533
r2qkb1r/ppp2ppp/2n1p3/3p1b2/3PnB1P/2NB1N2/PPP2PP1/R2QK2R b KQkq - 1 7	0.456085
r2Bk1r1/pp3ppp/2n1p3/3p1b2/1b1Pn2P/2NB1N2/PPP2PP1/R2QK2R b KQq - 0 9	0.624896
3rk1r1/pp3ppp/2n1p3/3p1b2/3PB2P/2P2N2/P1P2PP1/R2QK2R b KQ - 0 11	0.632474
3rkr2/pp3ppp/2n1p3/5bN1/3Pp2P/2P5/P1P2PP1/R2Q1RK1 b - - 3 13	0.618215
3rkr2/pp3pp1/2n4p/3PpbN1/4p2P/2P5/P1P1QPP1/R4RK1 b - - 1 15	0.638433
4kr2/pp3pp1/2n1b2p/3rp3/4N2P/2P5/P1P1QPP1/1R3RK1 b - - 2 17	0.643338
4kr2/pp1r1pp1/4b2p/4p2Q/2PnN2P/8/P1P2PP1/1R3RK1 b - - 2 19	0.645006
4kr2/pp3pp1/3N3p/2Prpb1Q/3n3P/8/P1P2PP1/1R3RK1 b - - 2 21	0.689872
4kr2/p4pp1/1p1P3p/4pb1Q/3n3P/8/P1P2PP1/1R2R1K1 b - - 1 23	0.692212
4kr2/p2P1pp1/1p4bp/7Q/3np2P/8/P1P2PP1/3RR1K1 b - - 0 25	0.711630
5r2/p2Pkpp1/1p1Qn1bp/8/4p2P/8/P1P2PP1/3RR1K1 b - - 4 27	0.715270
1Q1k1r2/p2P1pp1/1p2n1b1/3R3p/4p2P/8/P1P2PP1/4R1K1 b - - 1 29	0.716928
3Q1k2/p4pp1/1p2n1b1/3R3p/4p2P/8/P1P2PP1/4R1K1 b - - 0 31	0.659345
rn1qkbnr/p1p2pp1/8/1p1pP2p/8/6P1/PPQ1P2P/RNB1KBNR w KQkq - 0 7	0.816778
r2qk1nr/p1pn1pp1/8/1p1pP2p/1b6/2N2NP1/PPQ1P2P/R1B1KB1R w KQkq - 4 9	0.828223
r2q1rk1/p1pnnpp1/8/1p1pP2p/1b6/2N1BNP1/PPQ1P1BP/R3K2R w KQ - 8 11	0.838498
r2q1rk1/p1pn1pp1/8/1p1pPn1p/8/2Q1BNP1/PP2P1BP/R4RK1 w - - 1 13	0.834371
r2q1rk1/p1pn1pp1/8/3pP2p/1p6/3QnNP1/PP2P1BP/3R1RK1 w - - 0 15	0.828505
rnbqkbr1/pppp2p1/7n/4Pp1p/8/1P4P1/P1PKPP1P/RNBQ1BNR w q f6 0 6	0.537832
r1bqkbr1/pppp2p1/2n5/4Pp1p/6n1/1P3NP1/P1P1PP1P/RNBQKB1R w q - 4 8	0.540575
r1bqkr2/ppppb1p1/2n5/4Pp1p/5Bn1/1P3NP1/P1P1PP1P/RN1QKB1R w q - 8 10	0.535080
r1bqkr2/pppp2p1/2n4B/4Pp1p/6n1/1PN2NP1/P1P1Pb1P/R2QKB1R w q - 0 12	0.362001
r1bqkr2/pppp2p1/2n5/4Pp1p/6n1/1PN2NP1/P1P1Pb1P/R1KQ1B1R w q - 2 14	0.372774
r1bqkr2/ppp3p1/2np4/4Pp1p/4P3/1PNQnNP1/P1P2b1P/R1K2B1R w q - 0 16	0.372081
r1b1kr2/pp4p1/2np4/4Ppqp/4P3/1PN1n1P1/P1P2b1P/R1K2B1R w q - 0 18	0.258416
r1b1kr2/pp4p1/2nP4/5pqp/4P3/1PN1n1P1/PKP2b1P/R6R w q - 2 20	0.255645
2kr1r2/pp4p1/2nPb3/5pqp/4P3/PPN1n1P1/1KP2b1P/R1R5 w - - 3 22	0.254964
2kr1r2/pp4p1/2nPb3/7p/6q1/PPN1n3/1KP2b1P/R1R5 w - - 0 24	0.253176
2kr3r/pp4p1/3Pb3/1N5p/2Pn2q1/PP2n3/1K3b1P/R1R5 w - - 1 26	0.253272
2kr2r1/pp4p1/3Pb3/1N5p/2Pn2n1/PP6/1K3b2/R1R5 w - - 0 28	0.282082
2kr1r2/pp4p1/3Pb3/1N5p/2P3n1/PPR2n2/1K3b2/3R4 w - - 4 30	0.282535
1k1r1r2/Np4p1/3Pb3/2P4p/8/PPR1nn2/1K3b2/3R4 w - - 1 32	0.281561
1k1r4/1p1b2p1/3P1r2/1NP4p/8/PPRRnn2/1K3b2/8 w - - 5 34	0.308044
rnq1kbn1/ppp2p1r/3p4/4p1p1/2B1P1P1/8/PPPP1P2/RNBQK1N1 w Qq - 2 9	0.721376
rnq1kbn1/ppp2p2/3p4/4p1p1/2B1P1P1/2N2N2/PPPP1P2/R1BQK2r w Qq - 6 11	0.678604
rn2kb2/ppp1np2/3p4/4p1p1/3PP1q1/2N2N2/PPP2P2/R1BQKB1r w Qq - 1 13	0.698558
rn2k3/ppp1npb1/8/4p1B1/4P1q1/2N2N2/PPP2P2/R2QKB1r w Qq - 0 15	0.711252
3rk3/ppp1npb1/2n5/4p3/4P1q1/2N1BN2/PPP2P2/2RQKB1r w - - 4 17	0.675175
3rk3/ppp1npb1/2n5/4p1N1/4P3/2N1B3/PPP1QP1q/2R1KB1r w - - 8 19	0.678891
3rk3/ppp1npb1/8/6N1/3pP3/2N5/PPP1QP1q/3RKB1r w - - 0 21	0.683513
4kN2/ppp1npb1/8/8/4P3/2p5/PPP1QP1q/3rKB1r w - - 0 23	0.536213
5k2/pppQnpb1/8/8/4P3/8/PpP2P1q/4KB1r w - - 0 25	0.999724
r1bqkb1r/ppp3pp/n4n2/3ppp2/3P1P2/1PN2N2/P1P1P1PP/R1BQKB1R w KQkq - 2 6	0.548442
r1bqk2r/ppp3pp/n7/3pPp2/1b1Pn3/1PN2N2/PBP1P1PP/R2QKB1R w KQkq - 3 8	0.516538
r1bq1rk1/ppp3pp/n7/3pPp2/1b1P4/1PNQ1N2/PBP1PnPP/2KR1B1R w - - 7 10	0.441717
r1bq1rk1/ppp3pp/n7/1Q1pPp2/3P4/1PB2N2/P1P1P1PP/2KR1B1n w - - 0 12	0.430907
r1bq1rk1/ppp3pp/n7/1Q1pP3/3P1p2/1PB2N2/P1P1PnPP/1K2RB2 w - - 0 14	0.399716
r1bq1rk1/p5pp/n1p5/1p1pP3/Q2P1p2/1PB1PN2/P1P2nPP/1K2RB2 w - - 0 16	0.401031
2rq1rk1/pb4pp/n1p1P3/1p1p4/3P1p2/QPB1PN2/P1P2nPP/1K2RB2 w - - 1 18	0.501562
5rk1/pbq3pp/n1p5/1p1p4/3P1p2/QPB1PN2/P1P2nPP/1K2RB2 w - - 0 20	0.509683
2q2rk1/pb4pp/n1p5/Bp1pN3/3Pnp2/QP2P3/P1P3PP/1K2RB2 w - - 4 22	0.513425
5r1k/pb2Q1pp/n1p5/Bp1pNq2/3Pnp2/1P1BP3/P1P3PP/1K2R3 w - - 8 24	0.627919
1n3r1k/pQ4pp/2p5/Bp2Nq2/3Ppp2/1P2P3/P1P3PP/1K2R3 w - - 1 26	0.636471
1n3r1k/Q5pp/2p5/Bp2Nq2/3Pp3/1P2P3/P1P2pPP/1K3R2 w - - 0 28	0.598706
1n3rk1/4Q1pp/1Bp5/1p2N2q/3Pp3/1P2P3/P1P2pPP/1K3R2 w - - 4 30	0.604187
1n3r1k/6pp/1Bp1Q3/4N2q/1p1Pp3/1P2P2P/P1P2pP1/1K3R2 w - - 0 32	0.619666
1n3r1k/6pp/2p5/2B1N3/1pQPp3/1P2P2P/P1P2pP1/1K2qR2 w - - 4 34	0.572542
rn1qkbnr/p2Npppp/b7/1pp5/8/8/PPPPPPPP/RNBQKB1R w KQkq - 1 4	0.546333
r2qkbnr/p4ppp/n7/1p2p3/8/8/PPPPPPPP/RNBQKB1R w KQkq - 0 6	0.552937
r2qkb1r/p4ppp/n4n2/4p3/1p2P3/2N5/PPPP1PPP/R1BQKB1R w KQkq - 1 8	0.571109
r2q1b1r/p3kppp/n7/1B1np3/1p2P3/8/PPPP1PPP/R1BQK2R w KQ - 0 10	0.570246
r2q1b1r/p3kppp/2B5/3np3/1p6/8/PPPP1PPP/R1BQK2R w KQ - 0 12	0.569382
q4b1r/p3kppp/8/3n4/1p1p4/8/PPP2PPP/R1BQK2R w KQ - 0 14	0.593916
4kb1r/p4ppp/2q5/3n4/1p1Q4/8/PPP2PPP/R1B2RK1 w - - 3 16	0.619907
4kb1r/4nppp/2q5/p7/1p1Q1B2/8/PPP2PPP/R3R1K1 w - - 0 18	0.622773
4kb1r/4n1pp/6q1/p4p2/1pPQ1B2/8/PP3PPP/3RR1K1 w - - 0 20	0.678157
3Q3r/4bkpp/6q1/p4p2/1pP2B2/8/PP3PPP/3R2K1 w - - 0 22	0.675661
7Q/3Rbkpp/6q1/5p2/1pP2B2/p7/PP3PPP/6K1 w - - 0 24	0.675819
7Q/3Rb1pp/4k1q1/5p2/1pP5/8/PB3PPP/6K1 w - - 1 26	0.684092
2Q5/4bkpp/8/5p2/1pPR2q1/8/PB3PPP/6K1 w - - 5 28	0.723424
8/5kpp/5b2/5Q2/1pP3p1/8/PB3PPP/6K1 w - - 2 30	0.725716
8/4k2p/5p2/2P2Q2/1p4p1/8/P4PPP/6K1 w - - 1 32	0.731955
rnbqkbnr/p1pp1ppp/1p6/8/3pP3/8/PPPB1PPP/RN1QKBNR w KQkq - 0 4	0.487822
r1bqkb1r/p1pp1ppp/1pn2n2/8/3pP3/3B1N2/PPPB1PPP/RN1QK2R w KQkq - 4 6	0.491878
r1bqk2r/p1pp1ppp/1pn2n2/4b3/3pP3/2PB1N2/PP1B1PPP/RN1Q1RK1 w kq - 1 8	0.510619
r1bqk1r1/p1pp1ppp/1p3n2/4n3/3pP3/1QPB4/PP1B1PPP/RN3RK1 w q - 0 10	0.536916
r2qk1r1/pbpp1ppp/1p3n2/8/3PP3/3Q4/PP1B1PPP/RN3RK1 w q - 1 12	0.530781
2rqkr2/pbpp1ppp/1p3n2/8/3PPB2/2NQ4/PP3PPP/R4RK1 w - - 5 14	0.541184
3qkr2/pbr2ppp/1p3n2/3p4/3PP3/2NQ4/PP3PPP/3R1RK1 w - - 0 16	0.453365
3qkr2/p3rppp/bp3n2/3p4/3PP3/2N5/PP3PPP/3RR1K1 w - - 2 18	0.281561
3qkr2/p3rppp/1p6/3pP3/P1bP2n1/2N5/1P3PPP/3RR1K1 w - - 1 20	0.283304
4kr2/p1q1rppp/1p6/1P1pP3/3P2n1/8/1P3PPP/3RR1K1 w - - 1 22	0.283852
4kr2/p3rppp/1pR5/1P1pPq2/3P2n1/8/1P3PPP/4R1K1 w - - 5 24	0.279207
4kr2/p1R1rppp/1p2qn2/1P1pP3/3P4/5P2/1P4PP/4R1K1 w - - 3 26	0.280974
4kr2/p2qrppp/1pR5/1P1pP2n/3P4/5P2/1P4PP/3R2K1 w - - 7 28	0.279902
4kr2/p3rppp/1pR5/1P1pPq2/3P1n2/5P2/1P4PP/3R2K1 w - - 11 30	0.276513
2R2r2/p2krppp/1p6/1P1pP3/3P1n2/3q1P2/1P4PP/4R1K1 w - - 15 32	0.307026
rnb1kbnr/ppqp1ppp/2p5/4p3/4P2P/5PP1/PPPP4/RNBQKBNR b KQkq - 0 4	0.482218
rnb1k2r/ppqp1ppp/2p2n2/2b1p3/2B1P2P/2N2PP1/PPPP4/R1BQK1NR b KQkq - 4 6	0.468604
rnb2rk1/ppq2ppp/2pp1n2/2b1p3/2BPP2P/2N2PP1/PPP1N3/R1BQK2R b KQ - 0 8	0.466454
rnb2r1k/pBq2ppp/2p2n2/2bpp3/3PP2P/2N2PP1/PPP1N3/R1BQK2R b KQ - 0 10	0.492190
Bnb2r1k/p1q2ppp/2p2n2/2bp4/4PB1P/2p2PP1/PPP1N3/R2QK2R b KQ - 1 12	0.518715
BBb2rk1/p4ppp/2p2n2/2bp4/4P2P/5PP1/PpP1N3/R2QK2R b KQ - 0 14	0.661914
BB3rk1/p4ppp/2p1bn2/2bpQ3/4P2P/5PP1/P1P1N3/4K2R b K - 2 16	0.650893
1Br3k1/pB1n1ppp/2p1Q3/2bp4/4P2P/5PP1/P1P1N3/4K2R b K - 0 18	0.681474
1n4k1/p5pp/2p1B3/2bp4/4P2P/5PP1/P1P1N3/4K2R b K - 0 20	0.682210
1n5k/p5pp/8/2bB4/7P/5PP1/P1P1N3/4K2R b K - 0 22	0.678617
7k/p5pp/5n2/2bB4/5N1P/5PP1/P1P1K3/7R b - - 4 24	0.678003
7k/p5pp/3b4/3N4/7P/5PP1/P1P1K3/6R1 b - - 2 26	0.681622
8/p4kpp/3b4/3N3P/2P5/5PP1/P3K3/6R1 b - - 0 28	0.681326
8/p5pp/3b4/3N1k1P/2P3P1/3K1P2/P7/6R1 b - - 0 30	0.683374
8/p4kpp/3b4/3N2PP/2P5/3K1P2/P7/4R3 b - - 0 32	0.692339
rnbqkbnr/pp1p2pp/2p2p2/4P3/1P6/8/P1PPP1PP/RNBQKBNR w KQkq - 0 4	0.507186
rnb1k1nr/pp1p2pp/2p2q2/8/1b1P4/8/P1P1P1PP/RNBQKBNR w KQkq - 0 6	0.489069
rnb1k2r/pp1pn1pp/2pb1q2/8/3P4/2P2N2/P3P1PP/RNBQKB1R w KQkq - 3 8	0.508746
rnb2r1k/pp1pn1pp/2pb1q2/8/2BPP3/2P2N2/P5PP/RNBQK2R w KQ - 3 10	0.555617
rnb2r1k/ppbpn1pp/2p3q1/4P3/2BP4/2P2N2/P5PP/RNBQ1RK1 w - - 1 12	0.519647
rnb2r1k/ppb3pp/2pp2q1/3nP3/2BP4/2P1BN2/P5PP/RN1QR1K1 w - - 0 14	0.514982
r1b2r1k/ppb3pp/n1pp2q1/4P3/3P4/2P1RN2/P5PP/RN1Q2K1 w - - 0 16	0.389442
3r1r1k/ppb3pp/n1ppb1q1/4P3/3PN3/2P1RN2/P5PP/R2Q2K1 w - - 4 18	0.395040
3r1rk1/pp4pp/nbpPb1q1/8/3PN3/2P1RN2/P5PP/1R1Q2K1 w - - 1 20	0.449156
3r2k1/pp4pp/nbpPbr2/4N1q1/3P4/2P1R3/P5PP/1R1Q2K1 w - - 2 22	0.327560
3r2k1/pp3rpp/nbpPb3/8/3P4/2P1q3/P5PP/1R1Q3K w - - 0 24	0.259217
6k1/pp3rpp/nbprb3/8/3P4/2P5/P5PP/4R2K w - - 0 26	0.258437
6k1/pp3rpp/1b1rb3/2n5/P7/2P5/6PP/4R2K w - - 0 28	0.256498
6k1/ppb2rpp/4b3/P1n5/8/2P5/3r2PP/R6K w - - 1 30	0.256124
6k1/ppb3pp/4b3/P1n5/8/2P3P1/3r3r/R5K1 w - - 0 32	0.254051
rnb1kbnr/2q1ppp1/8/p2p4/3P3p/3Q3N/PPP1PPP1/R3KB1R b KQkq - 1 8	0.099504
r1b1kb1r/2q1ppp1/2n2n2/p2p2N1/3P3p/3Q4/PPP1PPP1/2KR1B1R b kq - 5 10	0.091399
r3kb1r/2q2pp1/2n2n2/p2pp1N1/3P2bp/3QP3/PPP1BPP1/2KR3R b kq - 2 12	0.094425
r3kbr1/2q2ppN/5n2/p2pp3/1n1P2bR/3QP3/PPP1BPP1/2KR4 b q - 2 14	0.020744
r3kN1r/2q2pp1/5n2/p2pp3/3P2bR/3nP3/PPPKBPP1/3R4 b q - 0 16	0.000276
r1b1kbnr/ppp1ppp1/7B/8/n7/3q2P1/PP1NPP1P/R3KBNR b KQkq - 1 8	0.289537
r1b1kbnr/ppp1ppp1/3q4/8/n3PB2/6P1/PP1N1P1P/R3KBNR b KQkq - 2 10	0.301239
r1b1kbn1/ppp2ppr/3N4/4p3/n3PB2/6P1/PP3P1P/R3KBNR b KQq - 0 12	0.407699
r1b1k1n1/pp3ppr/2pb4/4p3/B3PB2/6P1/PP3P1P/R3K1NR b KQq - 0 14	0.402087
r1b1k1n1/pp3ppr/2p5/8/Bb2Pp2/6P1/PP3P1P/3R1KNR b q - 3 16	0.392224
r3k3/pp3ppr/2p1bn2/4P3/Bb3P2/8/PP3P1P/3R1KNR b q - 0 18	0.382027
r3k3/pp3ppr/2p5/3bP3/1b2nP2/5N2/PPB2P1P/3R1K1R b q - 4 20	0.395555
r3k3/pp3pp1/2p5/4P1N1/1b2bP2/7r/PP3P1P/3R1K1R b q - 1 22	0.399979
r3k3/pp3pp1/2p5/4P1N1/1b2bP2/8/PP2KP1P/3R4 b q - 0 24	0.406891
r3k3/pp3pp1/2p5/2bbP1N1/1P3P2/P7/4KP1P/3R4 b q - 0 26	0.411502
2kr4/pp2bpp1/2p5/3bP3/1P2NP2/P3K3/5P1P/3R4 b - - 4 28	0.406622
3r4/p1k1bpp1/1pp2P2/3bP3/1P2N3/P3K3/5P1P/3R4 b - - 0 30	0.420370
3r4/p1k2p2/1ppN1P2/3b4/1P6/P3K3/5P1P/3R4 b - - 0 32	0.388940
8/p1k2p2/1pp1rP2/3b4/1P1K3P/P7/5P2/3R4 b - - 2 34	0.388940
8/p1k2p2/1pp5/3bK2P/1P3r2/P7/5P2/3R4 b - - 2 36	0.372081
rnbq1bnr/ppp2kp1/3pp3/7Q/4P3/8/PPPP1PPP/R1B1KBNR b KQ - 0 6	0.044537
rnbq1bn1/ppp2kp1/3pp3/6r1/4P3/5B2/PPPP1PPP/R1B1K1NR b KQ - 3 8	0.038105
r1bq1bn1/ppp2kp1/2npp3/2r5/4P3/2P2B1N/PP1P1PPP/R1B1K2R b KQ - 0 10	0.037148
r1bq4/ppp1bkp1/2nppn2/2r5/4PN2/2P2B2/PP1P1PPP/R1B2RK1 b - - 4 12	0.035218
r2q4/pppbbkp1/2nppn2/8/2rPPN2/2P1BB2/PP3PPP/R4RK1 b - - 2 14	0.043632
r2q2k1/pppbb1p1/2n1pnN1/3pP3/2rP4/2P1BB2/PP3PPP/R4RK1 b - - 0 16	0.044842
r2q2k1/pppb2p1/2n1p1N1/3pP1b1/2rPB3/2P1B3/PP3PPP/3R1RK1 b - - 0 18	0.044944
r2q2k1/pppb2p1/2n1p1N1/3BP3/2rP4/2P5/PP3bPP/3R1R1K b - - 1 20	0.045252
r5k1/pppb2p1/2n5/3pP1q1/2rP1N2/2P5/PP3RPP/3R3K b - - 2 22	0.034892
r5k1/pppbN1p1/8/6q1/2rP4/2Pn4/PP3RPP/3R3K b - - 2 24	0.031932
r7/pppbN1pk/8/8/2rP4/2P5/PP3RPP/2qR3K b - - 2 26	0.000276
rnbqkbnr/ppBp2p1/2p2p2/7p/8/3P2PP/PP2PP2/R2QKBNR w KQkq - 2 9	0.422623
rnbBk1nr/pp1p2p1/2p2p2/7p/8/3P2PP/PP1bPP2/R3KBNR w KQkq - 0 11	0.422623
rnbk3r/pp1pn1p1/2p2p2/7p/8/3P1NPP/PP1KPP2/R4B1R w - - 2 13	0.427744
rnb4r/ppkp2p1/2p2p2/3n3p/8/3P1NPP/PPK1PPB1/R6R w - - 6 15	0.435842
r1b4r/ppkp2p1/n1p2p2/7p/1n1N4/2KP2PP/PP2PPB1/R6R w - - 10 17	0.434094
r1b1r3/ppkp4/n1p2pp1/7p/1n1N4/2KP2PP/PP2PPB1/R6R w - - 2 19	0.425460
r3r3/ppkb4/n1p2pp1/3p3p/Pn1N4/2KP2PP/1P2PPB1/R2R4 w - - 1 21	0.411502
1k1rr3/pp1b4/n1p2pp1/P2p3p/1n1NP3/2KP2PP/1P3PB1/R2R4 w - - 1 23	0.411776
1k1rr3/pp1b4/n1p2pp1/P2p3p/3NP3/1K1P2PP/1P3PB1/2nR4 w - - 0 25	0.371620
1k1rr3/ppn5/2p2pp1/P2p3p/3NP1bP/1K1P2P1/1P3PB1/2R5 w - - 1 27	0.363310
1k1rr3/pp6/4npp1/P2p3p/3N2bP/2KP2P1/1P3PB1/2R5 w - - 0 29	0.357715
1k2r3/pp6/4Npp1/P2p3p/6bP/3P2P1/1P1K1PB1/2r5 w - - 0 31	0.357926
1kr5/pp6/4bpp1/P2p3p/7P/3P2P1/1P1K1PB1/8 w - - 0 33	0.357926
2r5/ppk5/4bpp1/P6p/1P1p3P/3P1BP1/3K1P2/8 w - - 1 35	0.358775
1r6/p1k5/p3bpp1/1P5p/3p3P/3P1BP1/3K1P2/8 w - - 0 37	0.360702
rnb1kbnr/p1pp1ppp/8/1p2p3/4P2q/6P1/PPPP1P2/RNBQKBNR w KQkq - 0 4	0.691570
rnb1k2r/p1ppbppp/5n2/1p2p3/4P1R1/6P1/PPPP1P2/RNBQKBN1 w Qkq - 3 6	0.700794
r1b1k2r/2ppbpRp/p1n2n2/1p2p3/4P3/2N3P1/PPPP1P2/R1BQKBN1 w Qkq - 0 8	0.708223
r3k2r/1bpp1pRp/p1nb1n2/1p2p3/3PP3/2N2NP1/PPP2P2/R1BQKB2 w Qkq - 1 10	0.714287
r3k1r1/1bpp1p1p/p2b1n2/1p2p1N1/3nP3/2N3P1/PPP2P2/R1BQKB2 w Qq - 0 12	0.586854
r3k2r/1bpp1p1n/p2b4/1p2p3/3nP3/2N1B1P1/PPP2P2/R2QKB2 w Qq - 2 14	0.574255
2kr3r/1bpp1p1n/p2b4/1p6/3QP3/2N3P1/PPP2P2/R3KB2 w Q - 1 16	0.563866
2kr4/1bpp1p2/p2b4/1p4n1/3QP3/2N3P1/PPP1BP1r/2KR4 w - - 5 18	0.555022
2k4r/1b1p1p2/p2p4/1p4n1/4P3/2N3P1/PPP1BP1r/2K5 w - - 0 20	0.296291
2k5/1b1p1p2/p2p4/1p4n1/4P3/2N2PP1/PPPKB2r/7r w - - 3 22	0.294133
2k5/3p1p2/p1bp4/1p1N2n1/4P3/4KPP1/PPP1B2r/4r3 w - - 7 24	0.292647
2k5/3p1p2/p1bp2N1/6n1/1p2P3/4KPP1/PPP1r3/4r3 w - - 0 26	0.257914
2k5/3p1p2/p1bp2N1/5K2/1p1nP3/5PP1/PPP1r3/4r3 w - - 4 28	0.257609
2k5/3p4/p1bp2K1/8/1p2P3/5nP1/PPP1r3/4r3 w - - 0 30	0.255521
2k5/3p4/p1bp1K2/8/4P3/Pp3nP1/1Pr5/4r3 w - - 0 32	0.253240
rnbqkbnr/ppp2ppp/4p3/8/4p3/P1P5/1P1P1PPP/RNBQKBNR w KQkq - 0 4	0.480353
r1bqkb1r/ppp2ppp/2n1pn2/8/3PpB2/P1P5/1P3PPP/RN1QKBNR w KQkq - 3 6	0.460338
r1bq1rk1/ppp2ppp/2nbpn2/8/2BPpB2/P1P5/1P2NPPP/RN1QK2R w KQ - 7 8	0.460947
2rq1rk1/pppb1ppp/2nbpn2/8/2BPpB2/P1P5/1P1NNPPP/R2Q1RK1 w - - 11 10	0.491878
2rq1rk1/ppp2ppp/2nb1n2/4pb2/2BPp3/P1P3B1/1P1NNPPP/2RQ1RK1 w - - 2 12	0.465533
2rq3k/ppp2rpp/2nb1n2/4pb2/2NPp3/P1P3B1/1P2NPPP/2RQ1RK1 w - - 2 14	0.500000
2r4k/ppp2rpp/2n2q2/2b2b2/2N1p3/P1P3B1/1P2NPPP/2RQ1RK1 w - - 0 16	0.500937
3r3k/ppp2rpp/2n4q/2bN1b2/2N1p3/P1P3B1/1P3PPP/2RQ1RK1 w - - 4 18	0.511242
3r3k/ppp2rpp/7q/2bNBb2/8/P1P1p3/1P3PPP/2RQ1RK1 w - - 0 20	0.440831
6rk/ppp1N1rp/7q/2b2b2/8/P1P1p3/1P3PPP/2RQ1RK1 w - - 2 22	0.407429
6Nk/ppp3rp/7q/5b2/8/P1P5/1P3bPP/2RQ2K1 w - - 0 24	0.407429
3Q4/ppp2krp/7q/5b2/8/P1P5/1P3KPP/2R5 w - - 2 26	0.461863
8/pp4rp/3Q3q/5bk1/8/P1P5/1P3KPP/2R5 w - - 3 28	0.460643
8/pp4rp/8/4Qbq1/7k/P1P5/1P3KPP/3R4 w - - 7 30	0.467067
4Q3/pp4rp/6q1/5b1k/3R4/P1P5/1P3KPP/8 w - - 11 32	0.463084
r1bqkbnr/1p1p1ppp/n7/p3p1B1/3N4/8/PPP1PPPP/R2QKBNR w KQkq - 0 6	0.918427
r1bk1bnr/1p1p1ppp/n7/p7/4p3/5N2/PPP1PPPP/R2QKBNR w KQ - 0 8	0.916879
r1bk2nr/1p1p2pp/n4p2/p5N1/1b2p3/2P5/PP2PPPP/R2QKBNR w KQ - 0 10	0.957548
r1b1k1nN/1p1p2pp/n4p2/p1b5/4p3/2P5/PP2PPPP/R2QKBNR w KQ - 1 12	0.966540
r1bk3N/1p1pnQpp/n4p2/p1b5/4p3/2P5/PP2PPPP/R3KBNR w KQ - 5 14	0.974352
r1b3QN/1pkp3p/n4p2/p1bn4/4p3/2P5/PP2PPPP/R3KBNR w KQ - 3 16	0.986473
r1b4N/1pkp3p/n4p2/2bQ4/p7/2P1P3/PP2P1PP/R3KBNR w KQ - 0 18	0.989166
rnb1kbnr/pp6/5p2/2p4p/8/8/PPPN1PPP/R3KBNR w KQkq - 0 9	0.216454
r3kbnr/pp6/2n2p2/2p2b1p/2B5/5N2/PPPN1PPP/R3K2R w KQkq - 4 11	0.217375
2kr1bnr/pp6/2n2p2/2pB3p/8/5N2/PPbN1PPP/R4RK1 w - - 2 13	0.203365
2kr1bnr/p7/2p2p2/2p4p/2N1b3/5N2/PP3PPP/R4RK1 w - - 2 15	0.197063
2kr2nr/p7/2p2p1b/2p4p/2N5/3b4/PP1N1PPP/R3R1K1 w - - 6 17	0.190536
3r2nr/pk6/2p1Rp2/2p4p/8/3b4/PP1N1PPP/R5K1 w - - 1 19	0.195275
6nr/pk6/2p2p2/2p4p/4R3/8/PP1r1PPP/R5K1 w - - 1 21	0.183803
7r/p3R3/1kp2p1n/2p4p/8/8/PP1r1PPP/1R4K1 w - - 5 23	0.178604
8/p4R2/1kp2p1r/2p2n1p/P7/8/1P1r1PPP/1R4K1 w - - 3 25	0.172623
8/R7/2p2p1r/2p2n1p/1k6/8/1P1r1PPP/1R4K1 w - - 1 27	0.180618
8/1R6/2p2p1r/2pk1n1p/8/8/1P1r1PPP/2R3K1 w - - 5 29	0.182642
8/3R4/2pn1pr1/2pk3p/8/1P6/3r1PPP/2R3K1 w - - 1 31	0.172059
8/3R4/2pn1pr1/7p/2k5/8/3r1PPP/4R1K1 w - - 0 33	0.169528
rnbqkbn1/ppp1ppp1/8/3pP3/2P5/7R/PP3PP1/RNB1KBN1 w Qq d6 0 9	0.375809
rnbq1b1R/pppkppp1/7n/3pP3/2P5/2N5/PP3PP1/R1B1KBN1 w Q - 4 11	0.452762
rnbqkb1R/ppp1pp2/7p/3NP3/2P5/8/PP3PP1/R3KBN1 w Q - 1 13	0.433222
r2qkb1R/ppp1pp2/2n1b2p/3NP3/2P5/3B1N2/PP3PP1/R3K3 w Q - 5 15	0.433513
2rqkb1R/ppp1pp2/2n4p/3bP3/2P1B3/5N2/PP3PP1/3RK3 w - - 0 17	0.524608
2r1kb1R/ppp1pp2/3qP2p/3P4/1n2B3/5N2/PP3PP1/3RK3 w - - 1 19	0.447063
3r1b1R/ppp1pk2/3q3p/3P1B2/1n6/5N2/PP3PP1/3RK3 w - - 0 21	0.429754
3r1b2/ppp1p1k1/3qB2p/3P4/1n6/5N2/PP3PP1/3RK3 w - - 2 23	0.308173
3r1b2/ppp1p1k1/4B2p/P2P4/1n2q3/5N2/1P3PP1/3RK3 w - - 1 25	0.293932
3r1b2/ppp1p1k1/4B2p/P2n4/5q2/5N2/1P3PP1/4RK2 w - - 2 27	0.295665
3r1b2/ppp1pN1k/4B2p/P2n4/2q5/8/1P3PP1/4RK2 w - - 6 29	0.299095
4rb2/ppp1pNk1/7p/P2n1B2/2q5/8/1P3PP1/4R1K1 w - - 10 31	0.302283
3r1b2/ppp1p1k1/6Bp/P2nN3/5q2/8/1P3PP1/4R1K1 w - - 14 33	0.299763
3r1b2/ppp3k1/4p2p/P2nN3/8/3B2P1/1P1q1P2/4R1K1 w - - 1 35	0.288636
3r4/ppp3k1/4p2p/q1bnN3/8/3B2P1/1P3P2/3R2K1 w - - 2 37	0.284974
r3kbnr/1bpqp1pp/3p1B2/pB6/3P4/8/PPP2PPP/RN1QK1NR b KQkq - 0 8	0.545729
r3kbnr/1bp1p1Bp/3p4/p7/3P4/2N5/PqP2PPP/R2QK1NR b KQkq - 0 10	0.336823
r3k1nr/1bp1p1bp/3p4/p6Q/3P4/2q5/P1P2PPP/R4KNR b kq - 1 12	0.351714
r2k2nr/2p1p1bp/b2p4/p6Q/3P4/2q5/P1P1NPPP/1R3K1R b - - 5 14	0.319867
r2k3r/2p1p2p/b2p1n2/p4Q2/3b4/2q5/P1P1NPPP/3R1K1R b - - 3 16	0.321383
r2kr3/2p1p2p/3p1n2/p4Q2/P1bb4/2q4P/2P1NPP1/3R1K1R b - - 0 18	0.308559
3kr3/2p1p2p/3p1n2/p4Q2/P1bb4/2q4P/1rP1NPP1/2R2K1R b - - 4 20	0.298326
3kr3/2p4p/3ppn2/p7/P1bb4/5P1P/1rP1NP2/2R2K1R b - - 0 22	0.297891
4r3/2p1k2p/3ppn2/p3b3/P1b2P2/7P/1rP1NP2/2R1K2R b - - 0 24	0.309864
4r3/2p1k2p/3ppP2/p7/P7/5b1P/1rP2P2/2R1K2R b - - 0 26	0.350304
4r3/2p4p/3p1k2/p3p3/P7/5bRP/1rP2P2/2R1K3 b - - 1 28	0.350504
1r6/2p4p/3p1k2/p3p3/P3b1R1/7P/1rPK1P2/2R5 b - - 5 30	0.350907
1r6/7p/3p1k2/p1p1p3/P1R5/4Kb1P/1rP2P2/2R5 b - - 1 32	0.353755
1r6/8/3p1k2/p1pbp2p/P6R/4K2P/1rP2P2/2R5 b - - 1 34	0.332430
8/8/3p4/p1pbp1kp/P3R3/1P2K2P/1r3P2/2R5 b - - 0 36	0.331233
rnbqkbnr/pp2ppp1/3p3B/3p3p/4P3/8/PPP2PPP/RN1QKBNR w KQkq - 0 5	0.208816
rn1qkbn1/pp1bppBr/3p4/1B1p3p/4P3/8/PPP2PPP/RN1QK1NR w KQq - 1 7	0.304130
r2qkBn1/pp1npp1r/3p4/7p/4p3/8/PPP2PPP/RN1QK1NR w KQq - 0 9	0.286304
r2qk1n1/pp2pp1r/3pn3/7p/4N3/8/PPP2PPP/R2QK1NR w KQq - 1 11	0.268093
r2qk1n1/pp2ppr1/3p4/7p/4Nn2/5N2/PPP2PPP/R2Q1RK1 w q - 5 13	0.273679
2rqk1n1/pp2ppr1/8/3p2Np/4Nn2/8/PPP2PPP/2RQ1RK1 w - - 0 15	0.261242
2rqk1n1/pp2ppr1/8/3p2Np/3nN3/8/PPP2PPP/2R2R1K w - - 0 17	0.031709
2rqk3/pp2ppr1/5n2/7p/2PnN3/8/PP3PPP/2R2R1K w - - 1 19	0.031783
2rq1k2/pp3pr1/5p2/7p/2Pn4/8/PP3PPP/2R1R2K w - - 2 21	0.029276
2r2k2/pp3pr1/5p2/2Pq3p/8/5n2/PP4PP/2R1R2K w - - 0 23	0.020744
4rk2/pp3pr1/5p2/2P4p/8/5n2/PP1q2PP/2R4K w - - 0 25	0.001898
rn2kbnr/p1p1p2p/5B2/5b2/8/4P3/PPP1P1PP/RN2KBNR b KQkq - 0 8	0.470759
rn2k2r/p1p1p2p/5n1b/1N3b2/8/4P3/PPP1P1PP/R3KBNR b KQkq - 3 10	0.474155
r3k2r/p1p1p2p/n4n1b/8/3Nb3/4P3/PPP1P1PP/2KR1BNR b kq - 7 12	0.440831
r3k2r/p1p1p2p/5n2/2n5/3Nb3/4bN2/PPP1P1PP/1K1R1B1R b kq - 3 14	0.417017
3r1rk1/p1p1p2p/5n2/2n5/3Nb3/4bN2/PPP1P1PP/1K1R1B1R b - - 7 16	0.344617
5rk1/p1p1p2p/5n2/1Bn5/3r4/4bP2/PPP3PP/1K1R3R b - - 1 18	0.360702
3r2k1/p1p4p/4pn2/2n5/2BR4/4bP2/PPP3PP/1K5R b - - 0 20	0.365960
6k1/p1p4p/4pn2/2n5/2r5/4RP2/PPP3PP/1K6 b - - 0 22	0.363529
8/p1p2k1p/4p3/2nnR3/2r5/5P1P/PPP3P1/1K6 b - - 0 24	0.361134
8/p1p4p/4pk2/2n5/2r2n2/5P1P/PPP3P1/1K4R1 b - - 4 26	0.356872
8/p1p4p/4pk2/2n5/1P3n1P/5P2/P1Pr2P1/1K4R1 b - - 0 28	0.358988
8/p1pn3p/4pk2/3n4/1P5P/5PP1/P1Pr4/2K3R1 b - - 2 30	0.343471
8/p1pn3p/4pk2/3n4/1P4PP/5r2/P1P5/2KR4 b - - 0 32	0.338449
8/p1p4p/4p3/1P1nnkP1/7P/5r2/P1P5/2KR4 b - - 0 34	0.328052
3R4/p1p4p/4p3/1P2nkP1/7P/2n5/PKP5/5r2 b - - 4 36	0.349704
1rbqkbnr/p1pp1ppp/p7/4p3/2P1P3/7N/PP1P1PPP/RNBQK2R w KQk - 2 5	0.508434
1rbqk2r/p1pp1ppp/p2b1n2/4p3/2PPP3/7N/PP3PPP/RNBQ1RK1 w k - 1 7	0.523679
1r1q1rk1/pbpp1ppp/p2b1n2/4p1N1/2PPP3/2N5/PP3PPP/R1BQ1RK1 w - - 5 9	0.523059
1r1q1rk1/pbpp1pp1/p2b1n2/4p1B1/2PPP3/2N5/PP3PPP/R2Q1RK1 w - - 2 11	0.447959
1r1q1rk1/pbpp1p2/p2b1n1p/2P5/3pP3/2N5/PP3PPP/R2Q1RK1 w - - 0 13	0.364630
1r1q1rk1/p1pp1p2/p1b2n1p/2P5/3QPb2/2N5/PP3PPP/3R1RK1 w - - 3 15	0.375574
1r1q1rk1/p1pp1p2/p4n1p/2PP2b1/3Q4/8/PP3PPP/3R1RK1 w - - 1 17	0.422906
1r1q2k1/p1pp1p2/p4n1p/2PPr1b1/3Q4/8/PP3PPP/3R2K1 w - - 0 19	0.378894
3q2k1/p2p1p2/p2p1n1p/2P1Q1b1/1r6/8/PP3PPP/3R2K1 w - - 0 21	0.376990
3q2k1/p2p1p2/p2P1n1p/5Q2/4rb2/8/PP3PPP/3R2K1 w - - 3 23	0.372774
3q2k1/p2p1p2/3P1n1p/5Q2/p3rb2/P6P/1P3PP1/3R2K1 w - - 0 25	0.368654
3q2k1/p2p1p2/3P1n1p/4bQ2/p7/P5PP/1P1R1P2/4r1K1 w - - 3 27	0.355826
6k1/p2p1p2/2qP1n1p/4bQ2/p7/P4PPP/1P1R3K/4r3 w - - 1 29	0.349704
6k1/p2p1p2/3P1n1p/4bQ2/p1q2P2/P5PP/1P1Rr1K1/8 w - - 1 31	0.333991
6k1/p2p1p2/3P1n1p/4bQ2/p4P2/P4qPP/1P6/7K w - - 2 33	0.330724
rnbq1b1r/ppBkpppp/5n2/2p5/1P1P4/4P3/P1P3PP/RN1QKBNR w KQ - 1 7	0.916879
rnb1kb1r/pp2pppp/5n2/2P5/1P6/4P3/P1P3PP/RN1QKBNR w KQ - 1 9	0.909901
r1b1kb1r/p3pppp/2p2n2/2P5/1P6/4P3/P1P3PP/RN1QK1NR w KQ - 0 11	0.904034
r3kb1r/3bpppp/2p2n2/p1P5/1P6/2N1PQ2/P1P3PP/R3K1NR w KQ - 2 13	0.908039
1r2kb1r/3bpppp/1Pp2n2/p1P5/8/2N1PQ2/P1P3PP/R3K1NR w KQ - 1 15	0.931178
3rkb1r/1P1b1ppp/2p2n2/p1P1p3/8/2N1PQ2/P1P3PP/2KR2NR w - - 0 17	0.962593
3rkr2/1P1bbppp/2p2n2/p1P1p3/4N3/4PQ2/P1P1N1PP/2KR3R w - - 4 19	0.961719
3rkr2/1P1b1ppp/2pP1n2/4p3/p7/4PQ2/P1P1N1PP/2KR3R w - - 0 21	0.961006
3rkr2/1P1b1ppp/3P1n2/2p1p3/8/p1N1PQ2/P1P3PP/2KRR3 w - - 0 23	0.963280
3rkr2/1P1b1pp1/3P3p/2pRp3/8/p3PQ2/P1P3PP/2K1R3 w - - 0 25	0.999724
4kr2/1P1r1pp1/2QPb2p/2p1R3/8/p3P3/P1P3PP/2K1R3 w - - 3 27	0.999724
rnbqkb1r/pp1p1n1p/6p1/4p3/3P1PQ1/4P3/PPP2KPP/RNB3NR b kq - 1 7	0.431774
r1bqkbr1/pp1p1n1p/2n3p1/4P3/5PQ1/4PN2/PPP2KPP/RNB4R b q - 2 9	0.492190
r1bqkr2/pp1p1n1p/2n3p1/2b1P3/5PQ1/2N1PN2/PPP2KPP/R1BR4 b q - 6 11	0.513425
r1bqkr2/pp5p/2npP1pn/2b5/5P2/2N1PN1Q/PPP2KPP/R1BR4 b q - 2 13	0.543612
r2qk2r/pp5p/2npb1pQ/2b5/5P2/2N1PN2/PPP3PP/R1BR2K1 b q - 1 15	0.593109
2rqk2r/pp5p/2npb1pQ/3N4/3P1P2/5N2/PPP3PP/R1BR2K1 b - - 0 17	0.595788
2rq3r/pp3k1p/2np2pQ/3b4/3P1P2/4BN2/PPP3PP/R3R1K1 b - - 3 19	0.582427
2rq2kr/pp5p/2np2pQ/8/3P1P2/4BP2/PPP4P/3RR1K1 b - - 2 21	0.577659
2r3kr/pp5p/3p1qpQ/3P4/1n1B1P2/5P2/PPP4P/3RR1K1 b - - 2 23	0.604703
5rkB/pp5p/3p2p1/3P4/1n3P2/5P2/PPP4P/3RR1K1 b - - 0 25	0.592571
5r1k/pp5p/3p2p1/3P4/5P2/2P2P2/nP5P/R3R1K1 b - - 1 27	0.626297
5r1k/1p2R2p/p2p2p1/3P4/5P2/2P2P2/7P/R5K1 b - - 1 29	0.644591
5r1k/1R5p/p2p2p1/3P4/5P2/2P2P2/7P/R5K1 b - - 0 31	0.653061
7k/1R5p/p2p2p1/3P1r2/2P5/5P2/6KP/R7 b - - 0 33	0.665484
6k1/1R5p/R2p2p1/3P2r1/2P5/5P2/7P/7K b - - 0 35	0.678003
rnb1kbnr/1p1p1pp1/3p4/p6p/3p3P/P7/1PP1PP1P/R1BQKBNR w KQkq - 0 8	0.652865
r1b1kb1r/1p1p1pp1/2np1n2/p6p/3N3P/P7/1PP1PP1P/R1BQKB1R w KQkq - 1 10	0.645213
r1b1k2r/1p1p1pp1/2n2n2/p1bp3p/3N1B1P/P7/1PP1PPBP/R2QK2R w KQkq - 2 12	0.656339
r1b1k2r/1p1p1p2/2nB1np1/p2p1N1p/7P/P7/1PP1PbBP/R2QK2R w KQkq - 0 14	0.661368
r1b1k2r/1p1p1p2/2nB4/p2B1p1p/4n2P/P7/1PP1PK1P/R2Q3R w kq - 1 16	0.653451
r1b1k3/1p1p1p2/2n3r1/p2B1p1p/4nB1P/P7/1PP1P2P/R2QK2R w q - 5 18	0.659160
r1b1k3/1p1p1p2/2nB4/3B1p1p/p3n2P/P7/1PP1P1rP/R2QKR2 w q - 0 20	0.658227
r1bk4/1p1p1B2/2nn4/5p1p/p6P/P2Q4/1PP1P1rP/R3KR2 w - - 0 22	0.688806
2bk4/1p1p4/2nQ4/4rp1B/p6P/P7/1PP1P1rP/R3KR2 w - - 1 24	0.687039
2b5/1pkp4/2n2Q2/4rR1B/p6P/P7/1PP1P2P/R3K1r1 w - - 1 26	0.643338
2b5/1pkp4/2n5/7r/p6P/P7/1PP1P2P/R3KQ2 w - - 0 28	0.651092
2b5/1pk5/2np4/4r3/Q6P/P7/1PP1P2P/R3K3 w - - 0 30	0.643338
8/1pk5/2np4/4r3/4bQ1P/P7/1PP1P2P/2R1K3 w - - 4 32	0.653645
8/1pk5/2np1Q2/4r3/4b2P/P7/1PP1P2P/2R1K3 w - - 8 34	0.653645
8/2k5/1pnp1Q2/3br3/7P/P6P/1PP1P3/3RK3 w - - 0 36	0.654614
rnb1kbnr/ppp2ppp/4p3/8/1P1qB3/8/P1P2PPP/RNBQK1NR b KQkq - 0 5	0.346160
r1b1kb1r/ppp1nppp/2n1p3/2Q5/1P2B3/8/P1P2PPP/RNB1K1NR b KQkq - 2 7	0.661914
r1b1kr2/ppp2ppp/2n1p3/3n4/1P2B3/8/PBP2PPP/RN2K1NR b KQq - 1 9	0.555914
r1b1k1r1/ppp2pBp/2n1p3/3B4/1P6/8/P1P2PPP/RN2K1NR b KQq - 0 11	0.542095
r1b1k3/ppp2p1p/2n2B2/1P1p4/8/8/P1P2PrP/RN2K1NR b KQq - 0 13	0.546635
r1b1k3/ppp2p1p/2P3r1/8/3p4/2B5/P1P2P1P/RN2K1NR b KQq - 0 15	0.549344
1rb1k3/ppp2p1p/2P3r1/8/8/2N5/P1P1NP1P/R3K2R b KQ - 0 17	0.577941
1rb1k3/ppp2p1p/6r1/8/8/2N3N1/P1P2P1P/R4RK1 b - - 3 19	0.572256
1r2k3/ppN2p1p/6r1/8/8/6N1/P1b2P1P/R4RK1 b - - 0 21	0.583261
1r6/pp3p1p/3k2r1/1N6/8/6N1/P1b2P1P/4RRK1 b - - 4 23	0.583261
1r6/pp3p1p/1k4r1/4R3/3N4/6N1/P1b2P1P/5RK1 b - - 8 25	0.584094
1r6/pp3p1p/1k4r1/4R3/P1bN4/6N1/5P1P/3R2K1 b - - 0 27	0.582148
3r4/pp2Rp1p/1k4r1/3b1N2/P7/6N1/5P1P/3R2K1 b - - 4 29	0.587403
3r4/ppR2p1p/k7/P2b1N2/6r1/6N1/5P1P/3R2K1 b - - 2 31	0.581869
3R4/pp3b1p/k7/P4N2/5r2/6N1/5P1P/6K1 b - - 0 33	0.582705
rn1qkbnr/ppp1pppp/8/3p4/2P3b1/7P/PP1PPPP1/RNBQKBNR w KQkq - 1 3	0.828787
r2qkb1r/ppp1pppp/2n2n2/3p4/2P3P1/4P3/PP1P1PP1/RNBQKBNR w KQkq - 1 5	0.836304
r2qkb1r/ppp1pppp/5n2/8/2Pn2P1/2N5/PP1P1PP1/R1BQKBNR w KQkq - 0 7	0.839044
r2qk2r/ppp2ppp/5n2/2b1pB2/2Pn2P1/2N5/PP1P1PP1/R1BQK1NR w KQkq - 2 9	0.838224
r2qk2r/ppp2ppp/5n2/2b2P2/2P1p3/2N2N2/PP1P1PP1/R1BQK2R w KQkq - 0 11	0.837128
2rq1rk1/ppp2ppp/5n2/2b1NP2/2P1p3/2N5/PP1P1PP1/R1BQ1RK1 w - - 4 13	0.834371
2rq1rk1/ppp2ppp/5n2/4bP2/2P1pB2/2NP4/PP3PP1/R2Q1RK1 w - - 0 15	0.821683
2rq1rk1/ppp2p1p/5p2/5P2/2P5/2Np4/PP3PP1/R2Q1RK1 w - - 0 17	0.849496
2rq1r1k/ppp2p1p/5p2/3N1P2/2P3Q1/8/PP1p1PP1/R4RK1 w - - 0 19	0.831590
2rq2rk/pp3p1p/2p2p2/3N1P1Q/2P5/8/PP1p1PP1/3R1RK1 w - - 0 21	0.832705
2r3rk/pp3p1p/5p2/q2P1P1Q/8/8/PP1R1PP1/5RK1 w - - 1 23	0.832983
2r4k/pp3prp/5Q2/3P1P2/8/8/qP1R1PP1/5RK1 w - - 1 25	0.842571
2r4k/pp1P1pr1/5Q2/5P1p/2q5/8/1P1R1PP1/5RK1 w - - 0 27	0.999724
3r2k1/pp3pr1/7Q/5P1p/2q5/8/1P1R1PP1/5RK1 w - - 0 29	0.999724
1nbqkb1r/rpppp1p1/5p2/p7/3P2P1/5P2/PPP1P3/RN1QKBNR w KQk - 1 7	0.639298
2bqkb1R/rppp2p1/2n2p2/p3p3/3P2P1/2N2P2/PPP1P3/R2QKBN1 w Q - 0 9	0.646245
r1bqkb1R/1ppp2p1/2n2p2/4p3/p1BP2P1/2N1PP2/PPP5/R2QK1N1 w Q - 0 11	0.653645
r1bqkbR1/1ppp2p1/2n2p2/4p3/2BP2P1/2N1PP2/PpP1N3/R2QK3 w Q - 0 13	0.575393
2bqkb1R/1ppp2p1/2n2p2/4p3/2BP2P1/r1N1PP2/P1P1N3/Q3K3 w - - 1 15	0.523679
2bq1bR1/2ppk1p1/2n2p2/1p1Bp3/3P2P1/r1N1PP2/P1P1N3/Q3K3 w - - 2 17	0.546937
2b1qb1R/2ppk1p1/2n2p2/1N1Bp3/3P2P1/4rP2/P1P1N3/Q3K3 w - - 0 19	0.560642
5bR1/1bNpk1p1/2n2pq1/3Bp3/3P2P1/4rP2/P1P1N3/Q3K3 w - - 3 21	0.543915
2k2bR1/1bNp2p1/2n2pq1/3Bp3/3P2P1/4rP2/P1P1N3/Q3K3 w - - 7 23	0.531703
rnbqk1nr/pppp1p1p/8/3N2p1/4p3/8/PB1PPPPP/R2QKBNR w KQkq - 0 6	0.924064
rnbqk1nB/pp3p1p/2p5/3p2p1/4p3/2N5/P2PPPPP/R2QKBNR w KQq - 0 8	0.917052
rn1qk3/pp3p1p/2p2n2/3pBbp1/4p3/2N1P3/P2P1PPP/R2QKBNR w KQq - 1 10	0.916358
2rqk3/pp1n1p1p/2pB1n2/3p1bp1/4p3/2N1P3/P2PBPPP/R2QK1NR w KQ - 5 12	0.915132
2rqk3/pp1n1p1p/3B1n2/3p1bp1/2pPp3/2N1P3/P3BPPP/2RQK1NR w K - 0 14	0.910085
2rqk3/1p1n1p2/p2B1n1p/3p1bp1/2pPp3/P1N1P2P/4BPP1/2RQK1NR w K - 0 16	0.910269
3rk3/1p1n1p2/pq3n1p/3p1bp1/1BpPp3/P1N1P2P/2Q1BPP1/2R1K1NR w K - 4 18	0.903451
3rk3/1pqn1p2/p6p/3p1bp1/1BpPp1n1/P1N1P2P/2Q2PP1/3RK1NR w K - 0 20	0.930133
3rk3/1p1n1p2/p1q4p/3N2p1/1BpPp1b1/P3P3/2Q2PP1/3RK1NR w K - 1 22	0.930583
rnbqkbnr/2ppp1B1/pp6/5p2/3P4/5N2/PPP1PPPP/RN1QKB1R w KQkq - 0 5	0.683518
r1bqkb1B/2ppp3/ppn2n2/5p2/3P4/2N2N2/PPP1PPPP/R2QKB1R w KQq - 3 7	0.692594
r1bqk3/2pp4/ppnb1p2/3N1p2/3P4/5N2/PPP1PPPP/R2QKB1R w KQq - 2 9	0.692212
2rqk3/1bpp4/ppnb1p2/3N1p2/2BP4/4PN2/PPP2PPP/R2QK2R w KQ - 3 11	0.698416
2rqk3/1bpp4/p1nb1p2/3N1p2/1p1P4/1B2PN2/PPP2PPP/R2Q1RK1 w - - 0 13	0.703604
2rqk3/2pp4/b1nb1p2/p2N1p2/1p1P4/1BP1PN2/PP3PPP/2RQ1RK1 w - - 1 15	0.699674
2rqk3/1bppb3/2n2p2/p1PN1p2/1p1P4/1B2PN2/PP3PPP/2RQ1RK1 w - - 1 17	0.711542
2rqk3/1bppb3/5p2/2PN1p2/Bp1n4/4PN2/PP2QPPP/2R2RK1 w - - 0 19	0.706467
2r1k3/2qpb3/5p2/2P2p2/Bp1Pb3/5N2/PP2QPPP/2R2RK1 w - - 1 21	0.702862
2r1k3/3p4/3b1p2/2P2p2/1p1Pbq2/1B3N2/PP2QPPP/2R1R1K1 w - - 5 23	0.711719
2r2k2/3p4/3b1p2/2P5/1p1Ppq2/5N2/PP2QPPP/2R1R1K1 w - - 0 25	0.710372
2r5/3p2k1/3b1p2/2P5/1p1PR3/5N2/PP3PPP/2R3K1 w - - 1 27	0.708982
2r5/3p2k1/3b4/2P5/1p1P1p1P/4RN2/PP3PP1/2R3K1 w - - 0 29	0.718513
r4b2/3p2k1/8/2P4P/1p1P1p2/5N2/PP3PP1/2R1R1K1 w - - 1 31	0.715431
5b2/3p3k/8/2P4P/1R1P1p2/5N2/rP3PP1/4R1K1 w - - 1 33	0.718734
r1bqkbnr/p1p3pp/1p2p3/3N4/8/1Q1P4/PP1P1PPP/R1B1KBNR w KQkq - 0 8	0.386032
r1bqk2r/p1p1b1pp/1p2pn2/8/8/1Q1P1N2/PP1P1PPP/R1B1KB1R w KQkq - 2 10	0.270268
r2q1rk1/p1pbb1pp/1p2pn2/8/3P4/1Q1B1N2/PP1P1PPP/R1B1K2R w KQ - 3 12	0.281088
r2q1rk1/p1pb2pp/1p1bp3/3nN3/3P4/1Q1B4/PP1P1PPP/R1B2RK1 w - - 7 14	0.289662
r2q1r1k/p1pb2pp/1p1bp3/4N3/3PBn2/1Q6/PP1P1PPP/R1B1R1K1 w - - 11 16	0.305914
q4r1k/p1p3pp/1p1bp3/1b2N3/3P1n2/6Q1/PP1P1PPP/R1B1R1K1 w - - 2 18	0.299344
q4r1k/p1p3pp/1p1bp3/4N3/P2P4/6Q1/1P1PbPPP/R1B3K1 w - - 0 20	0.269957
5r1k/p1p3pp/1p1bp3/4N3/P2q1B2/3P2Q1/1P2bPPP/R5K1 w - - 0 22	0.152087
7k/p1p3pp/1pNbp3/8/P4r2/3q2Q1/1P2bPPP/2R3K1 w - - 0 24	0.120473
6k1/p1p3pp/1pNbp3/3q2Q1/PP3r2/8/4bPPP/2R3K1 w - - 3 26	0.163696
6k1/p1p1b1pp/1p6/3qp3/PP3Q2/8/4bPPP/2R3K1 w - - 0 28	0.164247
2Q5/p1p1bkpp/1p6/3qp3/PP6/3b4/5PPP/2R3K1 w - - 4 30	0.201558
2Q5/2R1bkp1/1p5p/pP1qp3/P7/3b4/5PPP/6K1 w - - 0 32	0.205480
8/2R1bk2/1p4pp/pP2p2Q/P3q3/3b4/5PPP/6K1 w - - 0 34	0.189064
rnb1kbnr/1ppq1p2/7p/p3P1p1/8/N7/PPP1PPPP/1RB1KBNR w Kkq - 0 6	0.323709
r1b1k1nr/1ppq1p2/2n4p/p1b1P1p1/2N5/5N2/PPP1PPPP/1RB1KB1R w Kkq - 4 8	0.331915
r1b1k1nr/1ppq1p2/7p/p3P1p1/2Nb4/4B3/PPP1PPPP/1R2KB1R w Kkq - 0 10	0.340284
r1b1k1nr/1p3p2/3p3p/p3P1p1/3B2q1/8/PPP1PPPP/1R2KB1R w Kkq - 1 12	0.335044
r1b1k1nr/1p6/5p1p/p3B1p1/6q1/8/PPP1PPPP/3RKB1R w Kkq - 0 14	0.344617
r1b1k1nr/1p6/3B1p1p/p5p1/8/7P/PPq1PPP1/3RKB1R w Kkq - 0 16	0.321078
r1b1k1nr/1p6/3B1p1p/p5p1/8/7P/Pq2PPP1/3RKB1R w Kkq - 0 18	0.309733
r3k2r/1p2n3/3Bbp1p/p5p1/P3P3/7P/1q3PP1/3RKB1R w Kkq - 1 20	0.315908
r6r/1p2nk2/3Bbp1p/p5p1/P3P3/2q4P/4BPP1/3R1K1R w - - 5 22	0.305159
r2r4/1p2n1k1/3Bbp1p/pB4p1/P3P3/2q4P/5PP1/3R2KR w - - 9 24	0.299988
r2r4/1p4k1/3Bbp1p/p5p1/P2nP3/2q2B1P/5PP1/3R2KR w - - 13 26	0.280757
r1r5/1p2B1k1/4bp1p/p5p1/P2qP3/5B1P/5PP1/6KR w - - 2 28	0.270793
r7/1p2B1k1/4bp1p/p3P1p1/P4q2/5B1P/5PPK/2r4R w - - 3 30	0.266423
r7/1p2B1k1/4bp1p/p3P1p1/P7/6PP/5q1K/7B w - - 0 32	0.266423
r7/1p4k1/3Bb2p/p5p1/P3p3/6PP/5qBK/8 w - - 0 34	0.266265
rn2kbnr/pp3p1p/6p1/3PP3/1PB2B2/8/P1b2PPP/RN2K1NR w KQkq - 0 9	0.852893
r3kbnr/pp3p1p/3P2p1/1P2P3/2Bn1B2/8/P1b2PPP/RN2K1NR w KQkq - 1 11	0.863306
2r1k1nr/pp3pbp/3P2p1/1P2P3/2Bn1B2/2N2N2/P1b2PPP/R3K2R w KQk - 5 13	0.866510
4k1nr/pp3pbp/3P2p1/1P2P3/2r2B2/2Nb4/P3NPPP/R3K2R w KQk - 2 15	0.861060
4k2r/pp3pbp/3P2pn/1P1NP3/5B2/2Nb4/P1r2PPP/R3K2R w KQk - 6 17	0.863802
5rk1/pp3pbp/3P2pn/1P1NPb2/5B2/2N5/P1r2PPP/3R1RK1 w - - 10 19	0.864050
5r1k/pp2Np1p/3P2pb/1P2Pb2/8/2N5/P1r2PPP/3R1RK1 w - - 0 21	0.864050
5r1k/pp1P1p1p/7b/1P2Pp2/8/2r5/P4PPP/3R1RK1 w - - 0 23	0.855731
3R4/pp3pkp/7b/1P2Pp2/8/2r5/P4PPP/5RK1 w - - 1 25	0.853670
3R4/pp3pkp/7b/1P2Pp2/P1r2P2/8/6PP/5RK1 w - - 1 27	0.832705
8/p2R1pkp/1p5b/1P2Pp2/r4P2/6P1/7P/5RK1 w - - 0 29	0.895006
8/3RPpkp/pp5b/1P3p2/4rP2/6P1/7P/5RK1 w - - 1 31	0.918427
8/P2Rrpkp/1p5b/5p2/5P2/6P1/7P/5RK1 w - - 0 33	0.972072
5k2/P3Rp1p/7b/1p3p2/5P2/6P1/7P/4R1K1 w - - 0 35	0.992163
7k/4Rp1p/7b/1p1Q1p2/5P2/6P1/7P/4R1K1 w - - 3 37	0.999724
rnbqkb1r/pp1pp1pp/B6n/2p5/3Pp3/7P/PPP2PP1/RNBQK1NR w KQkq - 2 5	0.510307
rnbqkb1r/pp2p2p/6pn/2pp3Q/2BPp3/7P/PPP2PP1/RNB1K1NR w KQkq - 0 7	0.514671
rnb1kb1r/pp2p2p/6pn/3B4/3pp3/7P/PPP2PP1/RNB1K1NR w KQkq - 0 9	0.509683
r1b1kb1r/pp2p2p/2n3p1/5n2/3pB3/5N1P/PPP2PP1/RNB1K2R w KQkq - 3 11	0.536304
r3k2r/pp2p1bp/2n1b1p1/5n2/3pBB2/5N1P/PPP2PP1/RN3RK1 w kq - 7 13	0.512801
2r2rk1/pp2p1bp/2n1b1p1/5n2/3pBB2/5N1P/PPPN1PP1/R3R1K1 w - - 11 15	0.508434
2rr2k1/pp2p2p/2n1bbp1/P4n2/3pBB2/5N1P/1PPN1PP1/R3R1K1 w - - 1 17	0.511866
2rr2k1/p3p2p/R1n2bp1/3b1n2/3pBB2/5N1P/1PPN1PP1/4R1K1 w - - 1 19	0.521509
2rr2k1/p6p/R1n2b2/3bpp2/3p1B2/1P3N1P/2PN1PP1/4R1K1 w - - 0 21	0.504999
2rr2k1/p6p/R1n5/3bp1N1/3p1p2/1P5P/2PN1PP1/4R1K1 w - - 0 23	0.513113
2rr4/p5kp/R1n2N2/3bp1N1/5p2/1P1p3P/2P2PP1/4R1K1 w - - 2 25	0.508434
2r5/p6p/R1n1Nk2/3rp3/5p2/1P1p3P/2P2PP1/4R1K1 w - - 2 27	0.466760
2r5/p6p/R1n1Nk2/4p3/2P2p2/1P1r3P/3p1PP1/3R2K1 w - - 2 29	0.457905
2r5/p7/R1n2k1p/2N1p3/1PPr1p2/7P/3p1PP1/3R2K1 w - - 0 31	0.519026
2r5/p7/R1P2k1p/2N1p3/2r5/5p1P/3p1PP1/3R2K1 w - - 0 33	0.603929
r1bqkbnr/pp1n1ppp/8/8/4P3/N1p5/PP3PPP/R1B1KB1R b KQkq - 1 7	0.014763
r1bqk1nr/pp3ppp/8/1Bn5/4P3/P1p5/P4PPP/R1B1K2R b KQkq - 2 9	0.014656
r3k1nr/pp1q1ppp/8/2n5/4P3/P1p5/P4PPP/R1B2RK1 b kq - 1 11	0.015126
r3k1nr/pp1q1ppp/8/4B3/4n3/P7/P1p2PPP/R4RK1 b kq - 1 13	0.011322
r4rk1/pp1q1ppp/5n2/4B3/4n3/P3R3/P1p2PPP/5RK1 b - - 5 15	0.007049
3r1rk1/pp3ppp/5n2/8/4nB2/P7/P1p2PPP/3qRRK1 b - - 9 17	0.007351
3r2k1/pp3ppp/5n2/8/4n3/P2r4/P1p2PPP/2BqRRK1 b - - 13 19	0.006247
3r3k/pp3ppp/5B2/8/4n1q1/P2r4/P1p2PPP/4RRK1 b - - 0 21	0.007665
3r3k/ppR2ppp/5n2/8/6q1/P7/P1p2PPP/3r1RK1 b - - 3 23	0.000276
2R4k/pp3ppp/5n2/8/4q3/P6P/P1pr1PP1/3r1RK1 b - - 2 25	0.006963
3r2k1/ppR2ppp/5n2/8/4q2P/P7/P1p2PP1/3r1RK1 b - - 0 27	0.000276
2R1n1k1/pp3ppp/8/7P/4q3/P7/P1pr1PP1/3r1RK1 b - - 0 29	0.000276
2R1n1k1/pp3ppp/8/7P/P4q2/5P2/P1pr2P1/4rRK1 b - - 0 31	0.001917
4R1k1/pp3ppp/8/7P/P7/4qP2/P1pr2PK/5r2 b - - 0 33	0.000291
6k1/pp3ppp/7P/4q3/P4P2/8/P1pr2PK/5r2 b - - 0 35	0.000276
rnb1kb1r/ppp1pppp/5n2/8/8/3B4/PqPK1PPP/RNBQ2NR w kq - 0 6	0.657851
r3kb1r/ppp1pppp/2n1bn2/8/8/3B4/PBP2PPP/RNKQ2NR w kq - 3 8	0.664248
1k1r1b1r/ppp1pppp/2n1bn2/8/8/2NB1N2/PBP2PPP/R1KQ3R w - - 7 10	0.668256
1k1r1b1r/ppp1ppp1/4bn1p/8/3n4/2NB1N2/PBP2PPP/RK1QR3 w - - 0 12	0.677384
1k1r1br1/ppp1pp2/4bnpp/4N3/3nN3/3B4/PBP2PPP/RK1QR3 w - - 2 14	0.688402
1k3br1/ppp1pb2/5npp/8/3rN3/3B4/P1P2PPP/RK1QR3 w - - 0 16	0.634262
1k4r1/ppp1p1b1/5npp/2Nb4/3r4/3B1Q2/P1P2PPP/RK2R3 w - - 4 18	0.626065
1k5r/ppp1p1b1/5nQp/2Nb4/1r6/3B4/P1P2PPP/RK2R3 w - - 1 20	0.655957
1k2r3/ppp1p1b1/5n1p/3b1Q2/6r1/1N1B4/P1P2PPP/RK2R3 w - - 5 22	0.644383
1k2r3/ppp3b1/4p2p/1B1bQ3/4n1r1/1N6/P1P2PPP/RK2R3 w - - 2 24	0.624896
1k5r/ppp5/4p2p/1B1b4/4n1Q1/1N6/P1P2PPP/bK2R3 w - - 0 26	0.695452
1k5r/ppp5/4p1Q1/1B5p/4b3/1N6/P1P2PPP/bK6 w - - 0 28	0.702862
1k5r/pp6/2p1pb2/1BN4p/4Q3/8/P1P2PPP/1K6 w - - 0 30	0.727819
1k2r3/pp6/2p2Q2/1BN1p2p/8/8/P1P2PPP/1K6 w - - 1 32	0.743454
k3r3/pp6/2p2Q2/2N4p/2B1p3/7P/P1P2PP1/1K6 w - - 0 34	0.733695
rnb4r/pp1p1ppp/2p1kq1n/4P3/1BP5/3P4/P3P1PP/RN1QKBNR w KQ - 1 8	0.974835
rnb4r/pp1p1ppp/2p3kn/8/2P5/2BP4/P3P1PP/RN1QKBNR w KQ - 2 10	0.974715
rnb1r3/pp1p1ppp/2p4n/7k/2P4N/2BP4/P3P1PP/RN1QKB1R w KQ - 6 12	0.979796
rnb1r3/pp3p1p/2p4B/3p4/2P4k/3P4/P3P1PP/RN1QKB1R w KQ - 0 14	0.980276
rn2r3/pp3p1p/2p4B/5b2/2P4k/2N5/P3P1PP/R2QKB1R w KQ - 1 16	0.981604
rn2r3/pp3p1p/2p2QbB/7k/2P5/2N5/P3P1PP/R3KB1R w KQ - 5 18	0.999724
rnbqkbnr/ppp1ppp1/8/7Q/2B1p3/N7/PPPP1PPP/R1B1K1NR b KQkq - 0 4	0.299317
rnbqkb2/ppp1ppp1/5n2/1N5r/2B1p3/8/PPPPNPPP/R1B1K2R b KQq - 3 6	0.297891
r2qkb2/ppp1ppp1/2n2n2/1N5r/2BPp1b1/8/PPP1NPPP/R1B2RK1 b q d3 0 8	0.287148
r2qk3/ppp2pp1/2n2n2/1N2p2r/1bBPp1b1/4B3/PPP1NPPP/3R1RK1 b q - 3 10	0.301700
r2R2k1/ppp2pp1/2n2n2/1N2P2r/1bB1p1b1/4B3/PPP1NPPP/5RK1 b - - 0 12	0.484084
3r2k1/ppp2pP1/8/1N2n2r/1bB1p1b1/4B3/PPP1NPPP/5RK1 b - - 0 14	0.386943
3r4/ppN2pk1/8/7r/1bnNp1b1/4B3/PPP2PPP/5RK1 b - - 0 16	0.370702
3r4/pp3pk1/8/1Nr5/1b1Np1b1/4B2P/PnP2PP1/5RK1 b - - 2 18	0.390703
3r4/1p3pk1/8/1pr2N2/1b2p1P1/4B3/PnP2PP1/5RK1 b - - 1 20	0.422059
3r4/1p3p2/6k1/1pb2N2/4p1P1/8/PnP2PP1/1R4K1 b - - 1 22	0.411229
3r4/1p3p2/6k1/1R3N2/4p1P1/8/P1P2bP1/3n1K2 b - - 1 24	0.412049
3r4/5pk1/1p6/1R3N2/4p1P1/8/P1P2bP1/3n1K2 b - - 3 26	0.408510
3r4/5p2/1p6/4kN2/1R2p1P1/8/P1P1KbP1/3n4 b - - 7 28	0.394269
3r4/4Np2/1p6/2b5/1R2pkP1/6P1/P1P1K3/3n4 b - - 0 30	0.380334
3r4/5p2/1p6/2b2N2/4pkP1/1R6/P1P1K3/3n4 b - - 3 32	0.356243
rn1qkbnr/pBp1pppp/8/8/1P1p4/8/P1PPPP2/RNBQK1NR b KQkq - 0 5	0.597648
q3kbnr/p1pnpppp/8/8/1P1p4/5N2/P1PPPP2/RNBQK2R b KQk - 1 7	0.607266
q3kb1r/p1pn1ppp/5n2/1P2p3/3p4/5N2/PBPPPP2/RN1QK2R b KQk - 0 9	0.599233
q4rk1/p1pn1ppp/5n2/1Pb1p3/3p4/N4N2/PBPPPP2/R2QKR2 b Q - 4 11	0.581590
4r1k1/p1pn1ppp/5n2/1Pb1p3/2Npq3/4PN2/PBPP1P2/R2QKR2 b Q - 0 13	0.590948
4r2k/p2n1ppp/2pN1n2/1Pb1p3/P2pq3/4PN2/1BPP1P2/R2QKR2 b Q - 2 15	0.490005
4r1k1/p2n1ppp/2pb1n2/1P2p3/P1Ppq3/4PN2/1B1P1P2/2RQKR2 b - c3 0 17	0.487199
4r2k/p4ppp/P1pb1n2/1Pn1p3/2Ppq3/4PN2/1B1P1P2/2RQKR2 b - - 0 19	0.396071
4r1k1/p4ppp/P1Pb1n2/4p3/2Ppq3/3nPN2/1B1PKP2/2RQ1R2 b - - 2 21	0.429754
4r1k1/p4ppp/P1Pb1n2/4p3/2P1q3/3pPN2/1B1P1P2/2Q1KR2 b - - 1 23	0.390198
4r1k1/p4ppp/P1qb1n2/4p3/2P5/1Q1pP3/1B1P1P2/4KR2 b - - 1 25	0.348117
4r1k1/Q4ppp/P2b1n2/4p3/2q5/3pP3/1B1P1P2/4KR2 b - - 0 27	0.350104
4r1k1/Q4ppp/P2b1n2/4p3/8/3pPPq1/1B1P1R2/4K3 b - - 2 29	0.342714
1r4k1/5ppp/P2Q4/3np3/8/3pPPq1/1B1P1R2/4K3 b - - 0 31	0.507810
rnbqkbnr/ppp1pppp/8/8/2p2P2/8/PP1PP1PP/RNBQKBNR w KQkq - 0 3	0.471993
r1bqkb1r/ppp1pppp/2n2n2/8/Q1p2P2/5N2/PP1PP1PP/RNB1KB1R w KQkq - 4 5	0.467989
2rqkb1r/ppp1pppp/2n1bn2/8/5P2/5N2/PPQPP1PP/RNB1KB1R w KQk - 3 7	0.464920
2rqkb1r/1pp1ppp1/p1n1bn1p/8/4PP2/2N2N2/PPQP2PP/R1B1KB1R w KQk - 0 9	0.483151
2rqkb1r/1pp1ppp1/p1n1bn1p/8/Q3PP2/2NB1N2/PP1P2PP/R1B1K2R w KQk - 4 11	0.494376
2rqk2r/1pp1ppb1/p1n1bnpp/8/4PP2/2NB1N2/PPQP2PP/R1B2RK1 w k - 2 13	0.494376
2rqk1r1/1pp1ppb1/p3bnpp/5PN1/3nP3/2NB4/PPQP2PP/R1B2RK1 w - - 3 15	0.514048
2rqkN1r/1pp1ppb1/p3bnpp/5P2/4P3/2NB4/PPnP2PP/R1B2RK1 w - - 2 17	0.334516
2r1k2r/1pp1ppbN/p3Pnpp/8/4P3/2Nq4/PP1P2PP/n1B2RK1 w - - 0 19	0.269349
2r1k2r/1pp1pp2/p3Pbpp/4P3/3q4/2N5/PP1P2PP/n1B2RK1 w - - 1 21	0.265800
2r1k2r/1pp1pp2/p3Pbpp/8/5q2/2N5/PP1PR1PP/n1B3K1 w - - 2 23	0.264166
2r1k2r/1pp1pp2/p3Pbpp/8/3q4/4N3/PPnPR1PP/2B3K1 w - - 6 25	0.260521
2r1k2r/1pp1pp2/p3Pbpp/8/8/3qP3/PP3RPP/2B3K1 w - - 1 27	0.259799
2r4r/1pp1pk2/p4bpp/8/1P6/4P3/P4RPP/1qB3K1 w - - 1 29	0.257387
2rr4/1pp1pk2/p4bpp/8/1q6/4P3/P5PP/2BR2K1 w - - 2 31	0.256200
rnbqkbnr/p1p1pppp/1p1p4/8/3PP3/5Q2/PPP2PPP/RNB1KBNR b KQkq - 1 3	0.517160
r1bqkb1r/p1p1pppp/1pnp1n2/8/3PP3/2N1BQ2/PPP2PPP/R3KBNR b KQkq - 5 5	0.501562
2rqkb1r/p1p1pppp/1pnpbn2/8/3PP3/2N1BQ2/PPP2PPP/1K1R1BNR b k - 9 7	0.505312
2rqkb1r/p1p1ppp1/1p1pbQ1p/3Pn3/4P3/2N1B3/PPP2PPP/1K1R1BNR b k - 0 9	0.430330
2rqkb1r/p1p3p1/1p1ppp1p/4n3/4P3/2N1B3/PPP1BPPP/1K1R2NR b k - 1 11	0.450656
2rq1rk1/p1p1b1p1/1p1ppp1p/4n3/4P3/2N1BN2/PPP1BPPP/1K1RR3 b - - 5 13	0.442308
2rq1rk1/p3b1p1/1p1pp2p/2p1p3/2B1P3/2N1B3/PPP2PPP/1K1RR3 b - - 1 15	0.442308
2r2rk1/p2q2p1/1p1ppb1p/2p1p3/P1B1P3/2N1B2P/1PP2PP1/1K1RR3 b - - 0 17	0.436426
2r1r1k1/3q2p1/1p1ppb1p/pNp1p3/P1B1P3/4B1PP/1PP2P2/1K1RR3 b - - 1 19	0.439947
4r1k1/5qp1/1prppb1p/pBp1p3/P3P3/2N1B1PP/1PP2P2/1K1RR3 b - - 5 21	0.471068
4r1k1/6p1/1pqppb1p/pNp1p3/P3P3/4B1PP/1PP2P2/1K1RR3 b - - 1 23	0.460947
4r1k1/6p1/1pq2b1p/p1ppp3/P7/2N1B1PP/1PP2P2/1K1RR3 b - - 1 25	0.388439
4r1k1/6p1/1pq2b1p/pNp1p3/P7/4R1PP/1PP2P2/1K1R4 b - - 0 27	0.359415
4r1k1/6p1/1p1N1b1p/p1p1p3/P7/6Pq/1PP1RP2/1K1R4 b - - 1 29	0.366629
3r2k1/6p1/1p1N1b1p/p1p1p3/P1P3q1/6P1/1P3P2/1K1RR3 b - - 0 31	0.335575
rnbqkbnr/pppp2p1/4p2p/3N1p2/3P4/5N2/PPP1PPPP/R1BQKB1R b KQkq - 1 4	0.452461
rnbqkb1r/pppp2p1/5n1p/3pNp2/3P1B2/8/PPP1PPPP/R2QKB1R b KQkq - 3 6	0.434094
r1bqk2r/pppp2p1/2n2nNp/3p1p2/1b1P1B2/2P5/PP2PPPP/R2QKB1R b KQkq - 0 8	0.493439
r1bqk2r/pppp2p1/2n4p/3p1p2/1P1P1N2/8/PP2PPPP/R2QKB1R b KQkq - 0 10	0.504375
r1bqk1r1/pppp2p1/6Np/3p1p2/1n1P4/4P3/PP3PPP/R2QKB1R b KQq - 0 12	0.504687
r1b1kr2/pppp2p1/7p/3pNpq1/1n1P4/4P3/PP3PPP/2RQKB1R b Kq - 4 14	0.499375
r1b1kr2/1p1p2p1/2p4p/p1RpNpq1/1n1P4/4P2P/PP3PP1/3QKB1R b Kq - 1 16	0.494688
r1b1kr2/1p4p1/2pp3p/2RpNpq1/pn1P3P/P3P3/1P3PP1/3QKB1R b Kq - 0 18	0.495938
r1bk1r2/1p2q1p1/2pp2Np/2Rp1p1Q/pn1P3P/P3P3/1P3PP1/4KB1R b K - 4 20	0.511554
r1bk1r2/1p3qp1/n1pp2Np/3p1p1Q/p2P3P/P2BP3/1P3PP1/2R1K2R b K - 8 22	0.534467
r4N2/1pk2qp1/n1ppb2p/3p1p1Q/p2P3P/P2BP3/1P3PP1/2R2RK1 b - - 0 24	0.523988
rk6/1p4N1/n1pp3p/3p1p1q/p2P3P/P2BP3/1P3PP1/2R2RK1 b - - 0 26	0.538137
rk6/1p6/n1pp1q1p/3p1N2/p2P4/P2BP3/1P3PP1/2R1R1K1 b - - 2 28	0.537832
rk6/1p6/2ppnq1p/3pPN2/p2P4/P2B4/1P3PP1/2R1R1K1 b - - 0 30	0.531396
rk6/1p6/2pNn2p/3pP1q1/p7/P2B4/1P3PP1/2R1R1K1 b - - 2 32	0.502187
rnb2knr/p2p1ppp/5q2/1p1P4/4p3/5N2/PP1P1PPP/RNBQKB1R w KQ - 2 9	0.365529
rnQ3nr/p2pkppp/5q2/1p1P4/8/5p2/PP1P1PPP/RNB1KB1R w KQ - 1 11	0.365529
rnQ4r/p2pkppp/7n/1p1Pq3/8/2N2p2/PP1P1PPP/R1BK1B1R w - - 5 13	0.439341
r5Q1/p2pkppp/2n5/1p1Pq3/6n1/2N2p2/PP1P1PPP/R1BK1B1R w - - 3 15	0.467236
6r1/p2pkppp/2P5/1p2q3/6n1/2N2p2/PP1P1PPP/R1BK1B1R w - - 1 17	0.266538
7r/p2pkppp/2P5/1p1q4/6n1/5p2/PP1P1PPP/R1BK1BR1 w - - 2 19	0.221685
7r/p2pkppp/2P5/1p1q4/8/5p2/PP1P2PP/R1B1KB1n w - - 0 21	0.078052
3r4/p3kppp/2p5/1p1q4/8/5P2/PP1PB2P/R1B1K2n w - - 2 23	0.074975
3r4/p3kppp/2p5/4q3/Pp6/3P1P2/1P2B2P/R1B1K2n w - - 0 25	0.075454
3r4/p3kppp/2p5/8/Pp3P2/3P1B2/1P3q1P/R1B1K2n w - - 3 27	0.000276
rnb1k1n1/pppp1ppr/3bp3/8/2PP2P1/8/PP2PP2/RNBQKBN1 w Qq - 0 7	0.624191
rnb1k1n1/pppp1pp1/3bp3/8/2PP2P1/2N2N2/PP2PP2/R1BQKB1r w Qq - 4 9	0.629298
rnb1k3/ppppbpp1/4pn2/2P5/3P1BP1/2N2N2/PP2PP2/R2QKB1r w Qq - 3 11	0.642285
r1b5/ppppbkp1/2n1pn2/2P5/3P1BP1/2N5/PP2PP2/R2QKB1r w Q - 0 13	0.558283
r7/pppbbkp1/2n1pn2/2Pp4/3PPBP1/2N2Q2/PP3P2/R3KB1r w Q - 2 15	0.647269
r7/pppbbkp1/4pn2/2PP4/5BP1/2N5/PPn2P2/R3KB1Q w Q - 1 17	0.615283
r7/ppp1bkp1/4bn2/2P5/5BP1/2N5/PP1K1P2/n4B1Q w - - 0 19	0.611060
8/pQp1bkp1/2P1bn2/8/5BP1/2N5/PP1K1P2/n4B1r w - - 1 21	0.625831
6k1/pQp1b1p1/2P1bn2/8/5BP1/2N5/PPnK1P2/5B1r w - - 5 23	0.611310
6k1/p1Q1b1p1/2P1bn2/8/5BP1/2N5/PPK2r2/8 w - - 0 25	0.596587
6k1/p1Q1b1p1/2P1bn2/8/6P1/2N5/PP6/1KB1r3 w - - 4 27	0.608538
1Q6/p1P1b1pk/4b3/8/6n1/2N5/PP6/1KB1r3 w - - 0 29	0.608538
2Q5/p3b1pk/8/8/8/2N1n3/PP6/1KB1r3 w - - 1 31	0.611310
6k1/p3b1p1/8/8/8/2N1n1Q1/PP6/1Kr5 w - - 0 33	0.647880
6k1/p5p1/1b6/4Q3/8/2N1n3/PP6/2K5 w - - 3 35	0.661732
rnbqkbnr/p1p1pppp/8/2p5/4P3/8/PP1P2PP/RNBQKBNR b KQkq - 0 5	0.474464
r1bqkb1r/p1p1pppp/2n2n2/2p5/4P3/2N2N2/PP1P2PP/R1BQKB1R b KQkq - 4 7	0.468604
r2qkb1r/p1p1pppp/4bn2/2p5/3nP3/2N2N2/PP1PB1PP/R1BQ1RK1 b kq - 8 9	0.485018
2rqkb1r/p3pppp/2p1bn2/2p1N3/3nP3/2NP4/PP2B1PP/R1BQ1RK1 b k - 0 11	0.489069
2rqkb1r/4pNp1/p1p1bn1p/2p5/3nP3/2NPB3/PP2B1PP/R2Q1RK1 b k - 0 13	0.427458
2rqkb1r/5bp1/p1p1pn1p/2p5/3nP1B1/2NPB3/PP4PP/2RQ1RK1 b k - 1 15	0.418131
2rq1rk1/5bp1/p1pbpn1p/2p5/3nP1B1/P1NPB3/1P4PP/2RQ1R1K b - - 0 17	0.399454
2r2rk1/2q2bp1/p1p1pn1p/2p1B3/3nP1B1/P1NP4/1P4PP/2RQ1R1K b - - 0 19	0.401294
3r1rk1/5bp1/p1p1pn1p/2p1q3/3nP3/P1NP1B2/1P3RPP/2RQ3K b - - 3 21	0.394012
3r1rk1/5Bp1/p1p1pn1p/2p5/3nP3/P1NP4/1P3qPP/2RQ3K b - - 0 23	0.294032
3r2k1/5rp1/p1p1p2p/2pNP3/3n4/P2P4/1P3qPP/2RQ3K b - - 0 25	0.294334
6k1/5rp1/p1p1p2p/2prP3/3n4/P2P4/1q4PP/3RQ2K b - - 1 27	0.281635
6k1/5rp1/p1p1p2p/2prPn2/8/q2P1Q2/6PP/3R3K b - - 3 29	0.280114
4Q1k1/5rp1/p3p2p/2p2n2/8/q2P4/4r1PP/3R3K b - - 2 31	0.283460
5rk1/6p1/p3p1Qp/2p5/3n4/q2P3P/4r1P1/3R3K b - - 0 33	0.279276
rnbqkb1r/ppp2pp1/3p1n2/4N2p/Q6P/2P5/PP1PPPP1/RNB1KB1R b KQkq - 1 5	0.514359
rn1qkb1r/pp3pp1/2pp1n2/5b1p/Q2P3P/2P2N2/PP2PPP1/RNB1KB1R b KQkq - 0 7	0.522749
rn1qk2r/pp3pp1/2pb1n2/3pNb1p/Q2P1B1P/2P5/PP2PPP1/RN2KB1R b KQkq - 3 9	0.504999
rn1q1rk1/1p3pp1/2pb1n2/p2pNb1p/Q2P1B1P/2P5/PP1NPPP1/3RKB1R b K - 1 11	0.515605
rn1qr1k1/1p3Np1/2pb4/p2p1b1p/Q2PnB1P/2P2N2/PP2PPP1/3RKB1R b K - 0 13	0.464614
rn1qr1k1/1p4p1/2pb4/p2pBb1p/Q2Pn2P/2P1PN2/PP3PP1/3RKB1R b K - 0 15	0.441717
r2qr1k1/1p1n2p1/2pn4/p2p1b1p/Q2P3P/2P1PN2/PP2BPP1/3RK2R b K - 1 17	0.446765
r2qr1k1/1p4p1/2p2n2/p2pNb1p/Q2Pn2P/2P1P3/PP2BPP1/3R1RK1 b - - 5 19	0.459120
2rqr1k1/1p3Np1/2p2n2/p2p1b1p/3P3P/2P1P1n1/PPQ1BPP1/3R1RK1 b - - 9 21	0.296607
2rNr1k1/1p4p1/2p2n2/p2p3p/3P3P/2P1P3/PPb1nPP1/3R1R1K b - - 1 23	0.294435
4r1k1/1p4p1/2r2n2/p2p3p/3P3P/2P1P3/PP2nPP1/3R3K b - - 0 25	0.291777
4r1k1/1p4p1/2r5/3p3p/p2Pn2P/P1P1P3/1P2nPP1/5R1K b - - 0 27	0.288547
4r3/1p4pk/8/3p3p/p1rPn2P/P1P1P3/1P2nPPK/4R3 b - - 4 29	0.303584
4r3/1p4pk/3n4/3p3p/p1rP3P/P1P1PP2/6PK/4R3 b - - 0 31	0.293732
4r3/1p4pk/3n4/7p/p2PP2P/P1r5/6PK/4R3 b - - 0 33	0.291207
rnbq2Br/ppppk1bp/8/4p3/8/4PP2/PPPP2PP/RNBQK1NR b KQ - 0 6	0.836304
r1bq2r1/ppppk1bp/2n5/3Np3/8/4PP2/PPPP2PP/R1BQK1NR b KQ - 3 8	0.828223
r1bqkr2/pppp2bp/2n5/3Np3/8/4PP2/PPPPN1PP/R1BQ1RK1 b - - 7 10	0.836304
r2qkr2/ppp3bp/2np4/3Npb2/3PP3/5P2/PPP1N1PP/R1BQ1RK1 b - - 0 12	0.831869
r2qkr2/ppp3bp/2np4/3Pp3/3P4/4BP2/PPP1N1PP/R2Q1RK1 b - - 0 14	0.840405
r2qkr2/ppp3bp/8/2BPp3/1n6/5P2/PPP1N1PP/R2Q1RK1 b - - 1 16	0.844720
r2q1k2/ppp3bp/8/3np3/8/3Q1P2/PPP1N1PP/R4RK1 b - - 1 18	0.848969
r2q2k1/ppp3bp/4Q3/4p3/8/4nP2/PPP1N1PP/R4RK1 b - - 5 20	0.837403
r6k/ppp3bp/4Q3/4p3/7q/2N1nP2/PPP3PP/R1R3K1 b - - 9 22	0.826528
3r3k/ppp3bp/4Q3/4p3/4Nq2/2P1nP2/PP4PP/R1R3K1 b - - 0 24	0.828223
3r3k/p4Nbp/2p1Q3/1p2p3/5q2/2P1nP2/PP4PP/R1R3K1 b - - 1 26	0.947011
4Q2k/p5bp/2p5/1p2p3/8/2P1nP2/PP1r2PP/R1R3K1 b - - 2 28	0.999724
r1bqk1nr/pp1n1ppp/4p3/8/4P3/8/PPPN1KPP/R1B2BNR b kq - 0 6	0.074024
r1bq1rk1/pp1n1ppp/4pn2/8/2B1P3/5N2/PPPN1KPP/R1B4R b - - 4 8	0.071383
r2q1rk1/pp1b1ppp/4pn2/2n5/2B1P3/5N2/PPPN2PP/R1B1R1K1 b - - 8 10	0.082258
r4rk1/ppqb1ppp/4p3/2nnP3/2B1N3/5N2/PPP3PP/R1B1R1K1 b - - 2 12	0.091399
3r1rk1/ppqb1ppp/4p3/3nP1B1/2B1R3/5N2/PPP3PP/R5K1 b - - 0 14	0.078052
3r1rk1/pp1b1ppp/4p3/3nP1B1/2BNR3/8/PqP3PP/5RK1 b - - 1 16	0.081573
3r1rk1/pp1b1ppp/1q2p3/4P3/2BN4/2n1B3/P1P3PP/4RRK1 b - - 5 18	0.058948
3r1Nk1/pp1b1ppp/8/4P3/2q5/2n1B3/P1P3PP/4RRK1 b - - 0 20	0.059470
5rk1/1p1b1ppp/8/2B1P3/8/2n5/q1P3PP/4RRK1 b - - 1 22	0.050667
2r3k1/1p3ppp/4b3/2B1R3/8/2n5/q1P3PP/5RK1 b - - 1 24	0.036976
2r3k1/1p3ppp/4b3/2B1R3/8/2nq4/6PP/4R2K b - - 3 26	0.035137
2r3k1/1p3ppp/4b3/4R3/4n3/2q1B3/6PP/1R5K b - - 7 28	0.013266
2r3k1/5ppp/4b3/8/4n3/4B3/6PP/qR5K b - - 2 30	0.000276
rnb1k1nr/ppp2ppp/8/3p4/3b2PR/NP6/P1P1PP2/R1B1KBN1 b Qkq - 0 7	0.355201
r1b1k1nr/ppp2ppp/2n5/3p4/6PR/NP2BN2/P1P1PP2/b3KB2 b kq - 3 9	0.341773
r1b1k1nr/ppp2ppp/2n5/3p4/6PR/NP6/P1PNPP2/4KB2 b kq - 0 11	0.340284
r1bk3r/ppp2ppp/2n2n2/1N1p2P1/7R/1P6/P1PNPP2/4KB2 b - - 0 13	0.353755
r1bk3r/1pp2ppp/p1n5/3p2P1/6nR/1PN5/P1PNPPB1/4K3 b - - 1 15	0.358350
r1bk3r/1Bp2ppp/p7/6P1/6nR/1Pp5/P1PNPP2/4K3 b - - 0 17	0.329046
r2k3r/1bp2ppp/p7/6P1/6R1/1P6/P1PKPP2/8 b - - 0 19	0.324656
r1k1r3/1bp2ppp/p7/6P1/3R4/1P1K4/P1P1PP2/8 b - - 4 21	0.321383
r3r3/1kp2ppp/p1b5/6P1/1P1RP3/3K4/P1P2P2/8 b - - 0 23	0.315765
r3r3/1kp2ppp/2b5/6P1/1R2P3/4K3/P1P2P2/8 b - - 0 25	0.314772
2k1r3/2p2ppp/2b5/6P1/2R1P3/r1P1K3/P4P2/8 b - - 0 27	0.296186
4r3/k1p2ppp/2b5/6P1/2R1P3/r1P1K3/P4P2/8 b - - 4 29	0.300439
8/k1p2ppp/2b1r3/6P1/3RP3/2P2K2/r4P2/8 b - - 1 31	0.291301
8/k1p2pp1/2b2r1P/8/3RP3/2P1K3/r4P2/8 b - - 2 33	0.300213
8/k1p2p2/2b2r1p/8/3RPP2/2PK4/2r5/8 b - - 2 35	0.300100
rnb1k1nr/1pp2ppp/p2b4/3P4/5B2/8/PPP2PPP/RN2KBNR w KQkq - 0 7	0.537527
rnb2rk1/1pp2ppp/p2b1n2/3P4/5B2/2N5/PPP1NPPP/R3KB1R w KQ - 4 9	0.528007
r4rk1/1ppn1ppp/p2b1n2/3P1b2/5B2/2N5/PPP1NPPP/1K1R1B1R w - - 8 11	0.518093
r4rk1/1pp2ppp/p2b1n2/3Pn3/3NbB2/2N4P/PPP2PP1/1K1R1B1R w - - 3 13	0.583539
3r1rk1/1pp2ppp/p2b4/3Pn3/3Nn3/4B2P/PPP2PP1/1K1R1B1R w - - 2 15	0.527698
3rr1k1/1p3ppp/p1pb4/3PnN2/4n3/4B2P/PPP1BPP1/1K1R3R w - - 0 17	0.544218
3rr2k/5ppp/pBpb4/1p1PnN2/4n3/7P/PPP1BPP1/1K1RR3 w - - 2 19	0.613057
3Br1k1/5ppp/p1pb4/1B1PnN2/8/7P/PPP2nP1/1K1RR3 w - - 0 21	0.672930
4rBk1/5ppp/p1pb4/1B1PnN2/8/7P/PPP2nP1/1K1RR3 w - - 4 23	0.688402
4r1k1/5ppp/2PB4/1p2nN2/8/7P/PPP3P1/1K1nR3 w - - 0 25	0.688806
6k1/5ppp/2P5/1p2BN2/8/7P/PPP2nP1/1K6 w - - 1 27	0.738789
2Q5/5kpp/5p2/1p2BN2/8/7P/PPP2nP1/1K6 w - - 1 29	0.741417
8/6pp/4Qpk1/1p2BN2/4n3/7P/PPP3P1/1K6 w - - 5 31	0.738789
8/6pp/4Qpk1/1p3N2/2nB4/7P/PPP3P1/2K5 w - - 9 33	0.739658
8/6pp/4Qpk1/1p3N2/2nB4/7P/PPP3P1/K7 w - - 13 35	0.738141
rnbk1bnr/pBp3p1/7p/4pp2/8/6P1/PPPN1P1P/1RBQK1NR b K - 0 8	0.671452
rn1k1b1r/pbp3p1/5n1p/4pp2/2N5/5NP1/PPP2P1P/1RBQK2R b K - 3 10	0.685087
rnk4r/pbp3p1/5n1p/2b1Np2/8/5NP1/PPP2P1P/1RBQ1RK1 b - - 2 12	0.684804
r1kr4/pbp3p1/2n2nNp/2b2p2/8/5NP1/PPPB1P1P/1R1Q1RK1 b - - 6 14	0.675976
rk1r4/pbp3p1/5nNp/2b2p2/3N4/6P1/PPPBQP1P/1R3RK1 b - - 0 16	0.675185
rk6/p1p3p1/5nNp/2b2p2/3rbB2/6P1/PPP1QP1P/3R1RK1 b - - 3 18	0.674706
r1k5/p1p3p1/6Np/2Q2p2/3rbBn1/6P1/PPP2P1P/3R1RK1 b - - 0 20	0.732596
r1k2Q2/p1p3p1/6Np/5p2/3rbBn1/6P1/PPP2P1P/3R1RK1 b - - 4 22	0.729306
r6Q/pkp5/6Np/5p2/2r1bBn1/6P1/PPP2P1P/3R1RK1 b - - 2 24	0.642917
8/pkp5/6Np/5p2/4bBn1/6P1/PPr2P1P/3R1RK1 b - - 1 26	0.655575
8/pkpR4/6Np/5p2/4bBn1/6P1/P1r2P1P/1R4K1 b - - 3 28	0.636252
3R4/p1p5/k5Np/5p2/4bBn1/6P1/P4r1P/R5K1 b - - 1 30	0.616020
3R4/p1p5/k5Np/5p2/4bB2/6P1/P5rn/R3K3 b - - 1 32	0.446765
3R4/p1p5/k5Np/5p2/4bB2/5nP1/P4K2/R5r1 b - - 5 34	0.446168
3R4/p1p5/k5Np/5p2/P3bB2/4KnP1/r7/8 b - - 2 36	0.439064
rn2kbnr/pppq1ppp/3p4/3Pp3/4P3/8/PPPB1PPP/RN1K1BNR w kq e6 0 6	0.349904
rn2k2r/pppqbppp/3p1n2/3Pp3/4P3/2N2N2/PPPB1PPP/R2K1B1R w kq - 4 8	0.359629
r4rk1/pppqbppp/n2p1n2/3Pp3/2B1P3/2N2N2/PPPB1PPP/R1K4R w - - 8 10	0.356453
3r1rk1/pppqbppp/3p1n2/2nPp3/2B1P3/2N2N2/PPPB1PPP/RK2R3 w - - 12 12	0.362218
3rr1k1/pp1qbppp/2pp1n2/2nPp3/P1B1P3/2N2N1P/1PPB1PP1/RK2R3 w - - 1 14	0.357293
3rr1k1/p2qbppp/p2p1n2/P1npp3/4P3/2N2N1P/1PPB1PP1/RK2R3 w - - 0 16	0.300213
3rr1k1/p3bppp/p2p1n2/P2Ppq2/8/1nN1BN1P/1PP2PP1/RK2R3 w - - 3 18	0.301354
3rr1k1/p3bppp/p2p1n2/P2PpqN1/R7/1nN1B2P/1PP2PP1/1K2R3 w - - 7 20	0.302871
3rr1k1/p3bppp/p2p4/P2P1q2/4n3/1nN1BN1P/1PP2PP1/1K2R3 w - - 0 22	0.270793
3rr1k1/B3bppp/p2p4/P2P4/4q3/5N1P/1PPn1PP1/1K2R3 w - - 1 24	0.276263
3rr1k1/B3bppp/p2p4/P7/8/7P/1PPN1Pq1/2K1R3 w - - 0 26	0.276513
4r1k1/5ppp/pB1p1b2/P7/8/7P/1PPN1Pq1/2K5 w - - 0 28	0.269630
4r1k1/5ppp/pB1p1b2/P7/2q5/7P/1PPK1P2/8 w - - 0 30	0.260624
4r1k1/5ppp/p2p1b2/P2q4/8/2P1B2P/1P1K1P2/8 w - - 3 32	0.260166
4r1k1/5ppp/p2p1b2/5q2/8/2P1B2P/1PK2P2/8 w - - 2 34	0.257497
rnb1kbnr/pp1p1p1p/2p5/8/8/2P4B/PP2PP1P/RN1K3R b kq - 0 8	0.084341
rnb1k2r/pp1p1p1p/2p2n2/2b5/8/2P4B/PP1NPP1P/R3K2R b kq - 4 10	0.085221
rnb1r1k1/pp1p1p1p/2p2n2/2b2B2/8/2P5/PP1NPP1P/R3K1R1 b - - 8 12	0.093092
rnb1r2k/pp1p1p1p/2p5/2b2B2/2N1n3/2P5/PP2PPRP/R3K3 b - - 12 14	0.080554
rnb4k/pp3p1p/2p5/2bp4/4r3/2P5/PP1NPPRP/R3K3 b - - 1 16	0.079881
rn5k/pp3p1p/2p5/2bp4/1P3r2/2P1P2b/P2N1PRP/R3K3 b - - 0 18	0.071843
rn5k/pp3p1p/2pb4/3p1P2/1P6/2P5/P2N1PbP/R3K3 b - - 0 20	0.064070
r6k/pp1n1p1p/2pb4/3p1P2/1P6/2P2P1b/P2N1K1P/R7 b - - 2 22	0.050667
r6k/pp1nRp1p/2p5/3p1b2/1P6/2P2P2/P2N1K1b/8 b - - 1 24	0.049651
r6k/pp1n3p/2p5/3p1R2/1P6/2P2P2/P2b1K2/8 b - - 0 26	0.050213
r7/pp1n3p/2p3k1/3p1R2/1PP5/5P2/P2bK3/8 b - - 2 28	0.031339
r7/pp1n3p/2p5/5k2/1Pp5/2K2P2/P7/8 b - - 1 30	0.030043
3r4/pp5p/2p5/4nk2/1Pp5/4KP2/P7/8 b - - 5 32	0.022181
8/pp5p/2p5/4nk2/PP6/2pr1P2/4K3/8 b - - 0 34	0.009823
8/pp5p/2p5/P3n3/1P3k2/3r4/2p1K3/8 b - - 0 36	0.002876
rnbqk2r/pp3ppp/7n/3p4/3Q1P2/8/P1P3PP/RNB1KBNR w KQkq - 0 8	0.351591
rnb1k2r/pp2qpQp/7n/3p4/5P2/6P1/P1P4P/RNB1KBNR w KQkq - 1 10	0.366265
r1b1kq1r/pp3p1p/2n2Q1n/3p4/5P2/6P1/P1P1B2P/RNB1K1NR w KQkq - 5 12	0.376994
r3kq1r/pp3p1p/2n1bQ2/3p4/5Pn1/2N2NP1/P1P1B2P/R1B1K2R w KQkq - 9 14	0.341219
r3k2r/pp3p1p/2n1b3/3p2Q1/5Pn1/2N2NP1/PBP1Bq1P/R3K2R w KQkq - 13 16	0.309464
3rk2r/pp3p1p/2n1b3/3p2Q1/5P2/2N1nNP1/PBP1Bq1P/R1K4R w k - 17 18	0.334648
3r1r1k/pp3p1p/2n1b3/3p4/5P2/2N1nNP1/PBP1Bq1P/R1K4R w - - 0 20	0.312110
3r1r1k/pp5p/4p3/3p4/3n1P2/2N1n1P1/PBP1Bq1P/R1K4R w - - 0 22	0.080217
3r1r1k/pp5p/4p3/3p4/3n1P2/6P1/PB2Bq1P/R1K4R w - - 0 24	0.067497
2r2r1k/pp5p/4p3/3p4/3q1P2/6P1/P3B2P/1RK4R w - - 2 26	0.000276
r2qkbnr/pp2pppp/2nQ4/8/6b1/8/PPP1PP1P/RNB1KBNR b KQkq - 0 5	0.035465
r3kb1r/pp2pppp/2nq1n2/8/6b1/2N5/PPP1PPBP/R1B1K1NR b KQkq - 3 7	0.032764
3rkb1r/pp2pppp/2nqbn2/8/8/2N2N2/PPP1PPBP/R1B2RK1 b k - 7 9	0.040271
3rkb1r/ppq1ppp1/2n1bn1p/8/8/2N1BN2/PPP1PPBP/3R1RK1 b k - 3 11	0.048984
3rkbr1/ppq1pppN/2n1b2p/3n4/8/2N1B3/PPP1PPBP/3R1RK1 b - - 7 13	0.039902
3rk2r/ppq1pppN/2n1b2p/8/8/2n1B3/PPP1PPBP/3R1RK1 b - - 1 15	0.012212
3rk2r/Bp2pppN/2q1b2p/8/8/8/PPP1PP1P/3n1RK1 b - - 0 17	0.005426
3rk3/1p2pppr/1B2b2p/8/8/1P6/P1q1PP1P/3n1RK1 b - - 1 19	0.002610
4k3/1p2pppr/1B2b2p/8/8/1P6/P1q1RP1P/3n2K1 b - - 0 21	0.004257
4k3/1p2pppr/4b2p/8/8/1Pn1B3/P3qP1P/6K1 b - - 3 23	0.003045
4k3/1p2pppr/4b2p/8/8/1Pn1B2P/5P1K/1q6 b - - 2 25	0.002428
4k3/1p2pppr/7p/8/8/1bBq3P/5P1K/8 b - - 0 27	0.002416
4k3/1p2pppr/7p/4q3/7P/1b6/5PK1/8 b - - 2 29	0.002005
4k3/1p2pppr/7p/3b1q2/7P/6K1/5P2/8 b - - 6 31	0.000276
rnb2b1r/1ppk1ppp/p4n2/3p4/8/3PPQ2/PPP3PP/RNB1KBNR w KQ - 0 7	0.950237
rnb4r/1pp2ppp/p1kb1n2/3p4/3P4/2N1PQ2/PPP3PP/R1B1KBNR w KQ - 1 9	0.947129
rn2r3/1pp2ppp/p1kbbn2/3p4/3P4/2NBPQ2/PPP1N1PP/R1B1K2R w KQ - 5 11	0.949900
3rr3/1ppn1ppp/p1kbbn2/3p4/3P1N2/2NBPQ2/PPP3PP/R1B2RK1 w - - 9 13	0.955867
3rr3/1ppn1ppp/p1kbbn2/3p4/3P1N2/2NBPQ2/PPPB2PP/3R1RK1 w - - 13 15	0.961185
3rr3/1ppn1ppp/p1kbbn2/P2p4/3P1N2/2NBPQ2/1PPB2PP/3R1RK1 w - - 1 17	0.963109
3rr3/1ppn1pp1/p1kb1n1p/P2p4/1P1P1Nb1/2NBPQ2/2PB2PP/3RR1K1 w - - 1 19	0.999724
3rr3/1ppn1pp1/2kb1nNp/Pp1p4/3P4/2NBPb2/2PB2PP/3RR1K1 w - - 0 21	0.999724
rnb1k1nr/ppp2ppp/4p3/1q1p4/1bP1PP2/7P/PP1P2P1/RNBQKBNR w KQkq - 1 6	0.933229
rnb1k2r/ppp2ppp/4pn2/1P6/1b2pP2/2N4P/PP1P2P1/R1BQKBNR w KQkq - 2 8	0.936901
r1b2rk1/pppn1ppp/4pn2/1P6/1bB1pP2/2N4P/PP1PN1P1/R1BQK2R w KQ - 6 10	0.931030
r1b2rk1/ppp2ppp/1n2pn2/1Pb5/2B1pP2/2N4P/PP1PN1P1/R1BQ1R1K w - - 10 12	0.928157
r1b2r1k/ppp2ppp/4pn2/1Pbn4/4pP2/1BN3NP/PP1P2P1/R1BQ1R1K w - - 14 14	0.945330
r4r1k/pppb1ppp/4pn2/1P1n4/3bNP2/1B1P2NP/PP4P1/R1BQ1R1K w - - 1 16	0.944964
r4r1k/pppb1ppp/5n2/1P2p3/3b1P2/1B1P3P/PP2N1P1/R1BQ1R1K w - - 0 18	0.945694
4rr1k/pppb1ppp/5n2/1P6/P2p1P2/1B1P3P/1P4P1/R1BQ1R1K w - - 1 20	0.945452
4rrk1/ppp2ppp/5n2/1P3b2/P2p1P2/1B1P1Q1P/1P1B2P1/R4R1K w - - 5 22	0.957255
5rk1/pp3ppp/2p2n2/1P2rb2/P2p1P2/1B1P1Q1P/1P1B2P1/5R1K w - - 0 24	0.974534
5rk1/pp3ppp/2p5/1P1nP3/P2p4/1B1Q3P/1P1B2P1/5R1K w - - 1 26	0.984428
3r2k1/pp3ppp/8/1P1pP3/P2Q4/7P/1P1B2P1/5R1K w - - 1 28	0.984008
5rk1/1Q3ppp/8/1P2P3/P2p4/7P/1P1B2P1/5R1K w - - 1 30	0.993223
3r3k/5Qpp/8/1P2P3/PB1p4/7P/1P4P1/5R1K w - - 1 32	0.999724
rn2kbnr/pppbp3/8/3B1ppp/P7/8/1PPP1PPP/RNBQK1NR b KQkq - 0 7	0.713618
r3kb1r/pppbp3/2n2n2/3B1ppp/P7/2N2N2/1PPP1PPP/R1BQK2R b KQkq - 4 9	0.710826
r3kbr1/pppb4/2n1Bn2/5ppp/P7/2N2N2/1PPPQPPP/R1B1K2R b KQq - 0 11	0.724954
r3k1r1/ppp1b3/2n2n2/5Qpp/P7/2N2N2/1PPP1PPP/R1B1K2R b KQq - 0 13	0.724474
3rk1r1/ppp1b3/2n2n2/5QNp/P5p1/2N5/1PPP1PPP/R1B2RK1 b - - 3 15	0.717005
3rk1r1/ppp1b3/5n2/4Q1Np/P5p1/2N5/1PnP1PPP/1RB2RK1 b - - 1 17	0.714782
3Nk3/ppp1br2/5n2/4Q2p/P5p1/2N5/1PnP1PPP/1RB2RK1 b - - 0 19	0.729356
3k4/ppp2r2/3bQn2/3N3p/P5p1/8/1PnP1PPP/1RB2RK1 b - - 3 21	0.733256
3k4/ppp2Q2/3b4/7p/P2P1np1/8/1Pn2PPP/1RB2RK1 b - - 0 23	0.732300
3k4/ppp5/3b4/7Q/P2n2p1/8/1Pn2PPP/1RB2R1K b - - 0 25	0.736005
8/ppp5/2kb4/8/P2n1BQ1/8/1Pn2PPP/1R3R1K b - - 2 27	0.737729
8/1pp5/2k5/p7/P2n1Q2/8/1Pn2PPP/1R1R3K b - - 1 29	0.740344
8/1p6/1Q6/p7/Pk1n4/8/1Pn2PPP/1R1R3K b - - 2 31	0.742685
8/1Q6/8/p2k4/P2n4/1P6/2n2PPP/1R1R3K b - - 0 33	0.744127
8/8/5k2/Q7/P2n4/1P6/2n2PPP/1R1R3K b - - 0 35	0.745036
rn2kbnr/ppp1p1pp/8/5p2/6Q1/3P4/PP1P1PPP/RNB1K1NR w KQkq - 0 6	0.712593
r3kb1r/ppp1p1pp/2n2n2/5Q2/8/3P1N2/PP1P1PPP/RNB1K2R w KQkq - 3 8	0.714287
3rkb1r/ppp1p1pp/5n2/5Q2/3n4/2NP1N2/PP1P1PPP/R1B2RK1 w k - 7 10	0.717389
2Q2b1r/ppp1pkpp/5n2/8/3r4/2NP4/PP1P1PPP/R1B2RK1 w - - 2 12	0.724775
5b1r/1Q2pkpp/5n2/p7/8/2Nr4/PP1P1PPP/R1B2RK1 w - - 0 14	0.727660
2Q2b1r/3n1kpp/4p3/p7/8/2Nr4/PP1P1PPP/R1B1R1K1 w - - 2 16	0.726790
2Q4r/5kpp/3bp3/p1n1R3/P7/2Nr4/1P1P1PPP/R1B3K1 w - - 3 18	0.723361
8/5kpQ/4p3/p1n5/P4b2/2Nr4/1P1P1PPP/R1B3K1 w - - 1 20	0.738706
8/5k2/4p1p1/p1Q5/P7/2Nr4/1P1b1PPP/R1B3K1 w - - 0 22	0.740007
6k1/8/4p1p1/Q7/P7/2br4/1P3PPP/R1B3K1 w - - 0 24	0.737116
8/1Q4bk/4p1p1/8/P7/3r4/1P3PPP/R1B3K1 w - - 4 26	0.730511
6k1/1Q6/4p1p1/P7/3b4/3rB3/1P3PPP/R5K1 w - - 1 28	0.743405
8/3Q4/4pkp1/P7/3b4/3rB3/1P3PPP/R5K1 w - - 5 30	0.744452
8/8/6p1/PQ2pk2/3B4/3r4/1P3PPP/R5K1 w - - 0 32	0.748582
8/8/6p1/P5k1/3BQ3/3r4/1P3PPP/R5K1 w - - 3 34	0.748575
r1bqkb1r/ppp1pppp/3p1n2/5P2/3n4/B7/P1PNP1PP/R2QKBNR w KQkq - 0 7	0.149193
r2qkb1r/pp1bpppp/3p1n2/5P2/3nP3/8/P1PN2PP/R2QKBNR w KQkq - 1 9	0.106243
3rkb1r/pp1bpppp/1q1p1n2/5P2/2BnP3/5N2/P1PN2PP/R2QK2R w KQk - 5 11	0.115293
3rkb1r/pp1bpppp/3p1n2/5P2/4P3/3Bq3/P1PN2PP/R2QK2R w KQk - 2 13	0.101714
3rkb1r/pp1b1ppp/3p1n2/4pP2/4Pq2/3B4/P1PNQ1PP/2KR3R w k e6 0 15	0.111783
3rk2r/pp1b1ppp/3b1n2/3ppP2/4Pq2/3B4/P1PNQ1PP/1K1RR3 w k - 2 17	0.113091
3rk2r/p2b1ppp/Q4n2/2bppP2/4Pq2/8/P1PN2PP/1K1RR3 w k - 1 19	0.060926
1r3rk1/p2b1ppp/5n2/2bppP2/4Pq2/3Q4/P1PN2PP/K2RR3 w - - 5 21	0.046291
1r3rk1/p2b1ppp/5n2/3ppP2/3bP3/2P3q1/P2N2PP/K2RR3 w - - 0 23	0.003281
rnbqkbnr/pp1pp1pp/8/5p2/8/4P3/PPP1N1PP/RNBQKB1R w KQkq - 0 5	0.471068
r1bqkb1r/pp1pp1pp/2n2n2/5p2/5N2/2N1P3/PPP3PP/R1BQKB1R w KQkq - 4 7	0.473537
r1bqkb1r/pp4pp/2n1pn2/3p1p2/2B2N2/2N1P3/PPP3PP/R1BQ1RK1 w kq - 0 9	0.474155
r1bq1rk1/pp4pp/2nbpn2/3p1p2/5N2/2NBP3/PPPB2PP/R2Q1RK1 w - - 4 11	0.456085
2rq1rk1/pp1b2pp/2nbpn2/3p1p2/5N2/P1NBP3/1PPB2PP/2RQ1RK1 w - - 1 13	0.448558
2rq1r2/pp1b1kpp/3bpnN1/3pnp2/8/P1NBP3/1PPB2PP/2RQR1K1 w - - 5 15	0.510619
2rq1k2/p2b2pp/p2bpn2/3pnp2/8/P1N1P3/1PPB2PP/2RQR1K1 w - - 0 17	0.410956
3q2k1/p2b2pp/p2bpn2/3pnp2/2r5/P1N1P3/1PPBQ1PP/3RR1K1 w - - 4 19	0.409866
3q2k1/p5pp/p1bbpn2/3p1p2/2r5/P1NnP1Q1/1PPB2PP/3RR1K1 w - - 8 21	0.365738
3q2k1/p5pp/p1b1pn2/3p1p2/2P5/P1N1P3/1P1B2PP/3Rb1K1 w - - 0 23	0.358775
6k1/p5pp/p1b1pn2/2qp1p2/2P5/P1N1P1B1/1P4PP/3R2K1 w - - 3 25	0.356872
6k1/p5pp/p3p3/2qb1p2/8/P3P1B1/1P4PP/3R2K1 w - - 0 27	0.356872
6k1/p5pp/p3p3/3R1p2/5B2/P3P3/1P4PP/2q3K1 w - - 1 29	0.333816
6k1/p5pp/p7/3p1p2/5B2/P3P1K1/1q4PP/8 w - - 0 31	0.316051
6k1/p5pp/p7/2Bp1p2/6q1/P3P1K1/6PP/8 w - - 4 33	0.316194
r1b1kbnr/p1p1pppp/p7/8/3q4/8/PPP1KPPP/RNBQ2NR w kq - 0 6	0.936208
r3kb1r/p1p1pppp/p4n2/5b2/3Q1B2/8/PPP1KPPP/RN4NR w kq - 3 8	0.941182
3rkb1r/p1pbpppp/p4n2/8/Q4B2/5N2/PPP1KPPP/RN5R w k - 7 10	0.945573
3rkb1r/p1pbpppp/Q7/4B3/1n6/5N2/PPP1KPPP/RN5R w k - 3 12	0.957060
3rkb1r/p1pbpppp/8/4n3/2Q5/2N2N2/PPP1KPPP/R6R w k - 0 14	0.961185
rnbqkbnr/3p1ppp/1p5B/p1p5/4P1P1/8/PPPQPP1P/RN2KBNR b KQkq - 0 6	0.676315
r1bqkb1r/3p1ppp/1pn4n/p1p5/4P1P1/5N1B/PPPQPP1P/RN2K2R b KQkq - 3 8	0.673472
r2qk2r/1b1pbppp/1pn4n/p1p5/4P1P1/2N2N1B/PPPQPP1P/R4RK1 b kq - 7 10	0.681774
r2q1rk1/1b1p1ppp/1pnb3n/p1pN4/4P1P1/5N1B/PPPQPP1P/3R1RK1 b - - 11 12	0.682932
2rq1rk1/1b1p1ppp/1pnb3P/p2N4/2p1P3/5N1B/PPPQPP1P/3R1RK1 b - - 0 14	0.789967
2rq1r2/1b1p1pkp/1pnb4/p2N4/2p1P3/2Q2N1B/PPP1PP1P/3R1RK1 b - - 1 16	0.835753
2rq1r1k/1b1p1p1p/1pnR1N2/p7/2p1P3/2Q2N1B/PPP1PP1P/5RK1 b - - 0 18	0.930433
2r2r2/1b1p1pkp/1pn2R2/p7/2Q1P3/5N1B/PPP1PP1P/5RK1 b - - 0 20	0.934092
2r3r1/1b1B1p1p/1pn2k2/p7/2Q1P3/5N2/PPP1PP1P/5R1K b - - 2 22	0.928770
6r1/1b1B1p1p/1p3k2/p1r1N3/3QP3/8/PPP1PP1P/5R1K b - - 0 24	0.963449
6r1/5p1p/1pN2k2/p7/3QP3/8/PPr1PP1P/5R1K b - - 0 26	0.963449
6r1/3k1p1p/1pN2Q2/p7/4P3/8/PPr1PP1P/5R1K b - - 4 28	0.966227
rn2k1nr/pp3ppp/8/2bqP3/8/7B/PPP1bP1P/RN2K1NR w KQkq - 0 8	0.014201
rnbq2nr/pp1k2pp/3b1p2/2pQP3/8/PP2P3/2P2PPP/RNB1KBNR w KQ - 0 7	0.685510
rnbqk1nr/pp5p/3P1pp1/2p4Q/8/PP2P3/2P2PPP/RNB1KBNR w KQ - 0 9	0.684520
r2qk1nr/pp5p/2nPbpp1/2Q5/8/PP2PN2/2P2PPP/RNB1KB1R w KQ - 3 11	0.684378
2rqk1nr/pp5p/3Pbpp1/2QNn3/8/PP2PN2/2P2PPP/R1B1KB1R w KQ - 7 13	0.706665
3qk1nr/ppP4p/4bpp1/2Q5/8/PP2Pn2/2P2PPP/R1B1KB1R w KQ - 0 15	0.706566
3qk1nr/ppP4p/4bpp1/2Q5/8/PP2Pn2/2P2PPP/R1B1KB1R w - - 4 17	0.706566
4k2r/ppPqn2p/4bpp1/2Q5/8/PP1BPP2/2P2P1P/R1B1K2R w - - 3 19	0.708699
4kr2/ppP1q2p/4bpp1/8/8/PP1BPP2/1BP2P1P/R3K2R w - - 0 21	0.607521
5r2/ppP1q2p/4kpp1/8/8/PP2PP2/1BP2P1P/R3K2R w - - 0 23	0.538137
5r2/pp5p/4kpp1/q7/2P5/PP2PP2/1B3P1P/3RK2R w - - 1 25	0.532933
5r2/pp5p/4kpp1/5q2/2P5/PP2PP2/1B2KP1P/3R2R1 w - - 5 27	0.535080
5r2/pp5p/4kpp1/8/2P5/Pq2PP2/3BKP1P/3R2R1 w - - 0 29	0.484084
5r2/pp5p/4k1p1/5p2/2P3R1/q3PP2/3BKP1P/1R6 w - - 0 31	0.483151
5r2/pp5p/4k1p1/8/2P3p1/4PP2/q2BKP1P/1R6 w - - 0 33	0.337003
5r2/pR5p/4k1p1/8/2q5/4Pp2/3B1P1P/4K3 w - - 0 35	0.307026
rn2kb1r/ppp1pp1p/5n1p/8/2BP4/8/PP3PPP/RN2K1NR w KQkq - 0 9	0.238446
2kr1b1r/ppp1pp1p/2n2n1p/8/2BP4/2N2N2/PP3PPP/R3K2R w KQ - 4 11	0.258122
2kr1r2/ppp1ppbp/2n2n1p/8/2BP4/2N2N2/PP3PPP/4RRK1 w - - 8 13	0.269026
2kr1r2/ppp1ppbp/5n1p/3PN3/2n5/2N5/PP3PPP/4RRK1 w - - 0 15	0.248750
2kr1r2/ppp1Rp1p/7p/3P4/2N3n1/2b5/PP3PPP/5RK1 w - - 0 17	0.248750
1k3r2/ppp1Rp1p/7p/3r4/2N3n1/2P5/P4PPP/4R1K1 w - - 2 19	0.251562
1k1r1r2/p1p1Rp1p/7p/1p6/2N3n1/2P5/P4PPP/4R1K1 w - - 0 21	0.247500
1k3r2/2p1Rp1p/p6p/1p1r4/P1N3n1/2P5/5PPP/1R4K1 w - - 0 23	0.254687
1k3r2/2p1Rp1p/p6p/Pp6/2N3n1/1RP5/5PPP/3r2K1 w - - 3 25	0.000276
rn2kbnr/ppp1p1pp/5p2/3P4/3Q4/5P1P/PPP4P/RNB1KB1R b KQkq - 0 7	0.956068
r3kbnr/ppp1p1pp/5p2/3Pn3/3Q4/2N2P1P/PPP3BP/R1B1K2R b KQkq - 4 9	0.955666
2kr1bnr/1pp1p1pp/5p2/p2Pn3/3Q4/2N1BP1P/PPP3BP/R4RK1 b - - 3 11	0.959450
2kr2nr/1pp3pp/4pp2/p2Pn3/1b1Q1P2/2N1B2P/PPP3BP/3R1RK1 b - - 0 13	0.959636
Q1kr2r1/1pp1n1pp/4pp2/p2Pn3/1b3P2/2N1B2P/PPP3BP/3R1RK1 b - - 4 15	0.987608
3k2r1/1pp1n1pp/4Pp2/p3n3/1b3P2/2N1B2P/PPP3BP/3R1RK1 b - - 0 17	0.958509
2k3r1/1pp1n1pp/4Pp2/p3P3/8/2P1B2P/P1P3BP/3R1RK1 b - - 0 19	0.961453
2k3r1/1pp1PRpp/2n5/p3p3/8/2P1B2P/P1P3BP/3R2K1 b - - 0 21	0.971338
2k3r1/1pp3pp/8/4R3/p7/2P1B2P/P1P3BP/3R2K1 b - - 0 23	0.975774
1k4r1/1pp3pp/8/2B1R3/4B3/p1P4P/P1P4P/3R2K1 b - - 3 25	0.980974
1kr5/1ppR2p1/8/4R2p/4B3/B1P4P/P1P4P/6K1 b - - 0 27	0.985556
1kr5/2pR2p1/1R6/8/4B2p/B1P4P/P1P4P/6K1 b - - 0 29	0.989428
1k1R4/2r3p1/1p1B4/8/4B2p/2P4P/P1P4P/6K1 b - - 3 31	0.999724
rnbqkbnr/ppp2ppp/8/3p2B1/P2p4/8/1PP1PPPP/RN1QKBNR w KQkq - 0 4	0.662276
rnbk1b1r/ppp2ppp/5n2/3p4/P2Q4/8/1PP1PPPP/RN2KBNR w KQ - 1 6	0.651290
r1bk3r/ppp2ppp/2nb1n2/3p4/P4Q2/2N5/1PP1PPPP/R3KBNR w KQ - 5 8	0.636252
r1k4r/ppp2ppp/2nbbn2/3p4/P7/2N1QN2/1PP1PPPP/R3KB1R w KQ - 9 10	0.635591
rk1r4/ppp2ppp/2nbbn2/3p4/P7/2N1QN2/1PP1PPPP/1K1R1B1R w - - 13 12	0.635370
rk1r4/ppp2pp1/2n1bn1p/1N1p4/Pb6/4QN1P/1PP1PPP1/1K1R1B1R w - - 2 14	0.640371
rkr5/ppp2pp1/4bn1p/1N1pQ3/Pb6/7P/1PP1PPP1/1K1R1B1R w - - 1 16	0.644799
rkr5/1pp2pp1/4bn1p/pNbpQ3/P7/3BP2P/1PP2PP1/1K1R3R w - - 0 18	0.660453
rkr5/1pp2pp1/4bn1p/pNbpQ3/P7/2PBP2P/1P3PP1/1K1RR3 w - - 1 20	0.661003
rkr5/2p2pp1/2pbbn1p/p2pQ3/P7/2PBP2P/1P3PP1/1K1RR3 w - - 0 22	0.581031
rk1r4/2p2pp1/3bbn1p/p1pp4/P2Q4/2PBP2P/1P3PP1/1KR1R3 w - - 0 24	0.567647
rk1r4/2p2pp1/4bn1p/p2pb3/P1p4Q/2P1P2P/1PB2PP1/1KR1R3 w - - 2 26	0.567358
r2r4/1k3pp1/2p1bn1p/p2pb3/P1p1B2Q/2P1P2P/1P3PP1/1K1RR3 w - - 2 28	0.563281
r2r4/1k3pp1/2p4p/p2pbb2/P1p1n2Q/2P1PB1P/1P3PP1/2KRR3 w - - 6 30	0.602893
r2r4/1kb2Q2/2p3pp/p2p1b2/P1p1n3/2P1PB1P/1P3PP1/2KRR3 w - - 0 32	0.603929
r2qkbnr/p2pp1pp/b7/2p2p2/4P2P/8/PP1P1PP1/RNBQKBNR w KQkq - 0 6	0.654807
r2qkbnr/p2pp2p/B5p1/2p4Q/4p2P/8/PP1P1PP1/RNB1K1NR w KQkq - 0 8	0.663177
r2qk2r/p2pp1bp/B4np1/2Q5/4p2P/2N5/PP1P1PP1/R1B1K1NR w KQkq - 3 10	0.667225
2rqkr2/p2pp1bp/5np1/2Q5/2B1p2P/2N5/PP1PNPP1/R1B1K2R w KQ - 7 12	0.667742
2r1k2r/p1qpp1bp/5np1/8/2BQp2P/2NP4/PP2NPP1/R1B1K2R w KQ - 1 14	0.688806
2r1kr2/p1qp2bp/4pnp1/8/2BQN2P/3P4/PP2NPP1/R1B2RK1 w - - 0 16	0.710372
2k2r2/p1qp2bp/4pnp1/8/2BQ3P/3P4/PP2NPP1/R1B2RK1 w - - 0 18	0.716696
3k1r2/pq1p2bp/4pnp1/2Q5/2B2B1P/3P4/PP2NPP1/R4RK1 w - - 4 20	0.719602
4kr2/pq1p2b1/4pnpp/2Q1B3/2BN3P/3P4/PP3PP1/R4RK1 w - - 0 22	0.718439
4kr2/pq1p2b1/4pnpp/2Q1B3/2B4P/3P1N2/PP3PP1/4RRK1 w - - 4 24	0.720238
4kr2/p2p2b1/3qpnpp/4B3/2BN3P/3P4/PP3PP1/4RRK1 w - - 0 26	0.719315
4k3/p2p1rb1/3Bp1pp/3nR3/2BN3P/3P4/PP3PP1/5RK1 w - - 3 28	0.714863
4k3/p2p4/3Bp1pp/3n1r2/2BR3P/3P4/PP3PP1/5RK1 w - - 1 30	0.722334
4k3/p2p4/3B2pp/3p4/7P/3P4/PP3PP1/5RK1 w - - 0 32	0.718880
8/p1kp4/6pp/2Bp4/7P/3P4/PP3PP1/4R1K1 w - - 4 34	0.721473
rnb1kbnr/ppp2ppp/8/P2pp3/1P6/3PP3/2P2K2/RNBQ1BNR w kq - 0 7	0.645213
rn2kb1r/ppp2ppp/5n2/P2pp3/1P4b1/2NPP3/2P2KB1/R1BQ2NR w kq - 4 9	0.646860
rn3b1r/ppNk1ppp/5n2/P3p3/1P6/3PP3/2P2KB1/R1Bb2NR w - - 1 11	0.546937
Nn5r/pp1k1ppp/5n2/P3p3/8/2bPPN2/2P2KB1/R1Bb3R w - - 2 13	0.558579
Nn5r/pp1k1ppp/8/P3p3/6n1/3PPNK1/1bP3B1/R2b3R w - - 0 15	0.539357
Nn5r/pp1k1pp1/8/P3pK1p/8/3PPN2/2P3B1/b2b3R w - - 0 17	0.545125
Nn5r/pp1k1p2/5Kp1/P3p2p/8/2bPPN2/2P3B1/3R4 w - - 2 19	0.559169
N6r/pp1k1p2/2n3p1/P3K2p/8/3PP3/2P3B1/3R4 w - - 1 21	0.515293
r7/pp1k1K2/2n5/P5pp/8/3PP3/2P3B1/3R4 w - - 0 23	0.514048
6r1/pp1k4/8/n5pK/8/3PP3/2P3B1/3R4 w - - 0 25	0.522749
4r3/pp1k4/8/n2B2pK/2P5/3PP3/8/3R4 w - - 1 27	0.524917
8/pp1k4/6K1/n2B4/2P5/3P2r1/8/3R4 w - - 2 29	0.515916
8/1p1k4/2n2K2/p1PB4/8/3P2r1/8/3R4 w - - 0 31	0.516849
8/1Bk5/5K2/p1P5/1n6/3P2r1/8/1R6 w - - 1 33	0.522129
2k5/1R6/5K2/p1P5/4B3/3n2r1/8/8 w - - 2 35	0.544823
r1b1kbnr/ppp1pppp/2nQ4/8/4pP2/8/PPP3PP/RNB2KNR b kq - 0 7	0.337543
r1b1kb1r/ppp2ppp/2np1n2/8/4pP2/2N1B3/PPP3PP/R4KNR b kq - 3 9	0.335398
2kr1b1r/ppp2ppp/2npbn2/8/4pP2/2N1B3/PPP1N1PP/R5KR b - - 7 11	0.336823
2krr3/ppp1bppp/2npbn2/8/3NpP2/2N1B3/PPP3PP/3R2KR b - - 11 13	0.336644
1k1rr3/ppp1bppp/3pbn2/1N6/3BpP2/8/PPP3PP/3R2KR b - - 2 15	0.328052
2kr3r/1pp1bppp/3pbn2/1N6/3BpP2/8/PPP3PP/3R2KR b - - 2 17	0.355201
2kr3r/1pp1bppp/5n2/1N1p1P2/3Bp3/1P6/b1P3PP/3R2KR b - - 0 19	0.348710
2krr3/1pp1bppp/5B2/3p1P2/8/1PN1p3/b1P3PP/3R2KR b - - 0 21	0.359843
2krr3/1pp2ppp/5b2/3p1P2/5N2/1P6/b1P3PP/3R2KR b - - 1 23	0.349107
2kr4/1pp2ppp/5b2/5P1P/3p1N2/1P2r3/b1P3P1/3R2KR b - - 0 25	0.354994
2k5/1pp2ppp/5b2/5P1P/8/1P1Nr3/b1P3P1/6KR b - - 0 27	0.357504
2k5/1pp2pPp/5b2/5P2/8/3Nr3/2b3P1/6KR b - - 0 29	0.357293
2k5/1pp2p1R/8/5P2/1N1b4/4r3/2b3P1/6K1 b - - 2 31	0.320774
2k5/1pp2R2/8/5P2/1r1b4/8/2b3PK/8 b - - 0 33	0.318083
2k5/1pp2R2/8/4bP2/7r/6P1/2b3K1/8 b - - 2 35	0.315480
1nbqkbnr/1pppp3/7p/5p2/2PP4/5P2/r5PP/RNBQKBNR w KQk - 0 8	0.618215
R1bqkb1r/1pppp3/2n2n1p/5p2/2PP4/5P2/6PP/1NBQKBNR w Kk - 3 10	0.622061
R1bqkr2/1pppp1b1/2n2n1p/5p2/2PP1B2/2N2P2/6PP/3QKBNR w K - 7 12	0.627226
R1bqk2r/1pp1p1b1/2np1n1p/5p2/2PP1B2/2N2PN1/6PP/3QKB1R w K - 2 14	0.650496
3k3r/1pp1p1b1/2np1n1p/5b2/2PP1B2/2N2P2/6PP/3QKB1R w K - 0 16	0.650893
2kr4/1pp1p1b1/2np1n1p/5b2/2PP1B2/2N2P2/4B1PP/3Q1RK1 w - - 4 18	0.654614
2kr4/1pp3b1/3p1n1p/3Ppb2/1nP5/2N1BP2/4B1PP/3Q1RK1 w - - 2 20	0.657663
2kr4/1p4b1/3p1n1p/2pPpb2/Q1P5/2N1BP2/2n1B1PP/3R2K1 w - - 2 22	0.703393
3rk3/1Q4b1/3p1n1p/2pPpb2/2P5/2N1BP2/2n1B1PP/3R2K1 w - - 1 26	0.703393
3rk3/8/3p1Q1p/2pPpb2/2P5/2N2P2/4B1PP/3n2K1 w - - 0 28	0.710826
4k3/3r4/3p1Q1p/2pPp3/B1P5/2Nb1P2/6PP/6K1 w - - 3 30	0.740249
5k2/3B4/3pQ2p/2pPp3/2b5/2N2P2/6PP/6K1 w - - 0 32	0.740415
6k1/3B4/7p/2pPQ3/2b5/2N2P2/6PP/6K1 w - - 1 34	0.745969
8/6k1/4B2p/2pP4/2b1Q3/2N2P2/6PP/6K1 w - - 5 36	0.746947
rnbqkb1r/pp1pnpp1/7p/2p5/8/4Q3/PPP1PPPP/RNB1KBNR w KQkq - 2 6	0.504999
r1bqkb1r/pp2npp1/2n4p/2Qp4/8/5N2/PPP1PPPP/RNB1KB1R w KQkq - 0 8	0.511554
2rqkb1r/pp2npp1/2n4p/2Qp1b2/8/2N2N2/PPPBPPPP/R3KB1R w KQk - 4 10	0.519026
2rqkbr1/pp2npp1/2n4p/2Q2b2/3p1B2/2N2N2/PPP1PPPP/2KR1B1R w - - 2 12	0.569093
2rqkbr1/pp3pp1/2n4p/5b2/3Q1B2/2N5/PPP1PPPP/2KR1B1R w - - 1 14	0.570821
2r1kbr1/pp3pp1/2n4p/5b2/5B2/2N1q3/PPP1PPPP/1K1R1B1R w - - 0 16	0.560642
2r1k1r1/pp2bpp1/2n1b2p/3R4/8/2N1B3/PPP1PPPP/1K3B1R w - - 3 18	0.554427
2r1k1r1/pp2bpp1/7p/3Nnb2/8/4B3/PPP1PPPP/1K1R1B1R w - - 7 20	0.552638
2r1kr2/1p2bpp1/7p/p2Nnb2/8/4B2P/PPP1PPP1/1KR2B1R w - - 1 22	0.548743
4kr2/1p2bpp1/7p/3Nnb2/p1r5/4B1PP/PPP1PP2/1KR2BR1 w - - 1 24	0.554725
4kr2/5pp1/3b3p/1p1Nnb2/p1r5/4B1PP/PPP1PPB1/1KRR4 w - - 0 26	0.605988
5r2/4kpp1/3b1N1p/1p2n3/p1r5/1P2B1PP/P1b1PPB1/1KRR4 w - - 0 28	0.573970
4kr2/5pp1/3b3p/1p1Nn3/2r5/1p2B1PP/P1R1PPB1/1K1R4 w - - 2 30	0.642074
4kr2/6p1/3b3p/1p1Nnp2/8/1P2B1PP/2K1PPB1/3R4 w - - 0 32	0.659531
4kr2/5np1/3b3p/1p6/5P2/1PN1B2P/2K1PPB1/3R4 w - - 1 34	0.680881
1nbq1knr/p2p1ppp/3b4/8/1p2B3/4P3/P1PP1PPP/RNBQK1NR b KQ - 0 7	0.900296
2bq1k1r/p2p1ppp/2nb1n2/5B2/1p6/4PN2/P1PP1PPP/RNBQK2R b KQ - 4 9	0.899093
3q2kr/p2p1ppp/b1nb1n2/5B2/1p6/3PPN2/P1P2PPP/RNBQ1RK1 b - - 0 11	0.890799
3q2kr/3p1ppp/p1nb1n2/1b3B2/1p6/3PPN2/PBPN1PPP/R2Q1RK1 b - - 1 13	0.911914
6kr/3pqppp/p1nb4/1b1n1B2/1p2N3/3PPN2/PBP2PPP/2RQ1RK1 b - - 5 15	0.916009
6kr/3pqppp/p7/1b1nnB1Q/1p2N3/3PP3/PBP2PPP/2R2RK1 b - - 1 17	0.922767
4Bk1r/4qppp/p7/1b1n3Q/1p2N3/3nP3/PBP2PPP/2R2RK1 b - - 1 19	0.866755
5k1r/4q1pp/p7/1b1B3Q/1p2N3/3nP3/PBP2PPP/2R2RK1 b - - 0 21	0.955767
2Q1k2r/4q1pp/p7/1b1B4/1p2N3/4P3/PnP2PPP/2R2RK1 b - - 3 23	0.963280
2Qq3r/4k1pp/p7/1b1B1N2/1p6/4P3/PnP2PPP/2R2RK1 b - - 7 25	0.960006
3q3r/6pp/p3Q3/1b1B1Nk1/1p3P2/4P3/PnP3PP/2R2RK1 b - - 0 27	0.999724
rnbqk1nr/ppp2ppp/8/8/3pPP2/P7/2PP3P/RNBQKBNR b KQkq e3 0 6	0.727251
rnb1k1nr/ppp2ppp/8/8/3pPq2/P7/2PPK1BP/RNBQ2NR b kq - 1 8	0.720759
rn2k1nr/ppp2ppp/8/8/3pq1b1/P4N2/2PP1KBP/RNBQ3R b kq - 1 10	0.727561
rn3rk1/ppp2ppp/5n2/8/3pq1b1/P4N2/1BPP2BP/RN1Q2KR b - - 5 12	0.695275
r4rk1/ppp2ppp/2n2n2/8/3p2b1/P2PqN2/1BP3BP/RN1Q1K1R b - - 2 14	0.660683
3r1rk1/ppp2ppp/2n1bn2/8/3pN3/P2PqN2/1BP3BP/R2Q1K1R b - - 6 16	0.672906
3rr1k1/ppp2ppp/2n1b3/8/3pN1n1/P2PqN1P/1BP3B1/2RQ1K1R b - - 0 18	0.670932
3rr2k/ppp2ppp/2n2N2/8/3p2b1/P2PqN2/1BP3B1/2RQ1K1R b - - 1 20	0.689358
3rr1k1/ppp2p1N/2n2p2/8/3p2b1/P2Pq3/1BP3B1/2RQ1K1R b - - 0 22	0.582430
3rr2k/ppp2p2/2n2N2/7Q/3p4/P2Pq3/1BP3B1/2R2K1R b - - 0 24	0.900695
3rq3/ppp2pk1/2n5/6Q1/3p4/P2P4/1BP3B1/2R2K1R b - - 1 26	0.999724
r2qkb1r/p1pppppp/8/7n/4b3/8/PPPP2PP/R1B1KBNR w KQkq - 0 8	0.028393
r2qkb1r/p1pppppp/2b5/7n/2P5/3P4/PP4PP/R1B1KBNR w KQkq - 1 10	0.032308
1r1qkb1r/p1pppppp/8/7n/2P5/3P1P2/PP5P/R1B1KB1R w KQk - 1 12	0.032383
1r1qkb1r/p1pp1ppp/5n2/4p3/2P5/3P1P2/PP4BP/R1B2RK1 w k - 0 14	0.032688
1r1q1rk1/p1pp1ppp/3b1n2/4p3/2P2B2/3P1P2/PP4BP/R3R1K1 w - - 4 16	0.030829
3q1rk1/p1pp1ppp/5n2/4R3/2P5/3P1P2/Pr4BP/R5K1 w - - 0 18	0.031413
3q1rk1/p4ppp/2p2n2/3pR3/2P2P2/3P1B2/Pr5P/R5K1 w - - 0 20	0.029902
5rk1/p2q1ppp/2p2n2/2Pp4/1r3P2/3P1B2/P3R2P/R5K1 w - - 3 22	0.025106
5rk1/p4ppp/2p2n2/2Pp1q2/5r2/3P1B2/P3R1KP/3R4 w - - 2 24	0.021865
3r2k1/p4ppp/2p2n2/2Pp4/3P1r2/4RB2/P1q3KP/3R4 w - - 1 26	0.020893
3r2k1/p3Rppp/2p2n2/2Pp4/3P1r2/8/2q1B1KP/3R4 w - - 2 28	0.021094
3r2k1/p3Rppp/2p5/2Pp4/3Pn3/7P/2q1BrK1/4R3 w - - 3 30	0.009704
3r2k1/p3Rppp/2p5/2Pp2q1/3Pn3/7P/4Br2/1R4K1 w - - 7 32	0.004878
3r2k1/p4ppp/2p5/2Pp2q1/3Pn1B1/7P/5r2/3R2K1 w - - 2 34	0.004484
rnbqk1nr/pp1p1ppp/3b4/2p2P2/4P3/8/PPP1P1PP/RNBQKBNR w KQkq - 1 5	0.611561
rnbqk2r/pp1p1ppp/3Q1n2/5P2/2p1P3/2N5/PPP1P1PP/R1B1KBNR w KQkq - 0 7	0.632474
r1bqkr2/pp1p1ppp/2nQ1n2/5P2/2p1P3/2N1BN2/PPP1P1PP/R3KB1R w KQq - 4 9	0.637999
r1bqkr2/1p1p1ppp/2nQ1n2/5P2/p1p1P3/2N1BN2/PPP1P1PP/1K1R1B1R w q - 0 11	0.647065
r1bqk2r/1p1p1pp1/2nQ1n1p/4PP2/p1p5/2N1BN1P/PPP1P1P1/1K1R1B1R w q - 1 13	0.696655
r1b1k2r/1p1p1p2/2n2p1p/5P2/p1p5/2N1BN1P/PPP1P1P1/1K1R1B1R w q - 0 15	0.709821
r1b4r/1pNpkp2/2n2p1p/5P2/p7/2p1BN1P/PPP1P1P1/1K1R1B1R w - - 2 17	0.722724
N1b4r/1p2kp2/2np1p1p/5P2/p7/4BN1P/PKP1P1P1/3R1B1R w - - 0 19	0.726287
7r/1p2kp2/3p1p1p/4nb2/N7/4BN1P/PKP1P1P1/3R1B1R w - - 1 21	0.727174
7r/1p3p2/3pkp1p/3Nn3/4b3/4BN1P/PKP1P1P1/3R1B1R w - - 5 23	0.728239
7r/1p2kp2/1N1p1p2/4n2p/4b3/4BN1P/P1P1P1P1/1K1R1B1R w - - 0 25	0.728446
3r4/1p3p2/1N1pkp2/4n2p/3Bb3/5N1P/P1P1P1P1/1K1R1BR1 w - - 8 29	0.726512
3r4/1p3p2/1N1pkp2/4n2p/P3b3/4BN1P/2P1P1P1/1K1R1BR1 w - - 1 31	0.727283
3r4/1p2kp2/3p1p2/P2bn2p/8/4BN1P/2P1P1P1/1K1R1BR1 w - - 0 33	0.728855
rnbqkbnr/pp1p1ppp/8/2p1p3/8/4P3/PPPPQPPP/RNB1KBNR w KQkq - 0 3	0.489069
r1bqkb1r/pp1p1ppp/2n2n2/2p1p3/8/2N1PN2/PPPPQPPP/R1B1KB1R w KQkq - 4 5	0.485952
r1bqk2r/pp1p1ppp/3b1n2/2pPp3/1n6/2N1PN2/PPP1QPPP/R1B1KB1R w KQkq - 1 7	0.491254
r1bqr1k1/pp1p1ppp/3b1n2/2pPp3/1n2P3/2N1BN2/PPP1QPPP/R3KB1R w KQ - 3 9	0.499063
r1bqr1k1/1p1p1ppp/3b1n2/2pPp3/pn2P3/2N1BN2/PPP1QPPP/1K1R1B1R w - - 0 11	0.523369
r1bqr2k/1p1p1ppp/3b1n2/2pPp1N1/1n2P3/p1N1B2P/PPP1QPP1/1K1R1B1R w - - 2 13	0.673418
r1bqr1kN/1p1p2pp/3b1n2/2pPp3/1n2P3/2N1B2P/PpP1QPP1/1K1R1B1R w - - 0 15	0.429179
r1bqr1k1/1p1p2pp/3b1n2/2pPp3/1n2P3/2N1B2P/PKP1QPP1/3R1B1R w - - 1 17	0.421777
2bqr2k/1p1p2pp/3b1n2/2pPp3/1n2P3/r1N1B2P/P1PQ1PP1/1K1R1B1R w - - 5 19	0.431485
2b1r2k/2qp2pp/1p1b1n2/2pPp3/1nB1P3/r1N1B2P/P1PQ1PP1/1K1RR3 w - - 0 21	0.439947
4r2k/1bqp2pp/1p1b1n2/3Pp3/1np1P3/r1N1BB1P/P1PQ1PP1/1K1RR3 w - - 0 23	0.464308
4r2k/1bqp2p1/1p1b3p/3Pp2n/1np1P3/r1N1B1PP/P1PQ1P2/1K1RR3 w - - 0 25	0.371620
4r2k/1bqp2p1/1p3n2/2bPp3/1np1P3/r1N1B1PP/P1PQ1P2/1K1RR3 w - - 3 27	0.359415
4r2k/3p2p1/1pbP1n2/2q1p3/1np1P3/r1N3PP/P1PQ1P2/1K1RR3 w - - 1 29	0.360487
4r1k1/3p2p1/1pbP1n2/4p3/1npqP3/r1N3PP/P1PQ1P2/1K1RR3 w - - 5 31	0.361567
r3kbnr/pp1npppp/8/2p5/4P3/N6N/PP1B1PP1/R2QKB1R b KQkq - 0 7	0.970586
r3kb1r/pp2pppp/5n2/1Bp1n1N1/4P3/N7/PP1B1PP1/R2QK2R b KQkq - 4 9	0.974108
2r1kb1r/pp2pppp/2n2n2/1Bp3N1/2N1P3/8/PP1B1PP1/R2Q1RK1 b k - 8 11	0.975250
4kb1r/pp2ppp1/2r2n1p/2p1P1N1/2N5/8/PP1B1PP1/R2Q1RK1 b k - 0 13	0.966462
4kb1r/pp2pp2/2r2p2/2p3p1/2N3Q1/8/PP1B1PP1/R4RK1 b k - 1 15	0.967465
4k3/pp2ppb1/2r2p2/2p3p1/2N4r/8/PP1BQPP1/3R1RK1 b - - 5 17	0.965431
4k3/pp2ppb1/4rp2/2p3p1/2Nr4/4B3/PP2QPP1/3RR1K1 b - - 9 19	0.960281
4k3/pp2ppb1/4r3/2p3p1/P1NB1p2/8/1P2QPP1/3RR1K1 b - - 0 21	0.958509
4k3/pp2ppB1/8/2p3p1/P1N2p2/8/1P3PP1/4R1K1 b - - 0 23	0.960916
5B2/p2kpp2/8/1Pp3p1/2N2p2/8/1P3PP1/4R1K1 b - - 0 25	0.975946
2k5/p3Bp2/8/1Pp3p1/2N5/5P2/1P3P2/4R1K1 b - - 0 27	0.983616
8/p2k1p2/8/1PB3p1/2N5/5P2/1P3PK1/4R3 b - - 0 29	0.987639
3k4/p4R2/8/1PB3p1/2N5/5P2/1P3PK1/8 b - - 0 31	0.991909
3k4/p4R2/8/1PB1N1p1/1P6/5P2/5PK1/8 b - - 0 33	0.992316
2k5/5R2/pPN5/2B3p1/1P6/5P2/5PK1/8 b - - 0 35	0.999724
rnbqk1nr/1p3pp1/3p4/p6p/3p4/P7/P1PP1PPP/R1BQKB1R w KQkq - 0 8	0.151558
rnbq1rk1/1p3pp1/3p1n2/p6p/2Bp4/P7/P1PP1PPP/R1BQ1RK1 w - - 4 10	0.139191
r2q1rk1/1p3pp1/2np1n2/p4b1p/2Bp4/P7/PBPP1PPP/R2QR1K1 w - - 8 12	0.128655
r2q1rk1/1p3pp1/2n2n2/p2p3p/2Bpb3/P4Q2/PBPP1PPP/2R1R1K1 w - - 2 14	0.098117
r4rk1/1p3pp1/2nq1n2/p4Q1p/2Bpp3/P7/PBPP1PPP/2R3K1 w - - 2 16	0.096744
4rrk1/1p3pp1/2n2nQ1/p6p/2Bppq2/P7/PBPP1PPP/4R1K1 w - - 6 18	0.091026
4rr2/1p3ppk/2n2n2/7p/p1Bppq2/P7/PBPP1PPP/3R2K1 w - - 0 20	0.010141
4rrk1/1p3pp1/2n2n2/7p/p1B1pq2/P1Pp3P/PB1P1PP1/3R2K1 w - - 1 22	0.009285
r4rk1/1p3pp1/2n2n2/7p/p1B2q2/P1Ppp2P/PB1P1PP1/3R2K1 w - - 0 24	0.006355
r5k1/1p3rp1/2n2n2/7p/p3q3/P1PpP2P/PB1P2P1/3R2K1 w - - 1 26	0.006155
3r2k1/1p3rp1/2n2n2/8/p3q2p/P1PpP1PP/PB1P3K/3R4 w - - 0 28	0.005815
3r2k1/1p3rp1/2n2n2/8/p7/P1PpP2P/PB1P1q1K/6R1 w - - 2 30	0.005333
3r2k1/1p3rp1/2n5/8/p1P1n3/P2pP2P/PB1P2RK/4q3 w - - 1 32	0.003817
3r2k1/1p3rp1/8/8/p1PP4/P2p3P/P2n2RK/4q3 w - - 0 34	0.002597
r2qkbnr/ppp2ppp/n2p4/4p3/4P3/3P4/PPPK1PPP/RNB3NR b kq - 0 8	0.277862
r3kbnr/ppp2ppp/n2p4/4p3/4P3/2NP4/PPP2PqP/R1BK2NR b kq - 1 10	0.257992
r3kbnr/ppp2ppp/n2p4/4p3/4P3/3PB3/PPP1NP1q/R2K2N1 b kq - 1 12	0.258971
r3kb1r/ppp2ppp/n2p1n2/4p3/4P3/3PBN2/PPP2P2/R2K2Nq b kq - 5 14	0.257875
2kr1b1r/ppp2ppp/3p1n2/2n1p3/4P3/3PBN2/PPP2P2/RK4Nq b - - 9 16	0.256912
2krr3/ppp1bppp/3p1n2/P1n1p3/4P3/3PBN2/1PP2P2/RK4Nq b - - 0 18	0.256140
1k1rr3/ppp1bppp/P4n2/2p1p3/4P3/3P1N2/1PP2P2/RK4Nq b - - 0 20	0.256997
1k1rr3/p1p1bppp/P4n2/1Rp1p3/1p2P3/3P1N2/1PP2P2/1K4Nq b - - 1 22	0.257992
2krr3/R1p1bppp/P4n2/4p3/1pp1P3/3P1N2/1PP2P2/1K4Nq b - - 0 24	0.260676
R2rr3/2pkbppp/P4n2/4N3/1p2P3/3p4/1PP2P2/1K4Nq b - - 0 26	0.254418
3Rr3/2p1bppp/P3kn2/4N3/1p2P3/3p4/KPP2P2/6q1 b - - 1 28	0.254418
3r4/P1p1bppp/4k3/8/1p2n3/3N4/KPP2P2/6q1 b - - 0 30	0.254890
3r4/P1p1bppp/8/4k3/1p6/8/KPP1Nn2/6q1 b - - 3 32	0.253614
3r4/P1p1bppp/8/4k3/1p2n1q1/3N4/KPP5/8 b - - 7 34	0.254689
3r4/P1p1bppp/8/8/1p1kn3/3N1q2/KPP5/8 b - - 11 36	0.252040
rn2kbnr/ppp1pppp/8/1b4B1/3q4/8/PPP1KPPP/RN1Q1BNR w kq - 4 6	0.128655
rn2kbnr/ppp1pppp/8/6B1/8/8/PPP2PPP/RN1K1bNR w kq - 0 8	0.111134
rn2k1nr/ppp1bppp/8/8/8/6P1/PPP2PbP/RN1K2NR w kq - 0 10	0.026139
r3k1nr/ppp1bppp/n7/8/8/2N2bP1/PPP2P1P/R2K3R w kq - 0 12	0.025405
2kr2nr/ppp1bppp/n7/8/8/2N1K1P1/PPP2P1P/R6b w - - 0 14	0.021709
2k3nr/ppp2ppp/n7/2b5/8/2N2KP1/PPPr1P1P/7R w - - 3 16	0.020252
2k4r/ppp2ppp/n4n2/2b5/8/2N3P1/PPr2PKP/5R2 w - - 0 18	0.015126
2k1r3/ppp2ppp/n4n2/8/N2b4/6PP/PPr2PK1/5R2 w - - 1 20	0.013138
2k1r3/ppp2ppp/n4n2/8/8/P5PP/1r3PK1/5R2 w - - 0 22	0.013396
2k5/ppp2ppp/n7/8/4n3/P5PP/1r2rPK1/5R2 w - - 4 24	0.009633
2k5/ppp2ppp/8/2n4P/8/P5P1/1r2rnK1/5R2 w - - 0 26	0.008111
rnb1kbnr/ppp1pppp/8/8/5P2/8/PPPQ2PP/RNB1KBNR b KQkq - 0 4	0.689739
r1b1kb1r/ppp1pppp/2n2n2/8/5P2/2N2N2/PPPQ2PP/R1B1KB1R b KQkq - 4 6	0.686486
2kr1b1r/ppp1pppp/2n1bn2/8/5P2/2NB1N2/PPPQ2PP/R1B2RK1 b - - 8 8	0.691441
1k1r1b1r/ppp1ppp1/2n1bn1p/8/5P2/2NBBN2/PPP2QPP/R4RK1 b - - 1 10	0.695086
1k1r3r/ppp1ppb1/2n1bnpp/4N3/5P2/2NBB3/PPP2QPP/3R1RK1 b - - 3 12	0.700460
1k1r2r1/B1p1ppb1/2p1bnpp/8/5P2/2NB4/PPP2QPP/3R1RK1 b - - 0 14	0.712852
3rr3/1kp1ppb1/2p1bnpp/8/P2B1P2/2NB4/1PP2QPP/3R1RK1 b - - 0 16	0.687995
1k1rr3/2p1ppb1/P1p2npp/3b4/3B1P2/2NB4/1PP2QPP/3R1RK1 b - - 0 18	0.726343
3rr3/Pkp1ppB1/2p3pp/3b4/5Pn1/2NB4/1PP2QPP/3R1RK1 b - - 0 20	0.684804
3rr3/k1p1pp2/2p3pB/3b4/5P2/2NB4/1PP2RPP/3R2K1 b - - 0 22	0.684804
1k1rr3/2p1pp2/2p4B/3b1B2/8/2N5/1PP2RPP/3R2K1 b - - 0 24	0.686347
1k1rr3/2p5/2p1p3/3b1p2/8/2NBB3/1PP2RPP/3R2K1 b - - 1 26	0.691827
1k1r4/2p5/2p1p3/3N1p2/7P/3BB1r1/1PP2RP1/3R2K1 b - - 0 28	0.687587
1k1r4/2p3r1/4p3/3p1p1P/5B2/3B4/1PP2RP1/3R2K1 b - - 0 30	0.698761
1k1r4/2p2r2/4p2P/5p2/2Bp1B2/8/1PP2RP1/3R2K1 b - - 2 32	0.702001
rnb1k2r/pp1pbpR1/5n2/2p1p3/8/P3P3/1PPP1KP1/RNBQ1BN1 b kq - 0 7	0.935650
r1b1k3/pp1pbpR1/2n2n2/2p1p3/8/P1N1PN2/1PPP1KPr/R1BQ1B2 b q - 4 9	0.946176
r1b1k3/pp2bpR1/2n2n2/2ppp3/3P4/P1N1PN2/1PP3P1/R1BQKB1r b q - 0 11	0.938402
r1b2k2/pp2bp2/2n2n2/3pp3/3P4/P1N2NR1/1PP3P1/R1BQKB1r b - - 2 13	0.940004
r3k3/pp2bp2/2n2n2/3pNb2/3P1B2/P1N3R1/1PP3P1/R2QKB1r b - - 2 15	0.956764
3rk3/pp2bpR1/5n2/3pBb2/3P4/P1N5/1PP3P1/R2QKB1r b - - 0 17	0.956961
3rkbR1/pp3p2/8/3pBb2/3Pn3/P1N2Q2/1PP3P1/R3KB1r b - - 4 19	0.963703
3r1bR1/pp2kp2/6b1/3pB3/P2Pn3/2N2Q2/1PP3P1/3RKB1r b - - 0 21	0.965108
3rk1R1/pp3p2/6b1/3pB3/P2Pn3/2N2Q2/1PP3P1/3RKB1r b - - 2 23	0.990272
3k4/pp3p2/6b1/3NB3/P2Pn3/5Q2/1PP3P1/3RKB1r b - - 0 25	0.989809
4k3/1p3p2/p5b1/P2NB3/3Pn1Q1/8/1PP3P1/3RKB1r b - - 1 27	0.990985
rnbqkbnr/pp1p1ppp/8/2p1p3/5P2/3P2P1/PPP1P2P/RNBQKBNR b KQkq - 0 3	0.480353
r1bqkbnr/pp3ppp/2n5/2ppp3/5P2/2NP2P1/PPP1P1BP/R1BQK1NR b KQkq - 1 5	0.482218
r1bqk2r/pp3ppp/2nb1n2/2ppp3/5P2/2NP1NP1/PPP1P1BP/R1BQ1RK1 b kq - 5 7	0.474464
r1bq1r1k/pp3ppp/2nb1n2/2ppp1N1/4PP2/2NP2P1/PPP3BP/R1BQ1RK1 b - - 2 9	0.471685
r1bq1N1k/pp3pp1/2nb1n2/2ppp3/4PP2/2NP2P1/PPP3BP/R1BQ1RK1 b - - 0 11	0.591490
r1bq1N1k/pp3pp1/2Pb1n2/2p1p3/5P2/2NP2P1/PPP3BP/R1BQ1RK1 b - - 0 13	0.706764
r2q1Nk1/pB3pp1/3b1n2/2p1p3/5P2/2NP2P1/PPP4P/R1BQ1RK1 b - - 0 15	0.721135
q5k1/p4pp1/3b1n2/2p1p3/5P2/2NPB1P1/PPP4P/R2Q1RK1 b - - 1 17	0.724108
6k1/p4pp1/2qb1n2/2p5/5B2/2NP1QP1/PPP4P/R4RK1 b - - 2 19	0.727065
6k1/p4pp1/5n2/2p5/5R2/2NP2P1/PPP4P/R5K1 b - - 0 21	0.729748
8/5ppk/5n2/p1p5/R7/2NP2P1/PPP4P/4R1K1 b - - 3 23	0.733417
8/5pp1/5n2/R1p2k2/8/2NP2P1/PPP3KP/4R3 b - - 0 25	0.735799
8/5pp1/5n2/2R2k2/3P4/2N3P1/PPP3KP/4R3 b - - 0 27	0.739139
8/3n1pp1/2R3k1/8/P2P4/2N3P1/1PP3KP/4R3 b - - 2 29	0.739834
8/5Rp1/2R2n2/5k2/P2P4/2N3P1/1PP3KP/8 b - - 0 31	0.742105
rnb1kbnr/p1p2p1p/3P1qp1/3P4/1p6/1P6/P1P1P1PP/RNBQKBNR w KQkq - 1 7	0.258746
rnb1k1nr/p1p2p1p/3b2p1/3P4/1p5q/1PP5/PB2P1PP/RN1QKBNR w KQkq - 2 9	0.235641
rnb2rk1/p1p1np1p/3b2p1/3P4/1P5q/1P6/PB1KP1PP/RN1Q1BNR w - - 1 11	0.250000
rnb1r1k1/p1p2p1p/3b2p1/3n4/1P5N/1P6/PB1KP1PP/RN1Q1B1R w - - 0 13	0.433374
rn2r1k1/p1p2p1p/3b2p1/1P6/6bN/1P2n3/PB1KP1PP/RNQ2B1R w - - 3 15	0.424546
r3r1k1/p1pn1p2/3b2p1/1P6/6b1/1PN1n3/PB1KP1PP/R1Q2B1R w - - 2 17	0.385591
3rr1k1/p1p2p2/3b1np1/1P6/6b1/1PN1n3/PB1QP1PP/R3KB1R w - - 6 19	0.385149
3rr1k1/p1p2p2/3b1np1/1P6/3n2b1/1PN5/PB2PKPP/R4B1R w - - 0 21	0.145555
rnbqkbnr/1pppppp1/7p/p7/P2P4/8/1PP1PPPP/RNBQKBNR w KQkq - 0 3	0.759059
r1bqkb1r/1pppppp1/2n2n1p/p7/P2P4/2N2N2/1PP1PPPP/R1BQKB1R w KQkq - 4 5	0.763113
r2qkb1r/1pp1ppp1/2n2n1p/p2p1b2/P2P1B2/2N1PN2/1PP2PPP/R2QKB1R w KQkq - 1 7	0.763736
r2qkbr1/1pp2pp1/2n1pn1p/p2p1b2/P2P1B2/2NBPN2/1PP2PPP/R2Q1RK1 w q - 2 9	0.788137
r2qk1r1/1pp2pp1/2nb1n1p/p2p1p2/P2P1B2/2N1PN2/1PP2PPP/2RQ1RK1 w q - 2 11	0.781396
r2qk1r1/1pp2pp1/2n4p/p2p1p2/P2PnP2/2NQ1N2/1PP2PPP/2R2RK1 w q - 1 13	0.770578
r3kr2/1pp2pp1/2n4p/p2pNp2/P2PnP1q/2NQ4/1PP2PPP/2R1R1K1 w q - 5 15	0.762801
r3k2N/1pp3p1/2n4p/p2p1p2/P2PnP2/2NQ4/1PP2qPP/2R1R1K1 w q - 0 17	0.834094
r7/1pp2kp1/2n3Np/p2p1p2/P2PnP2/2NQ4/1PP2qPP/2R1R2K w - - 4 19	0.893757
r4k1N/1pp3p1/7p/p2N1p2/P2nnP2/3Q4/1PP2qPP/2R1R2K w - - 0 21	0.900695
r5k1/1pp3p1/7p/p2NNp2/P2nnP2/3Q4/1PP2qPP/2R1R2K w - - 4 23	0.908974
r7/1pp3pk/7p/p3Nn2/P3nP2/3Q4/1PP2qPP/2R1R2K w - - 0 25	0.923093
5r2/1Qp3pk/7p/p3N3/P4P2/4n3/1PP2qPP/2R1R2K w - - 1 27	0.930881
5r2/2p4k/6pp/p3Nn2/P3QP2/8/1PP2qPP/3RR2K w - - 0 29	0.983813
5rk1/2pR4/6Np/p4n2/P3QP2/8/1PP2qPP/4R2K w - - 1 31	0.999724
rnbq1bnr/p1p2ppp/1pk1p3/8/2P5/3P4/PP2PPPP/RNB1KBNR w KQ - 1 5	0.312824
rnbq3r/p1p2ppp/1pkbpn2/8/2P5/2NP1N2/PP2PPPP/R1B1KB1R w KQ - 5 7	0.315765
r1bq3r/pkp2ppp/1pnbpn2/8/2P5/2NPBN2/PP2PPPP/3RKB1R w K - 9 9	0.309601
r1bqr3/pkp2ppp/1p1bpn2/4n1N1/2P5/2NPB2P/PP2PPP1/3RKB1R w K - 3 11	0.328548
rkbqr3/p1p1bppp/1p2pn2/2P1n3/4N3/2NPB2P/PP2PPP1/3RKB1R w K - 1 13	0.310526
rkb1r3/p1p1bppp/1p2p3/2Pqn3/3PN3/4B2P/PP2PPP1/3RKB1R w K - 1 15	0.344617
rkb4r/p1p1bppp/1p2p3/2PN4/3P4/3nB2P/PP2PPP1/3RKB1R w K - 1 17	0.534773
rk5r/p1p1bppp/1pP5/3p1b2/3P4/3RB2P/PP2PPP1/4KB1R w K - 1 19	0.525226
rk1r4/p1p2ppp/1pPb4/3p1b2/3P4/P3B2P/1P2PPP1/3RKB1R w K - 1 21	0.522129
rk1r4/2p2ppp/1pPb4/p2p4/1P1Pb3/P3B2P/4PPP1/3RKBR1 w - - 0 23	0.521819
1k2r3/2p2ppp/1pPb4/r2p2B1/3Pb3/P6P/4PPP1/3RKBR1 w - - 0 25	0.499375
1k2r3/2p2ppp/1pP5/r2p1bB1/3P4/P4PbP/3KP1P1/3R1BR1 w - - 3 27	0.488758
1k2r3/2p2ppp/1pP5/3p1bB1/3PP3/P4PbP/1r1K2P1/R4BR1 w - - 1 29	0.553832
1k2r3/2p2ppp/1pP5/3p1bB1/3PP3/P4P1P/1K4P1/R4Bb1 w - - 0 31	0.553832
1k2r3/2p2ppp/1pP5/3p1PB1/8/P4P1P/K5P1/b4B2 w - - 0 33	0.461252
rn1k1bnr/1p3ppp/8/p1P1p3/P3N3/7b/1PP2PPP/R1B1KBNR w KQ - 0 8	0.638433
r3kbnr/1p3ppp/2n5/p1P1p3/P1B1N3/7N/1PP2PPP/R1B1K2R w KQ - 3 10	0.655957
3rk1nr/1p3ppp/2nP4/p3p3/P1B5/7N/1PP2PPP/R1B1K2R w KQ - 1 12	0.646245
5knr/1p3Bpp/2nr4/p3p1N1/P7/8/1PP2PPP/R1B1K2R w KQ - 1 14	0.646655
5k1r/1p3Bpp/3r1n2/p3p1N1/P2n4/4B3/1PP2PPP/R4RK1 w - - 5 16	0.655191
3r1k1r/1p3Bp1/5n2/p3p1Np/P2n4/4B3/1PP2PPP/3RR1K1 w - - 0 18	0.656529
5k1r/1p3Bp1/5n2/p5Np/P2p4/8/1PP2PPP/4R1K1 w - - 0 20	0.659160
7r/1p3kpN/8/p6p/P2p4/8/1PP2PPP/3R2K1 w - - 0 22	0.635370
2r5/1p4p1/4N1k1/p6p/P2p4/8/1PP2PPP/3R2K1 w - - 4 24	0.648286
2r5/1p4p1/5k2/p7/P2N3p/8/1PP2PPP/4R1K1 w - - 2 26	0.653645
8/1pr2kp1/1R6/p7/P2N3p/8/1PP2PPP/6K1 w - - 6 28	0.658974
8/1R4p1/6k1/p4N2/P6p/8/1Pr2PPP/6K1 w - - 1 30	0.668427
8/1R4p1/8/p7/P4k2/5N2/1Pr2PPP/6K1 w - - 3 32	0.669951
8/4R1p1/8/p2k4/P7/5N2/1Pr2PPP/6K1 w - - 7 34	0.670788
8/3k2p1/8/p7/P2N4/8/1Pr2PPP/6K1 w - - 0 36	0.661732
rnb1k1nr/p1pp1p1p/8/1p6/7q/4K3/PbP1PPPP/RN1Q1B1R b kq - 1 8	0.027019
rnb1k2r/p1pp1p1p/5n2/1p6/7q/2P2K2/P3PPPP/bN1Q1B1R b kq - 2 10	0.000276
rn2k2r/pbpp1p1p/8/1p6/6nq/2P5/P2KPPPP/bN1Q1B1R b kq - 6 12	0.013793
rn2k2r/pbpp1p1p/8/1p6/8/2P1n2P/P2KPqP1/bN2QB1R b kq - 2 14	0.011157
rn2k2r/p1pp1p1p/8/1p6/4bq2/2P1n2P/P2KP1P1/bN2QB1R b kq - 6 16	0.000276
rn2k2r/p1pp1p1p/8/1p6/4bq2/2P1n2P/P3P1P1/bNK1Q2R b kq - 3 18	0.003855
r3k2r/p1pp1p1p/2n5/1p6/5q2/N1P1n2P/P3P1b1/b1K1Q1R1 b kq - 3 20	0.003632
r3k2r/p1pp1pRp/2n5/1N6/1p3q2/2P1n2b/P3P3/b1K1Q3 b kq - 1 22	0.004041
R7/p1ppkp1p/2n5/1N6/1p3q2/2P1n2b/P3P3/b1K1Q3 b - - 0 24	0.045252
8/R1pp1p1p/5k2/1N6/1n3q2/4n2b/P3P3/b1K1Q3 b - - 0 26	0.054792
8/R1pp1p1p/5k2/1N2bq2/1n6/4n2b/P3P3/2K1Q3 b - - 4 28	0.000276
rnbqkbnr/pp1p2pp/4P3/2p5/2P5/8/PP1P1PPP/RNBQKBNR b KQkq - 0 4	0.554427
rnbqkb1r/pp4pp/4pn2/2p5/2PP4/5N2/PP3PPP/RNBQKB1R b KQkq - 0 6	0.536304
r1bqkb1r/pp4pp/2n1pn2/8/2PB4/5N2/PP3PPP/RN1QKB1R b KQkq - 0 8	0.522439
r1bq1rk1/pp4pp/2nbpn2/8/2PB4/2NB1N2/PP3PPP/R2QK2R b KQ - 4 10	0.525536
r1bq1rk1/pp4pp/4pn2/8/2PN1b2/2NB4/PP3PPP/R2Q1RK1 b - - 0 12	0.543612
2rq1rk1/pp1b2pp/4pn2/2P5/3N1b2/2NB1Q2/PP3PPP/R4RK1 b - - 2 14	0.539662
2rq1rk1/pp4pp/5n2/2P1pB2/5b2/2N2Q2/PP3PPP/R4RK1 b - - 0 16	0.540271
3q2k1/pQ3rpp/5n2/2r1pB2/5b2/2N5/PP3PPP/3R1RK1 b - - 2 18	0.549644
5rk1/p5pp/1q3n2/2r1pB2/5b2/2N2Q2/PP3PPP/3R1RK1 b - - 6 20	0.526463
5r1k/p5pp/4Bn2/2r1p3/4Nb2/5Q2/Pq3PPP/3R1RK1 b - - 3 22	0.521819
5r1k/p4Npp/1q2Bn2/4p3/5b2/5Q2/P1r2PPP/3R1RK1 b - - 7 24	0.522439
5rk1/p5pp/4qn2/4N3/5Q2/8/P1r2PPP/3R1RK1 b - - 0 26	0.521199
5rk1/p5pp/4qn2/4N3/8/6Q1/2r2PPP/3RR1K1 b - - 3 28	0.511866
5rk1/p5pp/3N4/3n1q2/8/6Q1/2r2PPP/3RR1K1 b - - 7 30	0.506561
4R1k1/p5pp/3N4/3n4/8/8/2r2rPP/3R2K1 b - - 1 32	0.579911
rn2kbnr/pp2pppp/8/8/P1BPp1b1/8/1P3PPP/RNB1K1NR w KQkq - 1 8	0.480664
r3kb1r/pp2pppp/2n2n2/8/P1BPp1b1/2N5/1P2NPPP/R1B1K2R w KQkq - 5 10	0.480353
3rkb1r/pp3ppp/2n2n2/4p3/P1BPp1b1/2N1B3/1P2NPPP/R4RK1 w k - 0 12	0.489693
3r1b1r/pp3kpp/5n2/4n3/P3p1b1/2N1B3/1P2NPPP/R4RK1 w - - 0 14	0.432932
3r3r/1p2bkpp/5n2/8/P2Bp1b1/2Nn4/1P2NPPP/R4RK1 w - - 3 16	0.422059
3rr1k1/1p2b1pp/5n2/P7/3Bp1b1/2Nn4/1P2NPPP/1R3RK1 w - - 1 18	0.412049
3rr1k1/1p5p/3b1p2/P7/4p1b1/2Nn4/1P2NPPP/1R1R2K1 w - - 0 20	0.407160
4r1k1/1p5p/5p2/P2r4/4p1b1/3n4/1P2NPPK/1R1R4 w - - 0 22	0.359843
4r1k1/1p5p/5p2/P6r/4p3/2Nn2K1/1P3PP1/1R1b4 w - - 0 24	0.340099
4r1k1/1p5p/5p2/P5r1/4p3/2N5/1P3nPK/3R4 w - - 0 26	0.330049
4r1k1/1p5p/8/P5p1/8/2N1p3/1P3nPK/8 w - - 0 28	0.319567
6k1/1p5p/8/P3r1p1/8/1P1np3/4N1PK/8 w - - 1 30	0.307153
6k1/7p/p7/6p1/4r3/1P1np1K1/4N1P1/8 w - - 2 32	0.303824
6k1/7p/p7/2n5/4r1p1/1PN1pK2/6P1/8 w - - 0 34	0.303944
6k1/7p/p7/2n1r3/8/1P2p1p1/4K1P1/3N4 w - - 0 36	0.325936
rnbqkbnr/p1pppp1p/1p6/6p1/4P3/7P/PPPP1PP1/RNBQKBNR w KQkq - 0 3	0.532933
r1bqkbnr/p1pp1p1p/1pn1p3/6p1/4P3/2N2N1P/PPPP1PP1/R1BQKB1R w KQkq - 2 5	0.537832
r2qk1nr/pbpp1pbp/1pn1p3/6p1/2B1P3/2N2N1P/PPPP1PP1/R1BQ1RK1 w kq - 6 7	0.546937
r2q1rk1/pbppnpbp/1pn1p3/6B1/2BPP3/2N2N1P/PPP2PP1/R2Q1RK1 w - - 1 9	0.575961
2rq1rk1/pbp1npbp/1pn1p3/3p4/2BPPB2/2N2N1P/PPP2PP1/2RQ1RK1 w - - 0 11	0.560053
2rq1rk1/pbp2pbp/1pn5/3p4/2BP1B2/5N1P/PPP2PP1/2RQ1RK1 w - - 0 13	0.558283
2rqr1k1/1bp2pbp/ppn5/3p4/3P1B2/2PB1N1P/PP3PP1/2RQ1RK1 w - - 0 15	0.571969
1r1q2k1/1bp2pbp/ppn5/3p1B2/3P1B2/2P2N1P/PP3PP1/2RQr1K1 w - - 0 17	0.572542
1r1q2k1/1bp2pbp/ppn5/3p1B2/3P1BP1/2P2N1P/PP3P2/2R1Q1K1 w - - 1 19	0.570246
1r1q2k1/1bp2p1p/p1n2b2/1p1p1B2/3P1BP1/2P2N1P/PP2QP2/3R2K1 w - - 0 21	0.579911
r2q2k1/1bp2pbp/p1n5/1p1p1BP1/3P1B2/P1P2N1P/1P2QP2/3R2K1 w - - 1 23	0.584648
3r2k1/1bp1qpbp/p1n5/1p1pNBP1/1P1P1B2/P1P4P/4QP2/3R2K1 w - - 3 25	0.577941
2br2k1/2p2Nbp/p1n5/1p1p2P1/1P1P1B2/P1P4P/4qP2/3R2K1 w - - 0 27	0.271554
2br4/2p2kbp/p1n5/1p1p2P1/1P1P1B2/P1P4P/3R1PK1/4q3 w - - 0 29	0.263138
2b1r3/2B2kbp/p1n5/1p1p2P1/1P1P4/P1PR3P/5PK1/4q3 w - - 1 31	0.268619
r1bqkb1r/pppp1ppp/5n2/4P3/1P6/1P6/P3PPPP/RNBQKBNR b KQkq - 0 5	0.589317
r1bqk2r/pppp1ppp/5n2/4P3/8/1P6/P2NPPPP/R2QKBNR b KQkq - 0 7	0.608538
r1bqk2r/pppp1ppp/8/4P3/4Nn2/1P3N2/P3PPPP/R2QKB1R b KQkq - 4 9	0.596055
r1bq1rk1/pp1p1ppp/2pN4/4P3/5n2/1P3N2/P3PPPP/2RQKB1R b K - 1 11	0.597648
r1b2rk1/pp1p1ppp/2pN4/q3P3/5n2/1P2PN2/P2Q1PPP/2R1KB1R b K - 2 13	0.608791
r1b2rk1/pp1p1ppp/2pN4/3nP3/8/1P1BP3/P2N1PPP/2R1K2R b K - 2 15	0.622061
r1br2k1/1p1p1ppp/2pN4/p2nP3/8/1P1BPN2/P4PPP/2R2RK1 b - - 1 17	0.633147
r1br3k/1p1p1Npp/2p5/3nP3/p2N4/1P1BP3/P4PPP/2R2RK1 b - - 0 19	0.713703
r1bN2k1/1p1p2pp/2p1P3/3n4/3N4/pP1BP3/P4PPP/2R2RK1 b - - 0 21	0.711895
r5k1/1p4pp/2p1N3/3n4/8/pP1BP3/P4PPP/2R2RK1 b - - 0 23	0.710189
4r1k1/1p4p1/2p1N2p/3n1B2/8/pP2P3/P4PPP/2RR2K1 b - - 1 25	0.710554
4r1k1/1p4p1/2p1N3/3n1B2/2R4p/pP2P3/P4PPP/3R2K1 b - - 1 27	0.711895
4r1k1/1p2n3/2p1N1B1/8/6Rp/pP2P3/P4PPP/3R2K1 b - - 0 29	0.720793
4r3/1p3k2/2p3R1/8/5N1p/pP2P3/P4PPP/3R2K1 b - - 2 31	0.722659
8/1p1RrkR1/2p5/8/5N1p/pP2P3/P4PPP/6K1 b - - 6 33	0.724655
1nb1kbnr/1pp1pppp/8/8/8/2PP4/rP2QPPP/RNB1K2R w KQk - 0 8	0.930583
Rnb1kbnr/1pp1pppp/8/8/8/2PP4/1P2QPPP/1NB1K2R w Kk - 3 10	0.975013
1Rbk1b1r/1pp1pppp/5n2/8/8/2PP4/1P2QPPP/1NB2RK1 w - - 3 12	0.977065
1Rbk3r/1pp2ppp/4pn2/2b5/5B2/2PP4/1P1NQPPP/5RK1 w - - 2 14	0.977872
1Rbkr3/1pp2ppp/4p3/2bn4/2NP1B2/2P5/1P2QPPP/5RK1 w - - 1 16	0.979207
R1bkr3/b1p2ppp/4p3/1p1nB3/2NP4/2P5/1P2QPPP/5RK1 w - - 0 18	0.983134
2bk2r1/R1p2pBp/4p3/3n4/2pP4/2P5/1P2QPPP/5RK1 w - - 1 20	0.984984
2b1k1r1/R4pBp/2p1p3/3nQ3/2pP4/2P5/1P3PPP/4R1K1 w - - 0 22	0.985695
rnb1kbnr/ppp2ppp/8/4p3/4pP1P/8/PPPK2P1/RNBQ1BNR b kq f3 0 5	0.643128
rnb1kbnr/ppp2ppp/8/8/5p1P/4pN2/PPP3P1/RNBQKB1R b kq - 1 7	0.633371
rnb1k2r/ppp2ppp/5n2/8/1bB2p1P/2N1pN2/PPP3P1/R1BQK2R b kq - 5 9	0.616510
r1b2rk1/ppp2ppp/2n2n2/8/1bB2p1P/2NQpN2/PPP3P1/R1B1KR2 b - - 9 11	0.599759
r5k1/ppp2rpp/2n2n2/8/1b3pbP/2NQBN2/PPP3P1/R3KR2 b - - 0 13	0.490005
3r2k1/ppp2rpp/2n2n2/8/1b4bP/2N1QN2/PPP3P1/3RKR2 b - - 2 15	0.434967
3r2k1/ppp2rpp/2n2n2/3N4/6bP/4QNb1/PPPK2P1/3R1R2 b - - 6 17	0.413696
3r3k/ppp2rpp/2n5/3n4/6QP/5Nb1/PPPK2P1/3R1R2 b - - 0 19	0.337724
7k/ppp2rpp/2n2n2/8/3Q3P/6b1/PPPK2P1/3R1R2 b - - 0 21	0.343281
7k/pp3rpp/5n2/2p4P/3n4/2K3b1/PPP3P1/3R1R2 b - - 0 23	0.337363
7k/pp3rpp/8/2p4P/2Kn4/6b1/PPP2nP1/3R1R2 b - - 4 25	0.340284
6k1/pp3rpp/8/7P/3K4/6b1/PPP2nP1/5R2 b - - 0 27	0.321230
6k1/pp4pp/3bK3/5r1P/8/8/PPP2nP1/5R2 b - - 4 29	0.339915
6k1/pp4pp/5r2/3K3P/1b6/2P5/PP3nP1/5R2 b - - 0 31	0.345193
6k1/pp2b1pp/3r4/7P/2K5/2P5/PP3nP1/4R3 b - - 4 33	0.342525
rn1qkbnr/pp2pppp/2p1P3/8/8/8/PPPP1PPP/RNBQKBNR w KQkq - 0 4	0.646655
rn1q1b1r/pp2pkpp/2p2n2/8/8/3B4/PPPP1PPP/RNBQK1NR w KQ - 2 6	0.634262
rn1q1bkr/pp2p1pp/2p5/3n4/2B5/5N2/PPPP1PPP/RNBQK2R w KQ - 6 8	0.639728
rn1q1bkr/p3p1pp/8/1p1p4/8/5N2/PPPP1PPP/RNBQ1RK1 w - - 0 10	0.647880
r2q1bkr/p3p1pp/2n5/1N1p4/1p6/5N2/PPPP1PPP/R1BQ1RK1 w - - 2 12	0.638217
r2q2kr/p3b1pp/2n1p3/1N1p4/1p1P1B2/5N2/PPP2PPP/R2Q1RK1 w - - 2 14	0.669276
q5kr/p3b1pp/2n1p3/3p4/1p1P1B2/5N2/PPP2PPP/R2Q1RK1 w - - 0 16	0.673093
6kr/p2qb1pp/2n1p3/3p4/1p1P1B2/3Q1N2/PPP2PPP/4RRK1 w - - 4 18	0.678464
6kr/p2q2pp/3bp3/3pn3/1p1P1B2/2PQ4/PP3PPP/4RRK1 w - - 0 20	0.676291
6kr/p2q2pp/3Pp3/3p4/5B2/3Q4/Pp3PPP/4RRK1 w - - 0 22	0.688940
5k1r/p5pp/3qp3/3p4/8/3Q4/PB3PPP/4RRK1 w - - 0 24	0.735020
5kr1/p5pp/4p3/2qpB3/8/6Q1/P4PPP/4RRK1 w - - 4 26	0.742297
4k1r1/p5pp/3Qp3/3p4/8/8/P4PPP/4RRK1 w - - 1 28	0.749724
6Q1/p2k2pp/8/3p4/8/8/P4PPP/4RRK1 w - - 1 30	0.748410
8/p6Q/3k4/8/3p4/8/P4PPP/4RRK1 w - - 0 32	0.748199
rnbq2nr/pppp1kpp/8/4pP2/8/b2P4/1PP2PPP/RNBQKBNR w KQ - 0 5	0.627919
rnbq1k1r/pppp2pp/5n2/4pP1Q/8/N2P4/1PP2PPP/R1B1KBNR w KQ - 1 7	0.606500
r1bq2kr/pppp2pp/2n2n2/4pPQ1/2N5/3P4/1PP2PPP/R1B1KBNR w KQ - 5 9	0.609044
r1bq1k1r/ppp3pp/2np1n2/4pPQ1/2N5/3PBN2/1PP2PPP/R3KB1R w KQ - 2 11	0.634707
r1bqr3/ppp3kp/2np1n2/4pP2/2N4N/3PB3/1PP2PPP/R3KB1R w KQ - 2 13	0.397627
r1bqr3/ppp3kp/3p1n2/5P2/2Np3N/3P4/1PP2PPP/2KR1B1R w - - 0 15	0.392224
r2qr3/ppp3kp/2bp1n2/5P2/2Np3N/3P3P/1PP2PP1/1K1R1B1R w - - 3 17	0.383490
r3r3/pppq2kp/3p1n2/5P2/2Np4/3P1P1P/1PP2P2/1K1R1B1R w - - 1 19	0.359415
r3r3/pppq3p/3p3k/5P2/2Np2n1/3P1P1P/1PP2P2/1K1R1B2 w - - 0 21	0.355617
r3r3/ppp4p/3p1P1k/6q1/2Np2P1/3P1P2/1PP2P2/1K1R1B2 w - - 1 23	0.394525
r7/ppp2P1p/3p3k/6q1/2Np2P1/3P1P2/1PP1rPB1/1K1R4 w - - 3 25	0.386446
3r4/ppp2Pkp/3p4/6q1/1PNp2P1/3P1P2/2P1rPB1/1K3R2 w - - 1 27	0.354373
8/ppp2Pkp/3r4/8/1P1p1Pq1/3P4/2P1rPB1/1K3R2 w - - 0 29	0.288547
8/p1p2k1p/3r4/8/1P1pBq2/3P4/2P1rP2/1K3R2 w - - 0 31	0.281709
8/p1p3k1/3r3p/8/1P1pBq2/3P1P2/2P1r3/1K5R w - - 1 33	0.282232
rnb1kbnr/ppp2ppp/8/3p4/3Q4/N5P1/PPP2P1P/R1B1K1NR b KQkq - 0 8	0.629527
rn2kb1r/ppQ2ppp/4bn2/3p4/8/N5P1/PPP2P1P/R1B1K1NR b KQkq - 0 10	0.630212
rn2k2r/p1Q2ppp/4bn2/1p1p4/8/P4NP1/P1P2P1P/R1B1K2R b KQkq - 1 12	0.644174
rnr3k1/p4ppp/4bn2/Qp1p4/8/P4NP1/P1P2P1P/R1B2RK1 b - - 5 14	0.628380
r5k1/p2n1ppp/4bn2/1Q1p4/8/P3BNP1/P1r2P1P/R4RK1 b - - 0 16	0.626762
r5k1/p4ppp/4b3/1Qnp4/3Bn3/P4NP1/P1r2P1P/3R1RK1 b - - 4 18	0.617973
3r2k1/5ppp/2Q1b3/p1npN3/3Bn3/P5P1/P1r2P1P/3R1RK1 b - - 1 20	0.621345
3r2k1/5ppp/2Q1b3/2npN3/p7/P5P1/P1r2P1P/3RR1K1 b - - 1 22	0.617730
2r3k1/5ppp/3Qb3/2n1N3/p2p4/P5P1/P1r2P1P/3RR1K1 b - - 3 24	0.627919
2r3k1/4N1pp/3Qbp2/2n5/p7/P2p2P1/P1r2P1P/3RR1K1 b - - 1 26	0.668597
2N5/5kpp/3Qnp2/8/p7/P2p2P1/P1r2P1P/3R2K1 b - - 0 28	0.694225
2N5/2r2kpp/4Qp2/8/p7/P5P1/P2p1P1P/4R1K1 b - - 0 30	0.716774
2N1Q3/2r3pp/5p1k/8/p7/P5P1/P2p1P1P/1R4K1 b - - 4 32	0.616755
2N5/6pp/5p1k/8/p7/P3Q1P1/P4PKP/1Rrq4 b - - 1 34	0.703918
2N5/7p/5p1k/3q2p1/p7/P4QP1/P4PKP/2R5 b - - 2 36	0.705463
rnbqkbnr/ppp1p1pp/8/5p2/2Pp4/3PB3/PP2PPPP/RN1QKBNR w KQkq - 0 4	0.502187
r1bqkb1r/ppp1p1pp/2n2n2/5p2/2Pp1B2/3P1N2/PP2PPPP/RN1QKB1R w KQkq - 4 6	0.498750
2rqkb1r/ppp1p1pp/2n1bn2/5p2/2PpPB2/3P1N2/PP1N1PPP/R2QKB1R w KQk - 1 8	0.504687
2r1kb1r/pp2p1pp/2n1bn2/5p2/2PpPq2/3P1N2/PP1NBPPP/R2QK2R w KQk - 2 10	0.411776
2r1kb1r/pp2p1pp/4bn2/4npq1/2PpP3/3P4/PP1NBPPP/R2Q1RK1 w k - 2 12	0.420089
2r1kb1r/pp2p1pp/4b3/5pqn/2PpP3/3P1n2/PP3PPP/R2Q1RK1 w k - 0 14	0.290179
3rkb1r/pp2p1pp/4b3/5pq1/2PpPn2/3P1Q2/PP3PPP/3R1RK1 w k - 3 16	0.293039
3rkb1r/pp2p1pp/4b3/5pq1/2PpP3/3P2n1/PP3PPP/3R1R1K w k - 0 18	0.258862
3rkb1r/pp2p1pp/4b3/6q1/2Pp4/3Pp1P1/PP4PP/4RR1K w k - 0 20	0.256693
3rkb1r/pp2p1p1/4b2p/6q1/P1Pp4/3P2P1/1P2p1PP/3R1R1K w k - 0 22	0.253022
3rkb1r/pp2p1p1/4b2p/8/P1Pp4/3Pq1P1/1P4PP/5R1K w k - 1 24	0.252805
3rkbr1/pp2p1p1/4b2p/P7/2Pp4/3P2P1/1P2q1PP/3R3K w - - 1 26	0.252139
3rkbr1/pp2p1p1/4b2p/P1P5/3p4/6P1/1P1q2PP/2R4K w - - 1 28	0.251792
3rkbr1/pp2p1p1/4b2p/1qP5/1P1p4/6P1/6PP/1R5K w - - 1 30	0.251779
3rkbr1/1p2p1p1/7p/pqPb4/1P1p4/6P1/6PP/1R5K w - - 0 32	0.251303
r1b1k1nr/p1p1p1bp/p4pp1/3q4/3P4/5P1N/PPP2QPP/RNB1K2R b KQkq - 1 8	0.485952
r3k1nr/p1p1p1bp/p3qpp1/8/3P4/4BP1P/PPP2Q1P/RN2K2R b KQkq - 2 10	0.463696
3rk1nr/p1p1p1bp/p4pp1/8/3P4/2N1BP1q/PPP2Q1P/2KR3R b k - 3 12	0.499375
3r1rk1/p1p1p1bp/p4ppn/8/3P4/2N1BP1q/PPP2Q1P/1K1RR3 b - - 7 14	0.481907
3r1rk1/p3p1bp/p1p2pp1/3P1n2/5B2/2N2P1q/PPP2Q1P/1K1RR3 b - - 0 16	0.487822
3r1rk1/p3p1bp/4Rpp1/p1pP1n2/4NB2/5P1q/PPP2Q1P/1K1R4 b - - 1 18	0.485952
3r1rk1/p3p1bp/4Rpp1/p1NP1n2/2P2B2/5P1q/PP3Q1P/1K1R4 b - - 0 20	0.523369
3rr1k1/p3p1bp/4Rpp1/2PP1n2/p3NB2/5P1q/PP3Q1P/1K1R4 b - - 0 22	0.509371
3rr1k1/4p1bp/2P1Rpp1/p2P1n2/4NB2/P4P1q/P4Q1P/1K1R4 b - - 0 24	0.532933
2r1r1k1/2P1p1bp/2R2pp1/3P1n2/p3NB2/P4P1q/P4Q1P/1K1R4 b - - 2 26	0.566197
2r1r3/2P1p1bk/2R2ppp/3P1n2/p3NB2/P4P1q/P4Q1P/1K1R4 b - - 3 28	0.566197
1Rr1r3/2P1p1bk/5ppp/3P1n2/p3NB2/P4P1q/P4Q1P/1K1R4 b - - 7 30	0.569382
1Rr1r3/2P1p1bk/5ppp/2NP1n2/p4B2/P4P1q/P4Q1P/1K2R3 b - - 11 32	0.568226
2r5/2P1p1bk/3P1p1p/2N2np1/p4B2/P4P1q/P4Q1P/1K2R3 b - - 0 34	0.460947
2r5/2P3bk/3p1p1p/5n2/p4N2/P4P1q/P4Q1P/1K2R3 b - - 0 36	0.492502
rnb1k2r/ppppqppp/7n/8/8/3p4/P1PP2PP/RNBK2NR w kq - 2 9	0.018574
rnb2rk1/pppp1ppp/7n/6q1/8/3P2P1/P2P3P/RNBK2NR w - - 1 11	0.019867
rnb2rk1/pppp1ppp/7n/8/3q4/3P2P1/P2P3P/RNBK3R w - - 0 13	0.007798
rnb2rk1/ppp2ppp/3p3n/8/8/B1Nq2P1/P2P3P/R2K3R w - - 0 15	0.007646
r4rk1/ppp2ppp/2npb2n/8/8/B1Nq2P1/P2P3P/R1K1R3 w - - 4 17	0.007609
2r2r1k/pRp2ppp/2npb2n/8/8/B1Nq2P1/P2P3P/2K1R3 w - - 1 19	0.010191
2r2rk1/pRp2ppp/2npb3/1N3n2/8/3q2P1/PB1P3P/2K1R3 w - - 5 21	0.012482
2r2rk1/pRN2ppp/2np4/5n2/8/1bBq2P1/3P3P/2K1R3 w - - 2 23	0.010729
rnbqkbnr/pppp1pp1/8/4p2p/P7/5P1P/1PPPP1P1/RNBQKBNR b KQkq - 0 3	0.000276
rnbqkbnr/pp1ppp1p/8/2p3p1/P2P4/8/1PP1PPPP/RNBQKBNR w KQkq - 0 3	0.549043
r1bqk1nr/pp1pppbp/2n5/2p3B1/P2P4/5N2/1PP1PPPP/RN1QKB1R w KQkq - 3 5	0.551742
r1bqk1nr/pp1pppb1/2n4p/8/P1pP1B2/2P2N2/1P2PPPP/RN1QKB1R w KQkq - 0 7	0.556507
r1bqk2r/pp2ppb1/2n2n1p/3p4/P1pPPB2/2P2N2/1P1N1PPP/R2QKB1R w KQkq - 1 9	0.543309
r1bq2r1/pp2pkb1/2n2n1p/3p4/P1pPPB2/2P5/1P1N1PPP/R2QKB1R w KQ - 0 11	0.507498
rB1q2r1/pp2pkb1/2n2n1p/3P4/P1pP4/2P5/1P1N1PPP/R2bKB1R w KQ - 0 13	0.354167
rB1q3r/pp2pkb1/2P4p/3n4/P1BP4/2P5/1P1N1PPP/R2bK2R w KQ - 1 15	0.479111
r2B3r/pp2pkb1/2P4p/3n4/P1BP4/2P5/1P1N1PPP/R2bK2R w KQ - 1 17	0.701236
r2r4/p4kb1/2pB3p/3n4/P1BP4/2P5/1P1N1PPP/R2bK2R w KQ - 2 19	0.639728
r2r2k1/p5b1/2pB3p/3n4/P1BPN1b1/2P5/1P3PPP/R4RK1 w - - 6 21	0.650296
2rr4/p5bk/P1pB3p/3n4/2BPN1b1/2P5/1P3PPP/R4RK1 w - - 1 23	0.655383
3rr3/p5bk/P1pB3p/3n4/2BPN1b1/2P5/1P3PPP/2R1R1K1 w - - 5 25	0.654999
3rr3/p6k/P1pB1b1p/3n1b2/3P4/2PB4/1P3PPP/2R1R1K1 w - - 0 27	0.658227
3r1r2/p5k1/P1p2b1p/3nBB2/3P4/2P5/1P3PPP/2R1R1K1 w - - 3 29	0.657475
3r4/p5k1/P1p2r1p/3n1B2/3P4/2P5/1P3PPP/3RR1K1 w - - 0 31	0.654034
rnb1kbnr/ppp1pppp/8/8/8/8/PPQP1KPP/RNB3NR b kq - 0 6	0.846321
r1b1kb1r/ppp1pppp/2n2n2/8/8/5N2/PPQP1KPP/RNB1R3 b kq - 4 8	0.843378
2kr1b1r/ppp1pppp/2n1bn2/8/8/2N2N2/PPQP2PP/R1B1R1K1 b - - 8 10	0.839044
1k1r1b1r/ppp1pppp/4bn2/8/3N4/2NP4/PPQ3PP/R1B1R1K1 b - - 0 12	0.848706
1k1r1b1r/ppp1pppp/4bn2/8/4N3/3PB3/PPQ3PP/R3R1K1 b - - 3 14	0.863554
1k1r1br1/ppQ1ppp1/4bn1p/8/4N3/3PB3/PP4PP/2R1R1K1 b - - 0 16	0.999724
r2qkb1r/3b1ppp/p1p4n/8/5P2/8/PPP1PKPP/RNB2BNR w kq - 0 9	0.116629
r2qk2r/3b1ppp/p1pb4/5n2/5P2/2N2N2/PPP1PKPP/R1B2B1R w kq - 4 11	0.125339
r3k2r/3b1ppp/pqpb4/8/5P2/2N1nN2/PPP3PP/R1B2BKR w kq - 0 13	0.101108
r3k2r/3b1ppp/pqpb4/8/5P2/4nN2/PPP3PP/R1B2BKR w kq - 0 15	0.021970
r3k2r/3b1ppp/pqpb4/8/3n1P2/2P5/PP4PP/R1B2BKR w kq - 0 17	0.016344
r3k2r/3b1ppp/pqpb4/8/5P2/2PB4/PP4PP/n1B2K1R w kq - 0 19	0.008625
4rrk1/3b1ppp/pqpb4/8/1P3P2/2PB4/P2B2PP/n4K1R w - - 3 21	0.008375
4rrk1/5ppp/pqpbb3/8/PP3P2/1nPB3P/3B2P1/5K1R w - - 1 23	0.003865
rnb2knr/ppP2ppp/3p4/8/8/4B3/P1Q1PPPP/RN2KBNR w KQ - 0 8	0.989784
r1b2k1r/ppP2ppp/2np1n2/8/8/2N1BN2/P1Q1PPPP/R3KB1R w KQ - 4 10	0.989402
r1b2k1r/ppP2ppp/n2p1n2/8/8/1QN1BN2/P3PPPP/3RKB1R w K - 8 12	0.992503
r1b2k1r/ppP2ppp/5n2/2pN4/8/1Q3N2/P3PPPP/3RKB1R w K - 0 14	0.990201
r1bR3r/ppP2pkp/5p2/2p5/8/1Q3N2/P3PPPP/4KB1R w K - 2 16	0.991788
r6k/ppP2Q1p/5p2/2p5/6b1/5N2/P3PPPP/4KB1R w K - 1 18	0.997074
r6k/ppP4p/8/2p3Q1/6b1/5N2/P3PPPP/4KB1R w K - 3 20	0.998121
2r4k/p6p/1p6/2p5/6Q1/5N2/P3PPPP/4KB1R w K - 0 22	0.998349
8/p2Q3p/1p4k1/2p5/8/5N2/P3PPPP/4KB1R w K - 3 24	0.998767
8/6kp/1Q6/8/2p5/5N2/P3PPPP/4KB1R w K - 1 26	0.999152
8/6kp/8/8/2Q5/5N2/P3PPPP/4KB1R w K - 1 28	0.999244
8/6kp/8/4N3/3Q4/8/P3PPPP/4KB1R w K - 5 30	0.999270
8/7k/7p/4N3/2BQP3/8/P4PPP/4K2R w K - 2 32	0.999724
r1b1kbnr/4pppp/p1p5/5q2/7P/N7/PPP1NPP1/R1B1KBR1 w Qkq - 2 9	0.099504
r3kb1r/4pppp/p1p1bn2/5q2/5B1P/N7/PPP1NPP1/2KR1BR1 w kq - 6 11	0.098908
r3kb1r/5ppp/p1p2n2/3bpq2/5B1P/N7/PPP1NPP1/1K1R1B1R w kq - 0 13	0.082430
r3kb1r/5p1p/2p2n1p/1p1bpq2/7P/8/PPP1NPP1/1K1R1B1R w kq - 0 15	0.021451
r3kbr1/5p1p/2p4p/1p1npq2/7P/8/PPP2PP1/1K1R1B1R w q - 0 17	0.021865
r4br1/4kp1p/7p/1B1ppq2/7P/8/PPP2PP1/1K5R w - - 1 19	0.021657
3r1b2/4kp1p/2B4p/3ppq2/7P/8/PPP2Pr1/1K1R4 w - - 0 21	0.014980
3r1b2/4kp1p/7p/3Bp3/7P/8/PPq3r1/K2R4 w - - 0 23	0.003807
5b2/4kp1p/7p/4p2P/8/8/PPq3r1/KR1r4 w - - 1 25	0.000276
rnbqkbnr/pp2p1pp/8/3Q1p2/8/6P1/PPP1PP1P/RNB1KBNR w KQkq - 0 5	0.568804
r1bqkb1r/pp2p1pp/2n2n2/3Q1p2/8/2N3P1/PPP1PPBP/R1B1K1NR w KQkq - 4 7	0.562403
r2k1b1r/pp2p1pp/2n1bn2/5p2/5B2/2N3P1/PPP1PPBP/R3K1NR w KQ - 2 9	0.563281
3rkb1r/pp2p1pp/2n1bn2/5p2/5B2/2N2NP1/PPP1PPBP/R4RK1 w - - 6 11	0.565033
3rkb1r/pp2p1pp/2n5/3b1p2/5B2/5NP1/PPP1PPBP/3R1RK1 w - - 0 13	0.566487
3rkb1r/1p2p1pp/8/p2bNp2/1n6/4B1P1/PPP1PPBP/3R1RK1 w - - 0 15	0.586304
4kb1r/1p2p1pp/1B6/p2rNp2/1n6/6P1/PPP1PP1P/3R1RK1 w - - 0 17	0.590405
4kbr1/1p2p1pp/8/B2nNp2/8/6P1/PPP1PP1P/5RK1 w - - 1 19	0.591219
4kbr1/2n1p1pp/1p6/4Np2/2P5/6P1/PP1BPP1P/5RK1 w - - 2 21	0.604960
n3kbr1/4p1pp/1B6/1p2Np2/2P5/6P1/PP2PP1P/5RK1 w - - 2 23	0.620627
4kbr1/6pp/1P2p3/1p2Np2/8/6P1/PP2PP1P/5RK1 w - - 0 25	0.638433
6r1/1P2k1pp/3bp3/1p2Np2/5P2/6P1/PP2P2P/5RK1 w - - 1 27	0.627689
1r6/1P2k1pp/4p3/1p2Pp2/8/6P1/PP2P2P/3R2K1 w - - 1 29	0.548442
8/1r2k1pp/4p3/1p2P3/3Rp3/6P1/PP5P/6K1 w - - 0 31	0.528315
8/r3k2p/4p3/1p2P1p1/6R1/6P1/PP5P/6K1 w - - 0 33	0.530781
rn1qkbnr/ppp1pppp/8/3p4/2PP2b1/8/PP2PPPP/RNBQKBNR w KQkq - 1 3	0.505312
rn2kbnr/ppp1pppp/4q3/8/3P2b1/2N5/PP2PPPP/R1BQKBNR w KQkq - 2 5	0.530165
r3kb1r/ppp1pppp/2n1qn2/8/3P2b1/2N1BN2/PP2PPPP/R2QKB1R w KQkq - 6 7	0.593378
r3kb1r/ppp1pppp/2Pq1n2/8/8/2N1Bb2/PP2PPPP/R2QKB1R w KQkq - 0 9	0.593378
r3kb1r/ppp2ppp/2q2n2/4p3/8/2NBBP2/PP3PPP/R2QK2R w KQkq - 0 11	0.695815
r4rk1/ppp2ppp/2q2n2/2b1pB2/8/2N1BP2/PP3PPP/R2Q1RK1 w - - 4 13	0.587128
3r1rk1/ppp2ppp/2q2n2/4pB2/3b4/2N1BP2/PP2QPPP/3R1RK1 w - - 8 15	0.581311
2Brr2k/ppp2ppp/2q2n2/4p3/3bN3/4BP2/PP2QPPP/3R1RK1 w - - 12 17	0.581031
3rr2k/pppq1p1p/5p2/4p3/3b4/4BP2/PP2QPPP/3R1RK1 w - - 0 19	0.482529
3rr1k1/pppq1p1p/8/4pp2/3b4/4BP2/PPQ2PPP/3RR1K1 w - - 0 21	0.489069
3r2k1/pppq1p1p/4r3/4p3/P1Qb1p2/4BP2/1P3PPP/3RR1K1 w - - 0 23	0.479732
3r2k1/ppp2p1p/2q1r3/P7/2Qp1p2/5P2/1P3PPP/3RR1K1 w - - 1 25	0.479111
3r2k1/ppp2p1p/4r3/P5q1/1P1p1p2/3Q1P2/5PPP/3RR1K1 w - - 1 27	0.475702
3r2k1/p4p1p/p3r3/1Pp3q1/3p1p2/3Q1P2/5PPP/3RR1K1 w - - 0 29	0.473228
3r2k1/p4p1p/P3R3/2p5/3p1p2/3q1P2/5PPP/3R2K1 w - - 0 31	0.474464
rnb1kbn1/1p1qppp1/7r/p7/4PP2/2P5/PP4PP/RN2KBNR b KQq - 0 7	0.029139
r1b1kb2/1p1qppp1/2n2n1r/p7/4PP2/2P2N2/PP1N2PP/R3KB1R b KQq - 4 9	0.029276
r1b1kb2/1p2ppp1/2nq1nr1/p4P2/4P3/2P2N2/PP1N2PP/2KR1B1R b q - 0 11	0.032611
r1b1kb2/1p2ppp1/2n2n2/p4P2/2N1Pqr1/2P2N2/PP4PP/1K1R1B1R b q - 4 13	0.027019
r1b1kb2/1p3pp1/2np4/p4PN1/4nqr1/2P5/PP4PP/1K1R1B1R b q - 1 15	0.003543
r3kb2/1p3pp1/2np4/p4br1/4nq2/2PB4/PP4PP/1K1R2R1 b q - 1 17	0.002015
r3kb2/1p3pp1/B1np4/p4br1/8/2n5/PP4Pq/K2R2R1 b q - 1 19	0.000752
r3k3/1B2bpp1/2np4/p4br1/8/8/PP4Pq/K2nR3 b q - 0 21	0.001224
r3k3/4bpp1/2qp4/p4br1/8/8/PP6/K2R4 b q - 0 23	0.001102
r3k3/4bpp1/3p4/p4b2/P7/5qr1/1P6/K3R3 b q - 0 25	0.000760
2r1k3/4bpp1/3p4/p4b2/P3q3/6r1/1P6/K6R b - - 4 27	0.000276
r1bqkbnr/pppppppp/8/8/2Pn4/3P4/PP2PPPP/RNBQKBNR w KQkq - 1 3	0.500937
r1bqkb1r/pppppppp/5n2/8/2P5/3P1P2/PP3PPP/RNBQKB1R w KQkq - 1 5	0.494064
r2qkb1r/ppp1pppp/4bn2/3p4/2P5/2NPBP2/PP3PPP/R2QKB1R w KQkq - 2 7	0.500000
r2qkb1r/pp2pppp/2p1bn2/8/Q1Pp4/2NPBP2/PP2BPPP/R3K2R w KQkq - 0 9	0.435258
r3kb1r/ppq1pppp/2p1bn2/8/Q1P5/2NPPP2/PP2B1PP/R4RK1 w kq - 1 11	0.434385
3rkb1r/1pq1pppp/2p1bn2/p7/Q1P2P2/2NPP3/PP2B1PP/3R1RK1 w k - 1 13	0.440241
3rkb1r/1pq1pppp/2p5/p1P2b2/Q2PnP2/2N1P3/PP2B1PP/3R1RK1 w k - 1 15	0.439947
3rkb1r/1pq1pppp/2p5/p1P5/2bPnP2/1QN1P3/PP4PP/3R1RK1 w k - 0 17	0.449456
3rkb1r/1pq1pppp/2p5/2P5/p2P1P2/2Q1P3/PP4PP/3R1RK1 w k - 0 19	0.452762
3rkb1r/1p3ppp/2p1p3/q1P5/p1QP1P2/4P3/PP3RPP/3R2K1 w k - 0 21	0.452762
3rkb1r/1p3ppp/4p3/1pP2P2/p2P4/4P3/PP3RPP/3R2K1 w k - 0 23	0.452762
3rk2r/1p2b1pp/4p3/1pP5/p2P4/4P3/PP3RPP/2R3K1 w k - 2 25	0.437890
3rk2r/1p4pp/4p3/1pP5/1P1P3b/p1R1P3/P4RPP/6K1 w k - 2 27	0.470451
3r1rk1/1p4pp/4pb2/1pP5/1P1P4/R3P1P1/P4R1P/6K1 w - - 1 29	0.461863
3r2k1/Rp3rp1/4pb1p/1pP5/1P1P4/4P1P1/P4RKP/8 w - - 0 31	0.468912
rnb1kbnr/pp3pp1/7p/3PP3/8/8/PPP3PP/RNB1KBNR b KQkq - 0 7	0.567358
rn2k1nr/pp3pp1/7p/2bPPb2/8/3B1N2/PPP3PP/RNB1K2R b KQkq - 4 9	0.573114
rn3rk1/pp2npp1/3P3p/2b1Pb2/8/2NB1N2/PPP3PP/R1B1K2R b KQ - 0 11	0.579911
rn2r1k1/pp2Ppp1/7p/2b1P3/8/2NP1N2/PP4PP/R1B1K2R b KQ - 0 13	0.627919
r3r1k1/pp2Pp2/2n1P2p/2b5/8/2NP1N2/PP4PP/R3K2R b KQ - 0 15	0.518404
r5k1/pp2rp2/2n1P2p/8/8/2NPbN2/PP4PP/1K1R3R b - - 3 17	0.532625
3r2k1/pp3p2/2n1r2p/8/8/3PNN2/PP4PP/1K1R3R b - - 0 19	0.525536
3r2k1/pp3p2/2n4p/3P4/8/5N2/PP2r1PP/1K1R3R b - - 0 21	0.513736
3r2k1/pp1P1p2/7p/8/1n6/5N2/PP4rP/1K1R3R b - - 0 23	0.550844
3r4/pp1P1p1k/3R3p/8/1n6/5N2/PP2r2P/1K4R1 b - - 4 25	0.560642
3r4/pp1P3k/2nR3p/5p2/2R5/5N2/PP2r2P/1K6 b - - 1 27	0.527698
3r4/pp1P2k1/2nR3p/5R2/5p2/5N2/PP2r2P/1K6 b - - 1 29	0.562110
3r4/1p1P2k1/2nR3p/p4R2/4rp1P/5N2/PP6/1K6 b - - 0 31	0.559464
3r4/1p1P2k1/2n3Rp/5R1P/p1r2p2/5N2/PP6/1K6 b - - 2 33	0.589862
3r4/1p1P2k1/2n3R1/5R1P/p1r2p2/5N2/PP6/1K6 b - - 2 35	0.604187
rnbqkbnr/pp1p1ppp/8/4p3/2p1P1Q1/3B4/PPPPKPPP/RNB3NR b kq - 1 4	0.393756
rnbqkb1r/pp1p1ppp/5n2/4pQ2/4P3/3P4/PP1PKPPP/RNB3NR b kq - 2 6	0.387939
r1bqk2r/pp1p1ppp/2nb1n2/4pQ2/4P3/2NP1N2/PP1PKPPP/R1B4R b kq - 6 8	0.401558
r1b2rk1/pp1p1ppp/1qnb1n2/4pQ2/4P3/2NP1N2/PP1P1PPP/R1B1KR2 b - - 10 10	0.397887
r1b1r1k1/1p1p1ppp/1qnb1n2/p3pQ2/P3P3/2NP1N1P/1P1P1PP1/R1B1KR2 b - - 0 12	0.396330
1rb1r1k1/1p1p1pp1/1qnb1n1p/p3pQ2/P3P3/1PNP1N1P/3P1PP1/1RB1KR2 b - - 0 16	0.333991
1rbr3k/1p1p1pp1/1qnN1n1p/p3pQ2/P3P3/1P1P1N1P/3P1PP1/1RB1KR2 b - - 0 18	0.570534
1rbr2k1/1p1p1pp1/1q1N1n1p/p3Q3/P3P3/1P1P3P/3P1PP1/1RB1KR2 b - - 0 20	0.579068
r1br2k1/1pqp1pp1/3N1n1p/p3Q3/P2PP3/1P5P/1B1P1PP1/1R2KR2 b - - 2 22	0.541488
r1brN1k1/1p1p1pp1/5n1p/p3Q3/P2PP3/1q5P/1B1PKPP1/1R3R2 b - - 1 24	0.387440
r1b1r1k1/1p1p1pp1/5n1p/p3Q3/P1qPP3/2BP3P/4KPP1/1R3R2 b - - 0 26	0.338632
r1b1r1k1/1p1p1pp1/5n1p/p3Q3/P2PP3/3P1K1P/1q3PP1/2R2R2 b - - 3 28	0.279973
r1b3k1/1p1p1pp1/5n1p/p3q3/P3P3/3P1K1P/5PP1/2R1R3 b - - 1 30	0.275953
r5k1/1p3pp1/4bn1p/p2pq3/P3P3/3PRK1P/5PP1/3R4 b - - 3 32	0.257015
rnbqk1nr/2Q1ppbp/p5p1/8/8/7P/PP1PPPP1/RNB1KBNR w KQkq - 1 7	0.581031
r1bk2nr/4ppbp/p1n3p1/8/8/2N4P/PP1PPPP1/R1B1KBNR w KQ - 2 9	0.564742
r1b1k2r/4ppbp/p1n2np1/3N4/8/5N1P/PP1PPPP1/R1B1KB1R w KQ - 6 11	0.642496
N1b2k1r/4ppbp/p1n3p1/3n4/8/5N1P/PP1PPPP1/R1B1KB1R w KQ - 1 13	0.634928
N1b3kr/4pp1p/p1n2bp1/3n4/8/3BPN1P/PP1P1PP1/R1B1K2R w KQ - 3 15	0.648892
N5kr/1b2pp1p/p4bp1/3nn3/4B3/4PN1P/PP1P1PP1/R1B2RK1 w - - 7 17	0.675344
6kr/1bN2p1p/p3pbp1/3n4/8/4PB1P/PP1P1PP1/R1B2RK1 w - - 0 19	0.676761
3r4/1bN2pkp/p3pbp1/3n4/3P4/4PB1P/PP1B1PP1/R4RK1 w - - 3 21	0.679983
3r4/1bn2pk1/p3pbpp/8/3PP3/5B1P/PP1B1PP1/2R2RK1 w - - 0 23	0.682939
8/1bR2p2/p3pbpk/8/3rP3/5B1P/PP3PP1/5RK1 w - - 0 25	0.684092
8/5R2/p3pbpk/8/4r3/7P/PP3PP1/5RK1 w - - 0 27	0.682357
8/6k1/p3p1p1/8/8/5R1P/PP2rPP1/5RK1 w - - 3 29	0.680283
8/6k1/p2rp1p1/8/8/R6P/PP3PP1/1R4K1 w - - 7 31	0.684235
8/5k2/pr2p1p1/8/8/R6P/PP2RPP1/6K1 w - - 11 33	0.687039
8/6k1/pr4p1/4p3/8/3R3P/PP2RPP1/6K1 w - - 0 35	0.690004
rnbqkbnr/ppp1pp1p/3p4/6p1/3PP3/8/PPPK1PPP/RNBQ1BNR b kq - 0 3	0.494376
r1bqkb1r/ppp1pp1p/2np1n2/6p1/3PP3/2N5/PPP2PPP/R1BQKBNR b kq - 4 5	0.502812
r2qkbr1/ppp1pp1p/2np1n2/6p1/3PP1B1/2N5/PPP2PPP/R1BQK1NR b q - 0 7	0.569958
r2qkbr1/ppp1pp1p/3p4/6p1/3nP3/2N5/PPP2PPP/R1BQK1NR b q - 1 9	0.570534
r2qk1r1/ppp1ppbp/3p4/6B1/4P3/2N5/PPQ2PPP/R3K1NR b q - 0 11	0.570534
r2qk2Q/ppp1pp1p/3p4/6r1/4P3/8/PP3PPP/R3K1NR b q - 1 13	0.608538
r5q1/pppkpp2/3p4/6r1/4P3/7Q/PP3PPP/R3K1NR b - - 2 15	0.598706
r3k3/ppp1pp2/3p2q1/6r1/4P3/5N1Q/PP3PPP/R4K1R b - - 6 17	0.565033
r3k3/ppp1pp2/3p4/7r/4P3/5NP1/PP4PP/R4K1R b - - 0 19	0.592031
r3k3/ppR1pp2/3p4/8/4P3/5NP1/Pr4PP/5K1R b - - 0 21	0.567647
r2k4/pp2pp2/3p4/8/4P2P/5NP1/r5P1/2R2K1R b - - 0 23	0.563866
2k5/pp2pp2/3p4/7P/4P3/5NP1/r5P1/5K1R b - - 0 25	0.546937
2k5/pp2pp2/3p3P/8/r3P3/6P1/6P1/4NK1R b - - 0 27	0.581869
2k5/pp2pp1P/3p4/8/7P/8/6P1/4NK1R b - - 0 29	0.735971
8/pp1k1p2/3p1Q2/4p3/7P/8/6P1/4NK1R b - - 2 31	0.739402
rnbqkbnr/ppp1p1pp/8/2Np4/8/8/PPPP1PPP/R1BQKBNR b KQkq - 1 4	0.274298
r1bqkb1r/ppp1p1pp/2n2n2/2Np4/8/3B1N2/PPPP1PPP/R1BQK2R b KQkq - 5 6	0.248125
r2qkb1r/ppp3pp/2n1bn2/3pp3/8/1N1B1N2/PPPP1PPP/R1BQ1RK1 b kq - 3 8	0.255312
r2qk2r/ppp3pp/2nb1n2/3pp3/6b1/1N1B1N2/PPPP1PPP/R1BQ1RK1 b kq - 7 10	0.236887
r2q1rk1/ppp3pp/2nb1n2/3p4/4p1b1/1NP2N2/PP1PBPPP/R1BQ1RK1 b - - 1 12	0.152352
r2q1rk1/ppp3pp/2nb1n2/3p1b2/3P4/1NP2B2/PP3PPP/R1BQ1RK1 b - - 0 14	0.166461
r4rk1/ppp3pp/2nb4/3p1b1B/3Pn2q/1NP1B3/PP3PPP/R2Q1RK1 b - - 4 16	0.000276
rn1k1bnr/pp3ppp/8/2p1P3/8/7P/PPP1PP1P/RNB1KB1R w KQ - 0 8	0.570534
r4bnr/ppk2ppp/2n5/2p1P3/8/2N4P/PPP1PPBP/R1B1K2R w KQ - 4 10	0.579068
3r2nr/ppk2ppp/2nbP3/2p5/5B2/2N4P/PPP1PPBP/R3K2R w KQ - 1 12	0.646655
3r3r/pp3ppp/1knbP2n/1Np5/8/7P/PPP1PPBP/R3K2R w KQ - 2 14	0.453063
7r/pp3ppp/2krP2n/2p5/8/7P/PPP1PP1P/R3K2R w KQ - 0 16	0.480043
7r/pp2nppp/2kr4/2p5/8/7P/PPP1PP1P/R3K1R1 w Q - 0 18	0.453667
7r/pp3pRp/2k2r2/2pn4/8/7P/PPP1PP1P/3RK3 w - - 3 20	0.453969
7r/pp3pR1/2k5/P1pn3p/5r2/7P/1PP1PP1P/3RK3 w - - 0 22	0.459120
7r/pp3pR1/2k5/P1p4p/2P2r2/4P2P/1Pn2P1P/3RK3 w - - 1 24	0.450056
4r3/pp3pR1/2k5/P1p4p/2Pn1r2/1P2P2P/4KP1P/3R4 w - - 1 26	0.437597
4r3/pp3pR1/2k5/P1p4p/2P5/1PK1Pr1P/4nP1P/3R4 w - - 5 28	0.419528
4r3/pp3pR1/2k5/P1p4p/2P2n2/1P1RP2P/1K3r1P/8 w - - 2 30	0.364851
3r4/pp3pR1/2k5/P1p4p/2P5/1P1KP2P/5r1P/8 w - - 1 32	0.360057
8/pp3p1R/2k5/P1p4p/2P5/1PK1P2P/5r1P/4r3 w - - 5 34	0.361134
8/pp6/2k2p1R/P1p4p/2P5/1P1KP2P/5r1P/1r6 w - - 0 36	0.361134
rnbqk1nr/pppQ1p2/7b/6pp/1P2P3/5P2/P1P3PP/RNB1KBNR b KQkq - 0 6	0.063792
rn1qk2r/pppb1p2/5n1b/6pp/1P2P3/2N1BP2/P1P3PP/R3KBNR b KQkq - 3 8	0.056774
r2q1rk1/Bppb1p2/2n2n1b/6pp/1P2P3/2N2P2/P1P3PP/2KR1BNR b - - 0 10	0.027731
3q1rk1/rppb1p2/2n4b/3P2pp/1P6/5P2/P1P3PP/2KR1BNR b - - 0 12	0.020546
3q1rk1/rppb1p2/7b/3P3p/1nB3p1/5P2/P1P3PP/1K1R2NR b - - 1 14	0.015610
5r1k/rppb1p2/5q1b/3P3p/1nB3P1/5P2/P1P3P1/1K1R2NR b - - 0 16	0.022340
5r1k/1ppb1p2/5q1b/3P4/1nBN2p1/r4P2/P1P3P1/1K1R3R b - - 3 18	0.023099
5r1k/1ppb1p2/5q2/3P4/1nBN4/r3bPp1/P1P3P1/1K1R3R b - - 3 20	0.019026
5rk1/1pp2p2/B4q2/3P1b2/1n6/r3bPp1/P1P1N1P1/1K1R3R b - - 7 22	0.000276
r1bqkb1r/ppppppp1/5n2/7p/5P2/Nn1Q1N2/P1P1P1PP/R1B1KB1R b KQkq - 1 6	0.359415
r1bqkb1r/ppp1ppp1/5n2/3pN2p/5P2/3Q1N2/P1P1P1PP/n1B1KB1R b Kkq - 1 8	0.353140
r2qkb1r/ppp1ppp1/4b3/3pN2p/3BnP2/3Q1N2/P1P1P1PP/n3KB1R b Kkq - 5 10	0.363748
r2qkN2/ppp1p1p1/4bp1r/3p3p/3BnP2/3Q1N2/P1P1P1PP/n3KB1R b Kq - 0 12	0.370016
r2q2k1/ppp1p1p1/4bp1r/3p3p/3BnP2/3Q1N2/P1P1P1PP/4KB1R b K - 2 14	0.373703
r2q2k1/ppp1p1p1/4bp2/3p3p/2PBnP2/3Q1NrP/P3P1P1/4KB1R b K - 0 16	0.358350
r2q2k1/pp2p1p1/5p2/2pb3p/4nP2/2BQ1NrP/P3P1P1/4KB1R b K - 1 18	0.351714
r5k1/pp2p1p1/1q3p2/3b3p/2pBnP2/5NrP/P1Q1P1P1/4KB1R b K - 3 20	0.340469
3r2k1/pp2p1p1/5p2/q2b3p/2pBnP2/4P1rP/P1QN2P1/4KB1R b K - 0 22	0.337543
1B1r2k1/1p2p1p1/5p2/q2b3p/2p1nP2/4P1rP/P1QN2P1/4KB1R b K - 2 24	0.300780
1B1r2k1/1p2p1p1/5p2/3b3p/2p2P2/4P1rP/P2K2P1/5B1R b - - 0 26	0.300553
1B1r2k1/1p2p1p1/5p2/7p/2p1bP2/4P1rP/P7/2K2B1R b - - 3 28	0.299095
6k1/1pB1p1p1/5p2/7p/2p2P2/3BP1rP/P7/2K4b b - - 0 30	0.303704
3B2k1/1p2p1p1/5p2/7p/4bP2/3pP1rP/P2K4/8 b - - 3 32	0.289355
3B2k1/1p2p1p1/5p2/7p/3KbP2/4P2P/P2p2r1/8 b - - 1 34	0.257534
rnb1k1nr/ppp3pp/8/8/1b2pp1P/5P2/P1K1P1P1/RNBQ1BNR w kq - 0 9	0.940267
r3k1nr/ppp3pp/n7/5b2/1b2pB1P/5P2/PK2P1P1/RN1Q1BNR w kq - 3 11	0.940267
r3k1r1/ppp3pp/n4n2/5b2/1b2pB1P/2N2P2/PK2P1P1/2RQ1BNR w q - 7 13	0.944964
r3k1r1/ppp3pp/n7/8/1b2bB1P/8/PK2P1P1/2RQ1BNR w q - 0 15	0.948761
3rk1r1/ppp3pp/n7/3b4/1b3B1P/1Q3N2/PK2P1P1/2R2B1R w - - 4 17	0.949900
3rr3/ppB2kpp/n7/3b4/1b5P/4QN2/PK2P1P1/2R2B1R w - - 1 19	0.965108
3r2k1/pp4pp/n7/3bN3/1b5P/4Q3/PK2P1P1/2R2B1R w - - 0 21	0.963954
6k1/1p4pp/n7/4N3/1b2b2P/8/PK1rPQP1/2R2B1R w - - 3 23	0.963534
2Rr3k/1p4pp/n7/4N3/1b2b2P/8/P3PQP1/K4B1R w - - 7 25	0.999724
r1b1kbnr/pppqpppp/8/8/6P1/1P6/P3PP1P/RNB1KBNR b KQkq - 0 5	0.028797
r1b1kb1r/ppp1pppp/5n2/8/6q1/1PN2N2/P3PP1P/R1B1KB1R b KQkq - 3 7	0.060659
3rkb1r/Bpp1pppp/5n2/5b2/6q1/1PN2N2/P3PP1P/R3KB1R b KQk - 0 9	0.057153
3rkb1r/1pp1pppp/5n2/2B5/5q2/1PNb1N2/P3PPBP/R3K2R b KQk - 8 13	0.065196
3rkb1r/1pp1pppp/8/2B5/4bq2/1P3N2/P3PPBP/R4RK1 b k - 1 15	0.073709
3rkb1r/1pp2ppp/8/2B1p3/4b1q1/1P2PN1P/P4PB1/R4RK1 b k - 0 17	0.065480
3rkB1r/1pp2ppp/8/4p1q1/4b2N/1P2P2P/P4PB1/R4RK1 b k - 0 19	0.054914
3rkr2/1pp2ppp/8/4p3/4bP1N/1P2P1qP/P5B1/4RRK1 b - - 2 21	0.015422
rnbqkb1r/1ppp1ppp/4p3/Q7/1P2P3/2P5/P2P1PPP/RNB1KBNR b KQkq - 0 5	0.484395
2bqkb1r/1ppp1ppp/2n1p3/P7/4P3/2P2N2/P2P1PPP/RNB1KB1R b KQk - 2 7	0.476941
2bqk2r/1ppp1ppp/2nbp3/P5B1/3PP3/2P2N2/P4PPP/RN2KB1R b KQk - 2 9	0.485952
2bq1rk1/1ppp2pp/2nbpp2/P7/2BPP3/2P1BN2/P4PPP/RN2K2R b KQ - 3 11	0.487510
2bq1rk1/1ppp2pp/2nbpp2/8/2BPP3/2P1BN2/P2N1PPP/R4RK1 b - - 3 13	0.506561
2b1r1k1/1pppq1pp/2nbpp2/3P4/2B1P3/2P1BN2/P2N1PPP/3R1RK1 b - - 0 15	0.513425
2b1r1k1/1p1pq1pp/B1pbpp2/3Pn3/4P3/2P1BN2/P2N1PPP/3RR1K1 b - - 1 17	0.401823
2b1r1k1/3pq1pp/p1pbp3/3Pn1p1/4P3/1NP1B3/P4PPP/3RR1K1 b - - 1 19	0.322771
2b1r1k1/B2pq1pp/p1pb4/3p2p1/2n1P3/1NP2P2/P5PP/3RR1K1 b - - 0 21	0.290736
4r1k1/1b1pq1pp/p1p5/2Npb1p1/2nBP3/2P2P2/P5PP/3RR1K1 b - - 4 23	0.305652
4r1k1/1q4pp/p1pp4/3Pb1p1/2nB4/2P2P2/P5PP/3RR1K1 b - - 0 25	0.306273
4r1k1/5qpp/p2p4/3pb1p1/P1nB4/2P2P2/6PP/1R2R1K1 b - - 2 27	0.295769
4r1k1/1R4pp/p7/3pp1p1/P1n2q2/2P2P2/6PP/4R1K1 b - - 1 29	0.291682
4r1k1/1R4pp/p7/P2p2p1/4Pq2/2P1n3/6PP/4R1K1 b - - 0 31	0.297460
4r1k1/6pp/p7/P5p1/4p1q1/2P1n3/3R2PP/4R1K1 b - - 3 33	0.297460
rnb1k1nr/pppp1ppp/8/4p1q1/2B1P3/7P/PPPPKbP1/RNBQ2NR b kq - 3 5	0.392734
rnb1k1nr/pppp1ppp/8/4p3/2B1P3/3K1N1P/PPPP2q1/RNBQ2bR b kq - 3 7	0.371850
rnb1k2r/pppp1ppp/5n2/4p3/2B1P3/2NK3P/PPPP4/R1BQ2Nq b kq - 2 9	0.362001
r1b1k2r/pppp1ppp/5n2/3Bp3/1nK1P3/2N4P/PPPP4/R1BQ2Nq b kq - 6 11	0.346939
r1b1k2r/pppp1ppp/8/3Pp3/2K5/2N4P/PPQP4/R1B3Nq b kq - 0 13	0.355409
r1b1k2r/ppp2ppp/3p4/3Pp3/2K5/2N2Q1P/PP1P4/R1B3q1 b kq - 1 15	0.341773
r4rk1/pppb1ppp/3p4/3Pp3/2K1N3/3P1Q1P/PP6/R1B3q1 b - - 2 17	0.328052
r4rk1/pppb1ppp/3p4/3qp3/4N3/3P1Q1P/PPK5/R1B5 b - - 1 19	0.329881
4rrk1/pppb1p1p/3p1p2/3Qp3/8/3P3P/PPK5/R1B5 b - - 0 21	0.479732
4rrk1/Q1p2p1p/1pbp1p2/4p3/8/3P3P/PPK5/R1B5 b - - 0 23	0.512801
2r2rk1/Q1p2p1p/1p1p1p2/4p3/8/3PBb1P/PPK5/6R1 b - - 4 25	0.523988
2r1r2k/2pQ1p1p/1p1p1p2/4p3/8/3PBb1P/PPK5/6R1 b - - 8 27	0.535080
2r4k/2p2p1p/1p1prp2/3bpQ2/8/1P1PB2P/P1K5/6R1 b - - 0 29	0.541184
3r3k/5p1p/1p1prp2/2pbpQ2/P5R1/1P1PB2P/2K5/8 b - - 0 31	0.541184
3r3k/5p1p/1p1prp2/2pbpQ1P/P5R1/1P1PB3/2K5/8 b - - 0 33	0.555022
rnbqkbnr/ppp1pppp/8/8/4p2P/8/PPPP1PP1/RNBQKBNR w KQkq - 0 3	0.465533
r1bqkb1r/ppp1pppp/2n2n2/8/3Pp2P/2N5/PPP2PP1/R1BQKBNR w KQkq - 3 5	0.458816
2rqkb1r/ppp1pppp/2n1bn2/8/3Pp2P/2N1B3/PPP1BPP1/R2QK1NR w KQk - 7 7	0.459425
2rqk2r/ppp1ppbp/2n1bn1p/1N6/3Pp2P/8/PPP1BPP1/R2QK1NR w KQk - 2 9	0.357715
2rq1rk1/1pp1ppbp/p1n1bn1p/1N6/2PPp2P/8/PP2BPP1/2RQK1NR w K - 0 11	0.370702
2rq1r1k/2p1ppbp/p1p1bn1p/1N6/2P1p2P/8/PP2BPP1/2RQK1NR w K - 0 13	0.442900
2r2r1k/2p1ppbp/p1p1qn1p/8/2P1p2P/8/PP2BPP1/2RQK1NR w K - 0 15	0.438183
5r1k/2p1ppbp/p1p1qn1p/8/2P1p2P/1Q1r3N/PP2BPP1/2R1K2R w K - 4 17	0.471685
3r3k/2p1ppbp/p1p1qn1p/8/2P4P/1Q1p3N/PP1K1PP1/2R4R w - - 2 19	0.449456
3r3k/2p1ppbp/p1p2n1p/8/2P1qN1P/1Q1pK3/PP3PP1/2R4R w - - 6 21	0.332258
3r3k/2p1ppbp/p1p4p/8/2P1nq1P/1QKp4/PP3PP1/2R4R w - - 2 23	0.285796
1r4k1/2p1ppbp/p1p4p/8/1KP1nq1P/1Q1p1P2/PP4P1/2R4R w - - 1 25	0.295252
6k1/2p1ppbp/p1p4p/8/2P2q1P/1K1p1P2/PP1n2P1/2R4R w - - 1 27	0.285300
6k1/2p1ppbp/p1p4p/8/5q1P/1K1p1P2/PP1n2P1/2R4R w - - 2 29	0.285300
7k/2p1ppbp/p1R4p/8/2n2q1P/K2p1P2/PP4P1/7R w - - 1 31	0.282918
rnbqkbnr/ppp2ppp/8/3pP3/5P2/4B3/PPP1P1PP/RN1QKBNR b KQkq - 0 4	0.274608
r2qkbnr/ppp2ppp/2n5/3pPb2/5P2/2N1BN2/PPP1P1PP/R2QKB1R b KQkq - 4 6	0.272749
r2qk2r/ppp1nppp/2n5/3pPb2/1b3P2/2N1BN2/PPPQP1PP/2KR1B1R b kq - 8 8	0.266849
r2q1r1k/ppp1nppp/2n5/3pPb2/1b3P2/2N1BN1P/PPPQP1P1/1K1R1B1R b - - 0 10	0.273369
r2q1rk1/ppp2ppp/2n3n1/3pPbN1/1b3P2/2N4P/PPPQPBP1/1K1R1B1R b - - 4 12	0.234395
r2q1r2/ppp2ppk/2n3n1/3NPb2/1b3P2/7P/PPPQPBP1/1K1R1B1R b - - 0 14	0.062687
r2q1r2/ppp2ppk/2n2N2/4Pb2/5n2/7P/PPPRPBP1/1K3B1R b - - 1 16	0.093092
3r1r2/ppp2p1k/2n2P2/5b2/5n2/7P/PPP1PBP1/1K3B1R b - - 0 18	0.000276
rnq1kbnr/ppp2ppp/3p4/4p3/4P3/P7/1PPP1PPP/RNB1KBNR b KQkq - 0 4	0.349305
r1q1kb1r/ppp2ppp/2np1n2/4p3/4P3/P1N2N2/1PPP1PPP/R1B1KB1R b KQkq - 4 6	0.345193
r3kb1r/ppp2ppp/2np1n2/4p3/4Pq2/P1NB1N1P/1PPP1PP1/R1B1K2R b KQkq - 2 8	0.347135
2kr3r/ppp1bppp/2np1n2/4p3/4Pq2/P1NB1N1P/1PPP1PP1/R1B1R1K1 b - - 6 10	0.340099
2kr1r2/ppp1bppp/2np1n2/4p3/2BPPq2/P1N2N1P/1PP2PP1/R1B1R1K1 b - - 0 12	0.445870
2kr1r2/ppp1bppp/3p1n2/4p3/2BnP3/P1N2P1P/1PP2PK1/R1B1R3 b - - 1 14	0.403945
2kr1r2/ppp1bppp/3p1n2/4p3/2B1P3/P1N1BP1P/1P3PK1/R7 b - - 0 16	0.409052
1k1r1r2/pp2bppp/3p1n2/2p1p3/P1B1P3/2N1BP1P/1P3PK1/3R4 b - - 0 18	0.409323
1kr2r2/pp2bpp1/3p1n1p/P1pNp3/2B1P3/4BP1P/1P3PK1/3R4 b - - 2 20	0.412049
1kr2r2/pp2bpp1/3p3p/P2Bp3/2p1P3/4BP1P/1P3PK1/2R5 b - - 1 22	0.423472
1krb1r2/p4pp1/p2p3p/3Bp3/2R1P3/4BP1P/1P3PK1/8 b - - 0 24	0.416461
2k2r2/p4pp1/pb1p3p/4p3/2B1P3/4BP1P/1P3PK1/8 b - - 1 26	0.408781
5r2/p2k1pp1/1b1p3p/p3p3/2B1P2P/4BPK1/1P3P2/8 b - - 0 28	0.399716
5r2/p2k1pp1/3p3p/pB6/3pP2P/5PK1/1P3P2/8 b - - 1 30	0.396848
1r6/p3kpp1/3p3p/p6P/2BpP3/5PK1/1P3P2/8 b - - 2 32	0.357504
r1b1kbnr/pp3p1p/6p1/8/P2qp3/1P6/R3PPPP/1NB1KBNR w Kkq - 0 9	0.085398
r3kb1r/pp3p1p/4bnp1/8/P2qpB2/1P6/R2NPPPP/4KBNR w Kkq - 4 11	0.075614
r3k2r/pp3p1p/4bnp1/8/Pb2pB2/1P6/2R1PPPP/qN2KBNR w Kkq - 8 13	0.020793
3rk2r/pp3p1p/4bnp1/8/Pb2p3/1P6/2R1PPPP/1qBK1BNR w k - 2 15	0.000276
rnbqkbnr/ppp2ppQ/3p4/8/2P2p2/8/PP1PP1PP/RNB1KBNR b KQkq - 0 4	0.299317
rn1qkbn1/ppp2ppr/3pb3/8/2PP1p2/5N2/PP2P1PP/RNB1KB1R b KQq - 0 6	0.295873
r2qkbn1/ppp2pp1/2npb3/3P4/2P2p1r/5N2/PP1NP1PP/R1B1KB1R b KQq - 0 8	0.320774
r2qkb2/ppp1nPp1/2np4/7r/2P2p2/5N2/PP1NP1PP/R1B1KB1R b KQq - 0 10	0.344425
r2q1b2/ppp2kp1/2np2n1/7r/2P1Np2/5N2/PP1BP1PP/R3KB1R b KQ - 3 12	0.337363
r2q2k1/ppp1b1p1/2np2n1/7r/2P1Np2/5N2/PP1BP1PP/1K1R1B1R b - - 7 14	0.340284
r2q2k1/ppp3p1/2np2n1/7r/2P2p2/2N2N2/PP2P1PP/1K1R1B1R b - - 0 16	0.343281
r5k1/ppp3p1/2np2n1/3N1q1r/2P2p2/3R1N2/PP2P1PP/1K3B1R b - - 4 18	0.340840
r5k1/ppp1N1p1/3p4/4nq1r/2P2p2/3R4/PP2P1PP/1K3B1R b - - 1 20	0.453365
r7/ppp3Nk/3p4/7r/2P2p2/3n4/PP2P1PP/1K3B1R b - - 0 22	0.466760
4r3/ppp3k1/3p4/7r/2P2p1P/3P4/PP4P1/1K3B1R b - - 0 24	0.452160
7r/ppp3k1/3p4/8/2P2p1r/3P4/PP2B1P1/1K1R4 b - - 1 26	0.448857
8/ppp3k1/3p4/8/2P2p2/3P1B2/PPK3Pr/3R3r b - - 5 28	0.447959
8/ppp3k1/3p4/8/2P2p2/3P1B2/PPK3P1/7r b - - 2 30	0.452160
8/pp6/2pp1k2/8/2P1Bp2/2KP4/PP4P1/7r b - - 3 32	0.447362
rnb1kbnr/ppp1ppp1/7p/8/1Pp5/4P1P1/P2N1P1P/R1BQKBNR b KQkq - 0 5	0.681178
r1b1kbnr/ppp1ppp1/7p/8/1nB1N3/4P1P1/P4P1P/R1BQK1NR b KQkq - 1 7	0.681030
r3kb1r/ppp1ppp1/5N1p/5b2/1nB5/B3P1P1/P4P1P/R2QK1NR b KQkq - 0 9	0.682357
r3kb1r/ppp2pp1/5p1p/5b2/2B5/B3PNP1/P1n2P1P/R2Q1K1R b kq - 3 11	0.605988
3rk2r/ppp2pp1/5p1p/5b2/2B5/b3PNP1/P1n1QP1P/1R3K1R b k - 3 13	0.596587
3r1rk1/ppp2pp1/5p1p/5b2/1bB5/4PNP1/P1n1QP1P/3R2KR b - - 7 15	0.580752
3r1rk1/pp3pp1/2p2p1p/3B1b2/4P3/2b2NP1/P1n1QP1P/3R2KR b - - 0 17	0.584371
3r1rk1/pp2Qpp1/5p1p/3p1P2/1n6/2b2NP1/P4P1P/3R2KR b - - 2 19	0.598969
4rrk1/pp3pp1/3Q1p1p/3p1P2/1n1N4/2b3P1/P4P1P/3R2KR b - - 6 21	0.588498
5rk1/pp3pp1/3Q1p1p/3p1P2/1P1br3/6P1/5P1P/3R2KR b - - 0 23	0.596853
5rk1/pp3pp1/5p1p/3QbP2/1r6/6P1/5P1P/3R2KR b - - 0 25	0.592301
5rk1/1p1Q1pp1/5p1p/p3bP2/8/6P1/1r3PKP/3R3R b - - 1 27	0.592571
5rk1/3Q1pp1/5p1p/1p2bP2/p3R3/6P1/1r3PKP/3R4 b - - 1 29	0.574255
5rk1/3Q1pp1/5p1p/1p2bP2/6R1/6PP/pr3PK1/3R4 b - - 1 31	0.419528
5rk1/3Q1pp1/2R2p1p/4bP2/8/1p4PP/pr3PK1/3R4 b - - 1 33	0.472302
rnbqkbnr/pppp2pp/4p3/5p2/2P2P2/8/PP1PP1PP/RNBQKBNR w KQkq - 0 3	0.748125
rnbqkbnr/ppp3pp/8/3p1p2/5P2/5N2/PP1PP1PP/RNBQKB1R w KQkq - 0 5	0.761242
r1bqkb1r/ppp3pp/2n2n2/3p1p2/3P1P2/2N2N2/PP2P1PP/R1BQKB1R w KQkq - 1 7	0.754375
r2qk2r/ppp3pp/2nbbn2/3pNp2/3P1P2/2N1B3/PP2P1PP/R2QKB1R w KQkq - 5 9	0.751562
2rq1rk1/ppp3pp/2nbbn2/3pNp2/3P1P2/2N1B2P/PP2P1P1/2RQKB1R w K - 1 11	0.731596
2rqr1k1/1pp3pp/p1nbbn2/3pNp2/3P1P2/P1N4P/1P2PBP1/2RQKB1R w K - 2 13	0.735018
2rqr1k1/1pp3pp/p2bbn2/3pP3/3P1p2/P1N1P2P/1P3BP1/2RQKB1R w K - 0 15	0.797539
2rqr2k/1pp4p/p2bbp2/4P3/3P1p2/P3P2P/1P3BP1/2RQKB1R w K - 0 17	0.847118
2r1r2k/1pp4p/p2qbp2/8/3P4/P3B2P/1P4P1/2RQKB1R w K - 0 19	0.846055
2r1r2k/1pp4p/p3bp2/8/3P4/P2BB2P/1P1K2q1/2RQ3R w - - 0 21	0.796031
2r1r1k1/1pp4p/p4p2/7Q/3P4/P1KBB2b/1P4q1/2R4R w - - 2 23	0.999724
2r1rk2/1pp3qQ/p4p1B/8/3P4/P1KB3b/1P6/2R4R w - - 3 25	0.999724
rnbqk2r/1pp2ppp/5n2/p2QP3/2B5/P3P3/2P2PPP/RNB1K1NR b KQkq - 0 7	0.122311
rnbq1rk1/1pp2ppp/8/p2nP3/2B5/P3PN2/2P2PPP/RNB2RK1 b - - 3 9	0.113968
rn1q1rk1/1p3ppp/2p5/p2nPb2/2B5/P1P1PN2/5PPP/RNBR2K1 b - - 0 11	0.108775
rn1qr1k1/1p3ppp/2p5/3nPb2/p1B5/P1P1PN2/1B1N1PPP/R2R2K1 b - - 3 13	0.114409
r2qr2k/1p1n1ppp/2p5/3PPb2/p1B5/P1P2N2/1B1N1PPP/R2R2K1 b - - 0 15	0.201859
r2qr2k/1B3ppp/8/4nb2/p7/P1P2N2/1B1N1PPP/R2R2K1 b - - 0 17	0.207601
1r1qr1k1/1B3ppp/8/4Bb2/p1P5/P4N2/3N1PPP/R2R2K1 b - - 0 19	0.223537
4r1k1/1r3ppp/2P5/4Bb2/p7/P2q1N2/3N1PPP/R2R2K1 b - - 0 21	0.227251
4r1k1/2P2ppp/8/5b2/p2B4/P2q1N2/3NrPPP/R2R2K1 b - - 0 23	0.237199
4r3/2P2pk1/7p/5bN1/p7/P2q4/3NrPPP/R2R2K1 b - - 1 25	0.079881
7r/2P2pk1/8/5bp1/p7/P2R1N2/4rPPP/R5K1 b - - 0 27	0.226321
4r3/2P2pk1/8/6N1/p7/P2b4/4rPPP/2R3K1 b - - 2 29	0.000276
rn2kbnr/p3pppp/bp6/2pq4/3PP3/N7/PP3PPP/R1BQKBNR w KQkq - 0 6	0.701565
rn2kbnr/p3pppp/1p6/1bp5/3Pq3/4B3/PP3PPP/R2QKBNR w KQkq - 0 8	0.503750
3rkbnr/p3pppp/1pn5/1Bp5/3Pq3/4BN2/PP3PPP/R2QK2R w KQk - 3 10	0.541792
3rkb1r/p4ppp/1pn1pn2/1Bp5/3Pq3/4BN2/PP3PPP/2RQ1RK1 w k - 0 12	0.588498
3rkbr1/p4ppp/1pn1p3/2p5/3Pn3/4BN2/PP3PPP/2RQ1RK1 w - - 0 14	0.653451
3rkbr1/p4ppp/1pn1p3/8/4N3/4p3/PP3PPP/2RQ1RK1 w - - 0 16	0.630439
3rkbr1/p4p1p/1pn1p1p1/7Q/4N3/8/PP3RPP/2R3K1 w - - 0 18	0.708414
3r1bN1/p4p1p/1pnkp1p1/7Q/8/8/PP3RPP/2R3K1 w - - 1 20	0.716148
3r2N1/p1k1bR1p/1pn1p1p1/7Q/8/8/PP4PP/3R2K1 w - - 1 22	0.735165
3r4/p4R1p/1pk1p3/7p/8/8/PP4PP/3R2K1 w - - 0 24	0.720027
2R5/p4R2/1p1kp2p/7p/8/8/PP4PP/6K1 w - - 2 26	0.723235
2R5/1R6/1p1kp2p/8/8/7p/PP4PP/6K1 w - - 0 28	0.729207
2R5/4k3/1R2p3/7p/8/7P/PP5P/6K1 w - - 1 30	0.732428
4R3/8/1R2pk2/8/7p/7P/PP5P/6K1 w - - 0 32	0.733930
4R3/8/8/4R3/5k1p/7P/PP5P/6K1 w - - 3 34	0.733093
rnbqk1nr/pppp1ppp/8/4P3/8/b5P1/PPP1PP1P/RNBQKBNR b KQkq - 0 3	0.534467
r1bqk1nr/pppp1ppp/2n5/2b1P3/8/5NP1/PPP1PPBP/RNBQK2R b KQkq - 4 5	0.545125
r2qk1nr/ppp2ppp/2n5/2bpPb2/8/2N2NP1/PPP1PPBP/R1BQ1RK1 b kq - 3 7	0.551442
r2q1rk1/ppp1nppp/2n5/2bpPbB1/8/2N1PNP1/PPP2PBP/R2Q1RK1 b - - 0 9	0.529857
2rq1rk1/1pp1nppp/p1n5/2bpPbB1/8/2N1PNP1/PPP2PBP/2RQR1K1 b - - 1 11	0.531088
2rqr1k1/1pp1nppp/p7/2bpPb2/4P3/2N2NP1/PPP2PBP/2RQR1K1 b - - 0 13	0.535692
2rqr2k/1pp1nppp/p3N3/2bpP3/4P3/2N3P1/PPP2PBP/2RQR1K1 b - - 0 15	0.586304
2rq1r1k/1pp1n1pp/p3p3/2bPP3/4N3/6P1/PPP2PBP/2RQR1K1 b - - 2 17	0.603411
2rq1r1k/1pp1n1pp/p3P3/4P3/4N3/6P1/PPP2PBP/2R1Q1K1 b - - 0 19	0.590948
2r2r1k/1pp1P1pp/p1n5/4P3/3qN3/2Q3P1/PPP2PBP/2R3K1 b - - 0 21	0.612560
2r4k/1pp1Prpp/p7/4P3/3nN3/6PB/PPP2P1P/2R3K1 b - - 1 23	0.544520
2B4k/1pp1Prpp/p7/4P3/4N3/6P1/PPP2PKP/2n5 b - - 0 25	0.544218
7k/1Bp3pp/p7/4r3/4N3/5KP1/PPP2P1P/2n5 b - - 1 27	0.530165
7k/2p3pp/8/8/2B1N3/5KP1/PrP2P1P/2n5 b - - 1 29	0.487510
7k/2p3pp/8/8/4N3/1P3KP1/2r2P1P/8 b - - 0 31	0.484084
rnbq2nr/pppk1ppp/8/4P3/4P3/8/P1Pb1PPP/RN2KBNR w KQ - 0 7	0.063237
r1bqk1nr/ppp2ppp/2n5/1B2P3/4P3/8/P1PN1PPP/R3K1NR w KQ - 3 9	0.073083
r2qk1nr/p1p2ppp/b1p5/4P3/4P3/5N2/P1PN1PPP/R3K2R w KQ - 2 11	0.067643
r1q1k2r/p1p1nppp/b1p5/4P3/4P3/1N3N2/P1P2PPP/3RK2R w K - 6 13	0.073552
r1q1kr2/p1p1nppp/2p5/2N1P3/2b1P3/5N1P/P1P2PP1/3RK2R w K - 1 15	0.070168
1rq1kr2/p1p1npp1/2p4p/2N1P3/2b1P3/5N1P/P1P2PP1/3RK2R w K - 2 17	0.062961
2q1kr2/p1p2pp1/2p3np/2N1P3/P1bNP3/7P/1rP2PP1/3RK2R w K - 3 19	0.063792
2q2r2/p1p1kpN1/2p4p/2N1n3/P1b1P3/7P/1rP2PP1/3RK2R w K - 1 21	0.070168
2q2r2/p1p2p2/2p2k1p/2N1nN2/P1b1P3/2P4P/4rPP1/3RK2R w K - 1 23	0.029002
5r2/p1p2p2/2p2k1p/2N1nq2/P1b1r3/2P4P/5PP1/3R2KR w - - 0 25	0.030114
5r2/p1p2p2/2p2k1p/P3n3/2b5/2P4P/2q2PP1/3R2KR w - - 1 27	0.025106
6r1/p1p2p2/2p2k1p/P7/2b5/2P2P1P/2q2P2/4R1KR w - - 1 29	0.000276
1r1qkbnr/p1pppppp/bp6/4P3/5P2/8/PPPP1KPP/RNBQ2NR b k - 0 5	0.478801
1r1qkbnr/p1pp1ppp/1p2p3/4P3/2b2P2/2N2N2/PPPP1KPP/R1BQ3R b k - 1 7	0.494376
1r1qk1nr/p1pp1ppp/1p2p3/4P3/1bbP1P2/2N2N2/PPP3PP/R1BQ2KR b k - 2 9	0.502812
1r1qk2r/p1ppnppp/1p2p3/4P3/2bP1P2/2P1BN2/P1P3PP/R2Q2KR b k - 2 11	0.490317
1r1q1rk1/p1pp1ppp/1p2p3/4Pn2/2bP1P2/2P2N2/P1P2BPP/2RQ2KR b - - 6 13	0.477251
1r1q1rk1/p1p1nppp/1p2p3/3pP3/P1bP1PP1/2P2N2/2P2B1P/2RQ2KR b - - 0 15	0.470143
1r3rk1/p1pq1ppp/1p2p1n1/3pP3/P1bP1PP1/2P2N2/2PQ1B1P/R5KR b - - 4 17	0.464614
3r1rk1/2pq1ppp/pp2p1n1/P2pP1P1/2bP1P2/2P2N2/2PQ1B1P/R5KR b - - 0 19	0.462168
3r1rk1/2p1qppp/p3p1n1/R2pP1P1/2bP1P2/2P2N1P/2PQ1B2/6KR b - - 0 21	0.467682
3r1rk1/2q2ppp/p1p1p1n1/2RpP1P1/2bP1P2/2P2N1P/2PQ1B1K/7R b - - 3 23	0.481907
3r1rk1/2q2ppp/2p1p1n1/2RpP1P1/p1bP1P2/2P2N1P/2PQ1BK1/4R3 b - - 1 25	0.460033
3r1rk1/2q2ppp/2p1p1n1/2RpP1P1/2bP1P2/2P2N1P/p1PQ1BK1/4R3 b - - 1 27	0.413421
3rr1k1/5ppp/1qp1p1n1/2RpP1P1/2bP1P2/2P2N1P/p1PQ1BK1/4R3 b - - 5 29	0.410138
3r2k1/4rppp/2p1p1n1/R2pP1P1/2bP1P2/2P2N1P/p1PQ1B1K/1q2R3 b - - 9 31	0.412597
rnbq1bnr/ppp2kpp/8/3pPp2/8/4B3/PPP1PPPP/RN1QKBNR w KQ - 1 5	0.574540
r2q1bnr/ppp2kpp/2n1b3/3pPp2/8/2N1BN2/PPP1PPPP/R2QKB1R w KQ - 5 7	0.609550
r2q1bnr/pppk2pp/2n1b3/2BpPpN1/8/2N5/PPP1PPPP/R2QKB1R w KQ - 9 9	0.609550
r4qnr/ppp3pp/2n1k3/3pPp2/8/2N5/PPP1PPPP/R2QKB1R w KQ - 0 11	0.626297
r4qnr/ppp3pp/2n1Pk2/3Q1p2/8/2N5/PPP1PPPP/R3KB1R w KQ - 1 13	0.617486
3r1q1r/pppQn1pp/2n1Pk2/5p2/8/2N5/PPP1PPPP/2KR1B1R w - - 5 15	0.594987
6qr/ppQ1n1pp/2n1Pk2/5p2/8/2N5/PPP1PPPP/3K1B1R w - - 1 17	0.586579
3r4/pQ2n1pp/2n1qk2/5p2/8/2N5/PPP1PPPP/2K2B1R w - - 1 19	0.571969
8/p1Q1n1pp/4qk2/5p2/3n4/2N5/PPPrPPPP/1K3B1R w - - 5 21	0.662817
5Q2/p3nqpp/5k2/5p2/8/2N2n2/PPPrPPPP/1K3B1R w - - 9 23	0.654227
8/p4kpp/8/3n1p2/8/2N2P2/PPPrPP1P/1K3B1R w - - 1 25	0.653451
8/p4kpp/8/5p2/3r4/2n1PP2/PPP2P1P/2K2B1R w - - 0 27	0.680133
8/p4kpp/8/5p2/1n1P4/5P2/1PPK1P1P/5B1R w - - 2 29	0.686069
8/p5pp/5k2/8/1nBP1p2/5P2/1PPK1P1P/4R3 w - - 0 31	0.687176
8/p3R1pp/2n5/5k2/2BP1p2/5P2/1PPK1P1P/8 w - - 4 33	0.696176
rnb1k1nr/ppppb1pp/8/5Q2/6PP/8/PPP1PP2/RNB1KBNR b KQkq - 0 7	0.716305
r1b1k2r/ppppb1pp/2n2n2/5Q2/6PP/2N2N2/PPP1PP2/R1B1KB1R b KQkq - 4 9	0.711719
r1Q2rk1/ppp1b1pp/2n2n2/3p4/6PP/2N1BN2/PPP1PP2/R3KB1R b KQ - 0 11	0.614791
2r2rk1/ppp3pp/2nb1n2/3p4/6PP/2N1BN1B/PPP1PP2/2KR3R b - - 3 13	0.628610
2r2r1k/ppp3pp/2nb4/3N4/4n1PP/4BN1B/PPP1PP2/1K1R3R b - - 2 15	0.653645
4r2k/ppp2rpp/2nb4/3N2P1/4n2P/4BN1B/PPP1PP2/1K1RR3 b - - 2 17	0.656908
4r2k/1pp2rpp/2nb2P1/3N3P/p3n3/4BN1B/PPP1PP2/1K1RR3 b - - 0 19	0.663892
4rrk1/1pp3pp/2nb2P1/3N3P/p1P1n1B1/4BN2/PP2PP2/1K1RR3 b - - 0 21	0.661732
4rrk1/2p1N1pp/1p1b2P1/4n2P/p1P1n3/4BN1B/PP2PP2/1K1RR3 b - - 3 23	0.569670
2r3k1/2p1r1pp/1p1b2P1/4n1NP/p1P1n3/4B3/PP2PP2/1K1RR3 b - - 1 25	0.467989
2r4k/2p1r1pp/1p1N2P1/7P/p1n5/4B3/PP2PP2/1K1RR3 b - - 0 27	0.552638
2r4k/6pp/1p1p2PP/8/p1nBr3/8/PP2PP2/1K1RR3 b - - 0 29	0.565906
2r4k/6p1/1p1p2pP/8/p1nR4/8/PP2PP2/1KR5 b - - 1 31	0.565906
2r4k/6p1/3p2pP/1p6/2nR4/1P6/4PP2/1KR5 b - - 0 33	0.578505
7k/6P1/3p2p1/1p6/3R4/nP6/1K2PP2/2r5 b - - 0 35	0.572828
rnbqkbnr/ppp1p1pp/8/3p1p2/3P4/7N/PPP1PPPP/RNBQKB1R w KQkq - 0 3	0.513736
r1bqkb1r/ppp1p1pp/2n2n2/3p1p2/3P1B2/2N4N/PPP1PPPP/R2QKB1R w KQkq - 4 5	0.543006
r2qkb1r/pppb2pp/2n1pn2/3p1pN1/3P1B2/2N5/PPP1PPPP/2RQKB1R w Kkq - 0 7	0.513736
r2qk3/pppb2pr/2nbpn2/3p1p2/3P1B2/2N1P3/PPP2PPP/2RQKB1R w Kq - 0 9	0.435550
r2qk3/pp1b2p1/2nppn2/3p1p2/3P3r/2N1P3/PPP1BPPP/2RQK2R w Kq - 0 11	0.439358
r2q4/pp1bk1p1/2npp3/3p1p1B/3Pn2r/2N1P3/PPP2PPP/2RQ1RK1 w - - 4 13	0.443790
2rq4/pp1bk1p1/3pp1B1/3p1p2/1n1Pn2r/2N1PQ2/PPP2PPP/2R2RK1 w - - 8 15	0.445573
2rq4/pp1bk1p1/3pp1B1/3p1p2/1P1Pn2r/4PQ2/1PP2PPP/2R2RK1 w - - 1 17	0.440241
2r5/ppq1k1p1/3pp1B1/1b1p1p2/1P1Pn2r/2P1PQ2/1P3PPP/2RR2K1 w - - 3 19	0.437890
3r4/ppq1k1p1/3pp1B1/3p1p2/1P1Pn2r/2PbPQ1P/1P3PP1/2R1R1K1 w - - 3 21	0.440536
3r4/1pq1k1p1/p2pp1B1/3p1p2/1PbPn2r/2P1PQ1P/1P3PP1/3RR2K w - - 0 23	0.439358
3r4/2q1k1p1/pp1pp1B1/1b1p1p2/1P1Pn2r/2P1PQ1P/1P3PP1/3RR2K w - - 0 25	0.439652
3r4/2q1k1p1/pp1pp1B1/3p1p2/1P1Pn2r/1bP1PQ1P/1P3PP1/3RR2K w - - 4 27	0.431774
3r4/2q1k1p1/p2pp1B1/1p1p1p2/1PbPn2r/2P1PQ1P/1P3PP1/2R1R1K1 w - - 2 29	0.439358
3r4/4k1p1/p2pp1B1/1p1p1p2/1PqPn2r/1bP1PQ1P/1P3PP1/2R1R1K1 w - - 6 31	0.436134
rnbqkb1r/ppp1pppp/5n2/3p4/8/3P1P2/PPP1P1PP/RNBQKBNR w KQkq - 0 3	0.464614
r2qkb1r/ppp1pppp/2n2n2/3p1b2/8/2NPBP2/PPP1P1PP/R2QKBNR w KQkq - 4 5	0.462168
r2qk2r/ppp2ppp/2nb1n2/3ppb2/8/2NPBP1P/PPP1P1P1/2RQKBNR w Kkq - 1 7	0.447362
r2q1rk1/ppp2ppp/3b1n2/3ppb2/1P1n4/P1NPBP1P/2P1P1P1/2RQKBNR w K - 1 9	0.431196
r2q1rk1/ppp2ppp/5n2/1N1p1b2/1P1p4/P2P1PbP/2P1P1P1/2RQKBNR w K - 2 11	0.396330
r2q1rk1/ppp2ppp/5n2/1N1p1b2/1P1p4/P2P1P1P/2P1P1P1/2bQKBNR w - - 0 13	0.418969
r4rk1/ppp1qppp/5nb1/3p4/1P1N4/P2P1P1P/2P1P1P1/2Q1KBNR w - - 1 15	0.423755
3r1rk1/pp2qppp/2p2nb1/3p4/1P1NP3/P2P1P1P/2P1N1P1/2Q1KB1R w - - 0 17	0.435842
3rr1k1/pp2qppp/2p2n2/3p1bQ1/1P2P3/P2P1P1P/2P1N1P1/4KB1R w - - 0 19	0.442900
3rr1k1/pp3ppp/2p2n2/4qQ2/1P1pPN2/P2P1P1P/2P3P1/4KB1R w - - 2 21	0.452160
3r2k1/pp3ppp/2p2n2/4rP2/1P1p1N2/P2P1P1P/2P1B1P1/4K2R w - - 1 23	0.446168
3r2k1/1p3ppp/2p2n2/4rP2/pP1p1NP1/P2P1P1P/2P1BK2/7R w - - 0 25	0.456691
3r2k1/1p3ppp/2p5/3n1P2/pP1p1NP1/P2PrP1P/2P1B1K1/3R4 w - - 4 27	0.419248
3r2k1/1p3ppp/2p5/3N1P2/pP1p2P1/P2P1P1P/2r5/3R1K2 w - - 0 29	0.416739
3r1k2/1p2Nppp/2p5/5P2/pP1p2P1/P1rP1P1P/8/4RK2 w - - 4 31	0.403147
rn2kbnr/pp2p1pp/2p2Q2/8/6b1/7N/PPPNBP1P/R1B1K2R b KQkq - 0 8	0.474774
r3kb1r/pp1np1pp/2p2n2/8/5Nb1/8/PPPNBP1P/R1B2RK1 b kq - 3 10	0.472610
r3kb1r/pp2p1pp/2p2n2/4n3/5P2/8/PPPNN2P/R1B2RK1 b kq - 0 12	0.472610
2kr1b1r/pp2p1pp/2p2n2/8/2N2Pn1/7P/PPP1N3/R1B2RK1 b - - 0 14	0.481285
2kr1b1r/p3p1pp/2N2n1n/1p6/5P2/7P/PPP1N3/R1B2RK1 b - - 0 16	0.529241
5b1r/pk2p1pp/2N2n1n/1p1r4/3N1P2/4B2P/PPP5/R4RK1 b - - 4 18	0.526154
5b1r/pk2p1pp/5n2/1p1rNP2/3N4/4B2P/PPP5/R4RK1 b - - 0 20	0.523988
5b1r/pk2p1pp/5n2/1p1r1P2/3N1B2/7P/PPP5/3R1RK1 b - - 3 22	0.525536
5b1r/pk2p1pp/8/3r1P2/1p1NnB2/5R1P/PPP3K1/3R4 b - - 1 24	0.519957
5br1/pk2p1pp/8/3r1P2/3NnB2/2P2R1P/P5K1/3R4 b - - 0 26	0.528932
3r1br1/1k2p1pp/p7/5P2/2PNnB2/1R5P/P5K1/3R4 b - - 1 28	0.547840
3r1br1/k3p1pp/p1R5/5P2/2PNnB2/7P/P5K1/3R4 b - - 5 30	0.542702
k2r1br1/2R1p2p/p5P1/8/2PNnB2/7P/P5K1/3R4 b - - 0 32	0.534160
k2r4/4R1bp/p5r1/8/2PNnB2/7P/P6K/3R4 b - - 0 34	0.502187
k2r4/6rp/p7/4B3/2PN4/2n4P/P6K/3R4 b - - 1 36	0.481285
rnbq1bnr/ppk3pp/8/3p1p2/8/3PB2N/PP2PPPP/RN2KB1R w KQ - 0 9	0.325454
r1bq1b1r/ppk3pp/2n2n2/3p1p2/5N2/2NPB3/PP2PPPP/R3KB1R w KQ - 4 11	0.318378
rkbq3r/pp2b1pp/2n2n2/3p1p2/5N2/2NPB2P/PP2PPP1/3RKB1R w K - 1 13	0.311598
rkbqr3/pp2b1pp/2n2n2/1N3p2/P2p1N2/3PB2P/1P2PPP1/3RKB1R w K - 0 15	0.303465
rk1qr3/pp1b2pp/2n2n2/1Nb2p2/P2p1N2/3P2PP/1P1BPP2/3RKB1R w K - 1 17	0.307153
rk1qr3/pp4p1/2n1bnNp/1Nb2p2/P2p4/3P2PP/1P1BPPB1/3RK2R w K - 2 19	0.321997
r1kqr3/ppN3p1/2n1bnNp/5p2/Pb1p1B2/3P2PP/1P2PPB1/3RK2R w K - 6 21	0.334341
r1k1q3/pp4p1/2n2nNp/5p2/Pb1p1B2/1b1P2PP/1P2PPB1/3R1K1R w - - 0 23	0.327724
r1k5/pp4p1/2q2nNp/5p2/Pb1p1B2/3P2PP/1Pb1PP2/2R2K1R w - - 2 25	0.327396
r1k5/pp4p1/2q2nNp/5p2/1b1p1B2/3P2PP/1Pb1PPK1/2R4R w - - 2 27	0.322306
r1k5/1p4p1/2q2nNp/5p2/pb1p1B2/3P1PPP/1Pb1P1K1/2R2R2 w - - 0 29	0.326097
r7/1p1kN1p1/2q2n1p/4Bp2/p2p4/3P1PPP/1PbbP1K1/2R2R2 w - - 4 31	0.508746
r7/1p4p1/2k2n1p/4Bp2/p2p4/3P1PPP/1Pb1P1K1/2R5 w - - 0 33	0.539053
r7/1p4p1/5B1p/3k1p2/p7/3b1PPP/1P2P1K1/2R5 w - - 0 35	0.539053
r7/1pR3B1/7p/3k1p2/8/p4PPP/1P2b1K1/8 w - - 0 37	0.521819
r1b1k1nr/p1pp2pp/np6/4p3/4R3/N4P2/1PPP2P1/R1BQK1N1 w Qkq - 0 9	0.957450
r1b1k2r/p1ppn1pp/1p6/2n1R3/2N5/5P2/1PPP2P1/R1BQK1N1 w Qkq - 3 11	0.954439
r3k2r/pbp1n1pp/1p6/2npR3/2NP4/5P2/1PP1N1P1/R1BQK3 w Qkq - 0 13	0.967843
r3k1r1/1bp1n1pp/1p6/2npR3/3P4/4BP2/1PP1N1P1/R2QK3 w Qq - 0 15	0.963871
b3k1r1/2p1n1pp/8/1pPpR3/8/4BP2/1PP1N1P1/3QK3 w - - 0 17	0.983296
6r1/2p1nkpp/2b5/1pPpR3/6Q1/4BP2/1PP1N1P1/4K3 w - - 4 19	0.999724
rnbqkbnr/pppp1ppp/8/8/3Pp3/2P4N/PP2PPPP/RNBQKB1R b KQkq - 0 3	0.503437
r1bqkb1r/pppp1ppp/2n2n2/6N1/3PpB2/2P5/PP2PPPP/RN1QKB1R b KQkq - 4 5	0.482218
r2qkb1r/ppp2ppp/2n2n2/3p2N1/3PpBb1/2P5/PP1NPPPP/2RQKB1R b Kkq - 3 7	0.467989
r3k2r/ppp2ppp/2nq1n2/3p2N1/3Pp1b1/2P4P/PP1NPPP1/2RQKB1R b Kkq - 0 9	0.490317
r4rk1/ppp2ppp/2nq1n2/3p1bN1/3Pp3/2P1P2P/PP1NBPP1/2RQK2R b K - 2 11	0.466454
4rrk1/1pp2ppp/p1nq1n2/3p1bN1/3Pp3/2P1P2P/PP1NBPP1/2RQR1K1 b - - 1 13	0.464614
3r1rk1/2p2ppp/p1nq1n2/1p1p1bN1/3Pp3/2P1P2P/PPQNBPP1/3RR1K1 b - - 3 15	0.469527
3rr1k1/2p2ppN/p1nq1n1p/1p1p1b2/3Pp3/P1P1P2P/1PQNBPP1/3RR1K1 b - - 1 17	0.388189
3rr1k1/2p2pp1/p1nq1n1p/1p1p1b2/3Pp3/P1P1P2P/1PQNBPP1/3RR1K1 b - - 3 19	0.382270
3rr1k1/2p2pp1/p1nq1n1p/1p1p1b2/PP1Pp3/2P1P2P/2QNBPP1/3RR1K1 b - - 0 21	0.385456
3rr1k1/2p2pp1/p1nq1n1p/Pp1p1b2/1P1Pp3/1NP1P2P/2Q1BPP1/3RR1K1 b - - 2 23	0.391716
3rr2k/2p2pp1/N1nqbn1p/Pp1p4/1P1Pp3/2P1P2P/2Q1BPP1/3RR1K1 b - - 0 25	0.413421
3rr2k/2p2pp1/2nqbn1p/1BNp4/1P1Pp3/2P1P2P/2Q2PP1/3RR1K1 b - - 2 27	0.420651
3rr1k1/2p2pp1/2q1bn1p/2Np4/1P1Pp3/2P1P2P/4QPP1/3RR1K1 b - - 1 29	0.420370
3rr1k1/2p2pp1/3q1n1p/1PNp1b2/3Pp3/2P1P2P/2Q2PP1/3RR1K1 b - - 2 31	0.417852
rnbqkbnr/pp1pp1pp/8/2p2p2/4PP2/8/PPPP2PP/RNBQKBNR w KQkq - 0 3	0.768715
rnbqkbnr/pp2p1pp/3p4/2p5/4NP2/8/PPPP2PP/R1BQKBNR w KQkq - 0 5	0.777390
rnbqkb1r/pp4pp/3p1p2/2p5/5P2/5N2/PPPP2PP/R1BQKB1R w KQkq - 0 7	0.771509
r2qkb1r/pp1n2pp/3p1p2/2p5/5P2/5N2/PPPP2PP/R1BQK2R w KQkq - 0 9	0.767160
2rqk2r/pp1nb1pp/3p1p2/2p5/5P2/5N2/PPPP2PP/R1BQR1K1 w k - 4 11	0.761554
2rqkr2/pp2b1pp/1n1pQp2/2p5/5P2/5N2/PPPP2PP/R1B1R1K1 w - - 8 13	0.787832
2rqkr2/pp2b1pp/1n2Qp2/3p4/2pP1P2/4BN2/PPP3PP/R3R1K1 w - - 0 15	0.785386
3qkr2/pp2b1pp/1n2Qp2/3p4/3P1P2/2r1BN2/P1P3PP/3RR1K1 w - - 0 17	0.774608
3qkr2/pp2b1pp/4Q3/3p1p2/2nP1P2/2r2N2/P1P1RBPP/3R2K1 w - - 0 19	0.774917
3qk3/pp2brp1/6Qp/3pNp2/2nP1P2/2r5/P1P1RBPP/3R2K1 w - - 2 21	0.999724
rnbq1knr/pp1pp1p1/2p5/8/8/3p4/PPP2PPP/RNBQKB1R w KQ - 0 7	0.522439
rnb2k1r/ppqpp1p1/2p2n2/8/8/3B4/PPP2PPP/RNBQ1RK1 w - - 3 9	0.528007
rn3k1r/ppq1p1p1/2p1bn2/3p4/8/2NB3P/PPP2PP1/R1BQ1RK1 w - - 2 11	0.541488
r4k1r/ppq1p1p1/2p1bnB1/3pn3/8/2N1B2P/PPP2PP1/R2Q1RK1 w - - 6 13	0.520889
3r2kr/ppq1p1p1/2p1bnB1/3pn3/5B2/2N4P/PPP2PP1/2RQ1RK1 w - - 10 15	0.543915
3r2k1/ppqnp1p1/2p1b1B1/3pn3/5B1r/P1N4P/1PP2PP1/2RQR1K1 w - - 1 17	0.543915
3r2k1/ppqnp1p1/2p1b1B1/3p4/3Q1r2/P1N2P1P/1PP2P2/2R1R1K1 w - - 0 19	0.487199
1r4k1/1pq1p1p1/2p1b1B1/3pn3/5r2/P1N2P1P/1PP2P2/2R1R1K1 w - - 0 21	0.288105
1r2B1k1/1pq1p1p1/2p1b3/3pn3/8/P1N4r/1PP2P2/2R1R2K w - - 0 23	0.262605
4r1k1/1pq1p1p1/2p1b3/4n3/3p4/P1N4r/1PP2PK1/2R1R3 w - - 0 25	0.260495
4r1k1/1pq1p1p1/2p1b3/8/8/P2n3r/1P2NPK1/2R1R3 w - - 0 27	0.259171
4r1k1/1p2p1p1/2pqb3/8/8/P5Nr/1P3PK1/4R3 w - - 1 29	0.258668
4r1k1/1p2p1p1/2p1R3/8/3q4/P5r1/1P3P2/6K1 w - - 0 31	0.258375
4r3/1p2pkp1/2p1R3/8/P4q2/6r1/1P3P2/5K2 w - - 1 33	0.257953
4r3/1p2pkp1/2p5/8/q7/5r2/1P2RP2/5K2 w - - 0 35	0.256760
r1bqkb1r/1pppnp1p/p6p/4Q3/2P5/P4P2/1P4PP/RN2KBNR w KQkq - 0 8	0.880439
r1b1kb2/1ppp1p1Q/p6p/5n2/2P4q/P4P2/1P4PP/RN2KBNR w KQq - 1 10	0.853929
r1b1kb2/1ppp1p1Q/p6p/8/2n4q/P4P2/1P2K1PP/RN3BNR w q - 0 12	0.844452
r1b1kb2/1ppp1p1Q/p6p/3N4/2q5/P4P2/1n2K1PP/R4BNR w q - 2 14	0.751250
r1bk1b2/1ppp1p1Q/p6p/3q4/8/P4P2/1n3KPP/4RBNR w - - 2 16	0.776154
r1bk4/1ppp1p1Q/p6p/2bq4/2n5/P4P1N/6PP/4RBKR w - - 6 18	0.759371
1rbk4/1ppp1p1Q/p6p/3q4/2n5/P4P2/5KPP/4RB1R w - - 1 20	0.999724
rnbqkbnr/ppp2ppp/3p4/8/2P1p3/3PP2N/PP3PPP/RNBQKB1R b KQkq - 1 4	0.481596
rn1qkb1r/ppp2ppp/3p1n2/8/2P1p3/2NPP2P/PP3P1P/R1BQKB1R b KQkq - 2 6	0.496250
rn2kb1r/ppp1qppp/3p1n2/8/2P5/2NQP2P/PP3PBP/R1B1K2R b KQkq - 0 8	0.506561
2kr1b1r/ppp1qppp/2np1n2/5Q2/2P5/2N1P2P/PP3PBP/R1B2RK1 b - - 4 10	0.496875
2kr1b1r/ppp3pp/2Bppn2/8/2P5/2N1P2P/PP3P1P/R1B2RK1 b - - 0 12	0.507498
2kr1b1r/p1p3pp/2p1pn2/3P4/8/2N1P2P/PP1B1P1P/R4RK1 b - - 0 14	0.494688
2kr3r/p1p3pp/3bpn2/1N1p4/8/4P2P/PP1B1P1P/3R1RK1 b - - 3 16	0.491254
3rr3/1kp3pp/3bpn2/1N1p4/8/4P2P/PP1B1P1P/3R1RK1 b - - 2 18	0.510931
4r3/1kp3pp/3rp3/3p4/1B2n3/4P2P/PP3P1P/3R1RK1 b - - 1 20	0.514671
4r3/1k4pp/3rp3/2pp4/8/2P1P2P/P4P1P/3R1RK1 b - - 0 22	0.513736
4r3/6pp/2krp3/3p4/P1p5/2P1P2P/5P1P/1R3RK1 b - - 0 24	0.514671
r7/3r2pp/2k1p3/3p4/PRp5/2P1P2P/5P1P/3R2K1 b - - 4 26	0.515605
2r5/5rpp/2k1p3/P2p4/1Rp5/2P1P2P/5PKP/3R4 b - - 0 28	0.531703
5r2/5rpp/1R2p3/P1kp4/2p2P2/2P1P2P/6KP/3R4 b - - 0 30	0.518093
8/5rpp/4R3/r1kR4/2p2P2/2P1P2P/6KP/8 b - - 0 32	0.546333
rnbqk1nr/ppp2ppp/8/3p4/2BQP3/8/PPP2PPP/RNB1K2R w KQkq - 0 7	0.584648
rnb1k2r/ppp2p1p/5n2/3p4/2B1P3/8/PPP2PPP/RNB1K2R w KQkq - 0 9	0.570246
r3k2r/ppp2p1p/2n1bn2/3B4/4P3/2N5/PPP2PPP/R1B1K2R w KQkq - 3 11	0.589589
r4rk1/ppp2p1p/2n1b3/3n4/4P3/2N1B3/PPP2PPP/R4RK1 w - - 0 13	0.640799
r4rk1/ppp2p1p/2b5/8/8/2N1B3/PPP2PPP/R4RK1 w - - 0 15	0.643338
r5k1/ppp2p1p/2b5/8/5B2/2N5/PPP2PPP/3r1RK1 w - - 0 17	0.641862
2r3k1/ppp2p1p/8/3b4/5B2/8/PPP2PPP/3R2K1 w - - 0 19	0.646450
2r5/pppR1p1p/6k1/8/5B2/8/PPP2PPP/6K1 w - - 3 21	0.662817
2r5/ppBR1p2/5k2/7p/7P/8/PPP2PP1/6K1 w - - 1 23	0.663535
8/pp1R1p2/5k2/7p/7P/4B3/PPr2PP1/6K1 w - - 0 25	0.664602
8/pR3p2/8/5k1p/3B3P/8/PP3PP1/2r3K1 w - - 1 27	0.670454
8/BR3p2/8/7p/4k2P/8/PP3PPK/r7 w - - 1 29	0.675344
8/B3Rp2/8/3k3p/7P/P7/1P3PPK/1r6 w - - 1 31	0.677848
8/5R2/4k3/7p/7P/P3B3/1r3PPK/8 w - - 1 33	0.678157
8/2R5/4k3/7p/5B1P/P7/1r3PPK/8 w - - 5 35	0.678157
rnbqk2r/ppp2ppp/3b3n/8/3P4/6P1/PPP1P2P/RNBQKBNR b KQkq - 0 5	0.504687
rnbq1rk1/ppp2ppp/3b4/8/3P2n1/2N2NP1/PPP1P2P/R1BQKB1R b KQ - 4 7	0.490629
r1bq1rk1/ppp2ppN/3b4/8/3n2n1/2N3P1/PPP1P2P/R1BQKB1R b KQ - 0 9	0.430042
r2q1Nk1/ppp2pp1/3b4/5b2/6n1/2N3P1/PPQ1P2P/R1B1KB1R b KQ - 0 11	0.405013
r2q1Nk1/ppp2pp1/3b4/8/5B2/2N3PB/PPb1P2n/R3K2R b KQ - 1 13	0.417573
r5k1/pppN1pp1/3b4/8/3q1B2/2N3PB/PPb1P2R/R3K3 b Q - 0 15	0.389442
r5k1/pppN1pp1/8/8/5b2/2N3PB/PPK1P2R/R5q1 b - - 0 17	0.389442
r5k1/ppp2pp1/8/2N5/5P2/2N4q/PPK1P3/R7 b - - 1 19	0.384471
3r2k1/ppp2pp1/8/5q2/5P2/2NN4/PPK1P3/3R4 b - - 5 21	0.392479
3r2k1/ppp2pp1/8/5q2/5P2/1PNNP3/P1K5/3R4 b - - 0 23	0.391716
3r2k1/ppp2pp1/8/4N3/5P2/1PN1P3/P5q1/2KR4 b - - 4 25	0.389442
6k1/ppp2pp1/8/3NN3/5P2/1P2P3/Pq6/3K4 b - - 2 27	0.375574
6k1/ppN2pp1/8/4N3/5P2/1q2P3/3K4/8 b - - 1 29	0.364630
6k1/pp3pp1/8/1N2N3/4qP2/4P3/4K3/8 b - - 5 31	0.359843
6k1/1p3pp1/3N4/p3N3/5P2/4P3/6q1/4K3 b - - 3 33	0.365738
rnb4r/p1pkbppp/1p3n2/3q4/8/3P4/PPP2PPP/RNB1KBNR w KQ - 0 8	0.059601
rnb1k2r/p1p2ppp/1p3n2/3q4/1b6/2NP1N2/PPP2PPP/R1B1KB1R w KQ - 4 10	0.062961
r1b1k2r/p1p2ppp/1pn2n2/7q/1b6/2NP1N2/PPPB1PPP/2KR1B1R w - - 8 12	0.063099
3rk2r/p1p2ppp/1pn1bn2/7q/1b6/2NP1N2/PPPBBPPP/2KRR3 w - - 12 14	0.069417
3rkr2/p1p2ppp/1pn1bn2/6N1/1b6/2NP4/PPPBBPPq/1K1RR3 w - - 0 16	0.051932
3rkr2/p1p3pp/1p2pn2/8/1b1n4/2NP1B2/PPPB1PPq/1K1RR3 w - - 2 18	0.052049
2r1kr2/p5pp/1pp1pn2/8/1b1n4/2NP4/PPPB1PPq/1K1RR3 w - - 0 20	0.019724
2r1kr2/p5pp/1pp1p3/8/1n1n4/3P4/PPP2PPq/1K1RR3 w - - 0 22	0.011801
2r2r2/p4kpp/1pp1n3/8/1n6/3P4/PPP2PPq/1K2R3 w - - 2 24	0.003184
